{"type": "FeatureCollection", "name": "basins_gauge", "crs": {"type": "name", "properties": {"name": "urn:ogc:def:crs:OGC:1.3:CRS84"}}, "features": [{"type": "Feature", "properties": {"id": "309131289919030", "name": "大正橋（たいしょうばし）", "track": "gauge", "area_km2": 57.86, "n_rain_in": 2, "n_amedas_in": 1}, "geometry": {"type": "Polygon", "coordinates": [[[130.86111111111111, 31.485], [130.85333333333332, 31.484444444444446], [130.84777777777776, 31.4725], [130.83972222222224, 31.47388888888889], [130.83416666666668, 31.465555555555557], [130.82194444444445, 31.45888888888889], [130.82083333333333, 31.439444444444444], [130.82805555555555, 31.42222222222222], [130.81944444444446, 31.415277777777778], [130.81916666666666, 31.40861111111111], [130.81222222222223, 31.407777777777778], [130.80916666666667, 31.400277777777777], [130.81805555555556, 31.38722222222222], [130.8175, 31.381666666666668], [130.8238888888889, 31.380833333333335], [130.8275, 31.365], [130.8386111111111, 31.366666666666667], [130.85611111111112, 31.361666666666668], [130.86777777777777, 31.36611111111111], [130.8725, 31.361944444444443], [130.87777777777777, 31.365555555555556], [130.8838888888889, 31.364722222222223], [130.88444444444445, 31.370277777777776], [130.87277777777777, 31.377222222222223], [130.8661111111111, 31.39], [130.865, 31.399444444444445], [130.87194444444444, 31.425555555555555], [130.86583333333334, 31.438333333333333], [130.8738888888889, 31.454444444444444], [130.8711111111111, 31.461666666666666], [130.87472222222223, 31.470555555555556], [130.86111111111111, 31.485]]]}}, {"type": "Feature", "properties": {"id": "309131289919050", "name": "高良橋（たからばし）", "track": "gauge", "area_km2": 255.09, "n_rain_in": 7, "n_amedas_in": 1}, "geometry": {"type": "MultiPolygon", "coordinates": [[[[130.93944444444443, 31.329722222222223], [130.93972222222223, 31.33], [130.93972222222223, 31.329722222222223], [130.93944444444443, 31.329722222222223]]], [[[130.9361111111111, 31.333333333333332], [130.94027777777777, 31.323611111111113], [130.95916666666668, 31.31277777777778], [130.96055555555554, 31.306944444444444], [130.94333333333333, 31.299722222222222], [130.9411111111111, 31.29138888888889], [130.94583333333333, 31.28611111111111], [130.92805555555555, 31.274166666666666], [130.93277777777777, 31.261666666666667], [130.93166666666667, 31.253611111111113], [130.9386111111111, 31.246111111111112], [130.9361111111111, 31.233888888888888], [130.93194444444444, 31.230833333333333], [130.92638888888888, 31.227777777777778], [130.91694444444445, 31.230555555555554], [130.91194444444446, 31.238888888888887], [130.90444444444444, 31.24138888888889], [130.89944444444444, 31.251944444444444], [130.88166666666666, 31.24361111111111], [130.86555555555555, 31.24972222222222], [130.85666666666665, 31.258333333333333], [130.8513888888889, 31.256666666666668], [130.84083333333334, 31.261111111111113], [130.8311111111111, 31.29222222222222], [130.8372222222222, 31.299722222222222], [130.84416666666667, 31.302222222222223], [130.83138888888888, 31.31], [130.82583333333332, 31.310555555555556], [130.82305555555556, 31.307222222222222], [130.8136111111111, 31.310277777777777], [130.81277777777777, 31.330833333333334], [130.81583333333333, 31.345], [130.81333333333333, 31.350833333333334], [130.82055555555556, 31.353055555555557], [130.8238888888889, 31.35861111111111], [130.82583333333332, 31.376666666666665], [130.8227777777778, 31.377777777777776], [130.82305555555556, 31.381666666666668], [130.8175, 31.381666666666668], [130.81805555555556, 31.38722222222222], [130.80916666666667, 31.400833333333335], [130.81305555555556, 31.40861111111111], [130.81916666666666, 31.40861111111111], [130.81944444444446, 31.415277777777778], [130.82805555555555, 31.42222222222222], [130.82083333333333, 31.439444444444444], [130.82194444444445, 31.45888888888889], [130.83416666666668, 31.465555555555557], [130.83972222222224, 31.47388888888889], [130.84777777777776, 31.4725], [130.85333333333332, 31.484444444444446], [130.8636111111111, 31.48472222222222], [130.87, 31.47277777777778], [130.88472222222222, 31.464444444444446], [130.88722222222222, 31.45388888888889], [130.89305555555555, 31.447222222222223], [130.9013888888889, 31.449444444444445], [130.9125, 31.44527777777778], [130.91222222222223, 31.438333333333333], [130.92916666666667, 31.41611111111111], [130.9311111111111, 31.4], [130.93805555555556, 31.395], [130.93583333333333, 31.393055555555556], [130.94055555555556, 31.385555555555555], [130.93722222222223, 31.37388888888889], [130.94166666666666, 31.368333333333332], [130.94611111111112, 31.36861111111111], [130.95, 31.361944444444443], [130.94555555555556, 31.360555555555557], [130.9413888888889, 31.34888888888889], [130.93583333333333, 31.345555555555556], [130.9361111111111, 31.333333333333332]]]]}}, {"type": "Feature", "properties": {"id": "309131289919110", "name": "姶良橋（あいらばし）", "track": "gauge", "area_km2": 63.29, "n_rain_in": 1, "n_amedas_in": 0}, "geometry": {"type": "Polygon", "coordinates": [[[130.90222222222224, 31.34611111111111], [130.8947222222222, 31.342777777777776], [130.89277777777778, 31.33861111111111], [130.89416666666668, 31.329166666666666], [130.89166666666668, 31.32611111111111], [130.89416666666668, 31.324444444444445], [130.8947222222222, 31.313333333333333], [130.88972222222222, 31.309444444444445], [130.8936111111111, 31.303055555555556], [130.89222222222222, 31.297777777777778], [130.87222222222223, 31.293055555555554], [130.8661111111111, 31.294444444444444], [130.86222222222221, 31.299722222222222], [130.845, 31.302222222222223], [130.83694444444444, 31.299444444444443], [130.8311111111111, 31.29222222222222], [130.83138888888888, 31.28638888888889], [130.83833333333334, 31.275555555555556], [130.8361111111111, 31.27166666666667], [130.84194444444444, 31.26], [130.8513888888889, 31.256666666666668], [130.85666666666665, 31.258333333333333], [130.86555555555555, 31.24972222222222], [130.88166666666666, 31.24361111111111], [130.89944444444444, 31.251944444444444], [130.90444444444444, 31.24138888888889], [130.91194444444446, 31.238888888888887], [130.91694444444445, 31.230555555555554], [130.92638888888888, 31.227777777777778], [130.9361111111111, 31.233888888888888], [130.9386111111111, 31.244166666666665], [130.93166666666667, 31.253611111111113], [130.93277777777777, 31.261666666666667], [130.92805555555555, 31.274166666666666], [130.94583333333333, 31.28611111111111], [130.9411111111111, 31.29138888888889], [130.94416666666666, 31.297777777777778], [130.93666666666667, 31.30361111111111], [130.91944444444445, 31.301666666666666], [130.91472222222222, 31.30611111111111], [130.90972222222223, 31.313055555555554], [130.91166666666666, 31.317777777777778], [130.9011111111111, 31.333333333333332], [130.90222222222224, 31.34611111111111]]]}}, {"type": "Feature", "properties": {"id": "309011289902010", "name": "大隈（おおくま）", "track": "gauge", "area_km2": 41.6, "n_rain_in": 1, "n_amedas_in": 0}, "geometry": {"type": "Polygon", "coordinates": [[[130.73166666666665, 33.55444444444444], [130.72861111111112, 33.550555555555555], [130.73416666666665, 33.54333333333334], [130.73194444444445, 33.54194444444445], [130.73416666666665, 33.53861111111111], [130.73166666666665, 33.5275], [130.73444444444445, 33.522222222222226], [130.73194444444445, 33.50416666666667], [130.73944444444444, 33.49444444444445], [130.74027777777778, 33.48777777777778], [130.74805555555557, 33.48388888888889], [130.7552777777778, 33.48777777777778], [130.76611111111112, 33.48777777777778], [130.7861111111111, 33.48111111111111], [130.79111111111112, 33.471111111111114], [130.8072222222222, 33.4725], [130.81, 33.477777777777774], [130.8086111111111, 33.48388888888889], [130.81722222222223, 33.490833333333335], [130.80972222222223, 33.501666666666665], [130.81027777777777, 33.51], [130.80416666666667, 33.51138888888889], [130.80305555555555, 33.524166666666666], [130.79722222222222, 33.52527777777778], [130.78333333333333, 33.51722222222222], [130.7786111111111, 33.52], [130.77277777777778, 33.53527777777778], [130.76527777777778, 33.53666666666667], [130.75222222222223, 33.5525], [130.74444444444444, 33.55444444444444], [130.7375, 33.550555555555555], [130.73166666666665, 33.55444444444444]]]}}, {"type": "Feature", "properties": {"id": "309061289920050", "name": "栃野（とちの）", "track": "gauge", "area_km2": 63.38, "n_rain_in": 3, "n_amedas_in": 0}, "geometry": {"type": "Polygon", "coordinates": [[[130.90166666666667, 33.18944444444445], [130.88777777777779, 33.187222222222225], [130.8852777777778, 33.17611111111111], [130.87777777777777, 33.17444444444445], [130.8736111111111, 33.16861111111111], [130.87972222222223, 33.1525], [130.87055555555557, 33.14666666666667], [130.8661111111111, 33.126666666666665], [130.85972222222222, 33.12138888888889], [130.86138888888888, 33.117222222222225], [130.85333333333332, 33.10888888888889], [130.83972222222224, 33.10472222222222], [130.84, 33.099444444444444], [130.84527777777777, 33.094166666666666], [130.86194444444445, 33.09583333333333], [130.86694444444444, 33.090833333333336], [130.87694444444443, 33.091944444444444], [130.8875, 33.08638888888889], [130.89555555555555, 33.09777777777778], [130.9113888888889, 33.096666666666664], [130.91444444444446, 33.09888888888889], [130.91444444444446, 33.111666666666665], [130.92027777777778, 33.11833333333333], [130.92166666666665, 33.12611111111111], [130.9411111111111, 33.13027777777778], [130.94166666666666, 33.13638888888889], [130.95361111111112, 33.14666666666667], [130.95027777777779, 33.149166666666666], [130.95111111111112, 33.169444444444444], [130.9388888888889, 33.174166666666665], [130.92777777777778, 33.172222222222224], [130.9286111111111, 33.17777777777778], [130.92527777777778, 33.181111111111115], [130.90166666666667, 33.18944444444445]]]}}, {"type": "Feature", "properties": {"id": "309081289911140", "name": "城（じょう）", "track": "gauge", "area_km2": 108.3, "n_rain_in": 1, "n_amedas_in": 1}, "geometry": {"type": "Polygon", "coordinates": [[[130.6797222222222, 33.17138888888889], [130.6786111111111, 33.16416666666667], [130.66611111111112, 33.155], [130.66861111111112, 33.138333333333335], [130.66194444444446, 33.1325], [130.65972222222223, 33.115833333333335], [130.65444444444444, 33.11527777777778], [130.65472222222223, 33.11194444444445], [130.6652777777778, 33.108333333333334], [130.66722222222222, 33.10027777777778], [130.6563888888889, 33.09361111111111], [130.65027777777777, 33.081944444444446], [130.67027777777778, 33.069722222222225], [130.66472222222222, 33.062222222222225], [130.66805555555555, 33.0525], [130.67388888888888, 33.05083333333333], [130.67333333333335, 33.045], [130.67, 33.043055555555554], [130.6725, 33.04], [130.6875, 33.04194444444445], [130.69333333333333, 33.03888888888889], [130.70888888888888, 33.05694444444445], [130.72694444444446, 33.05083333333333], [130.7313888888889, 33.06111111111111], [130.74194444444444, 33.06361111111111], [130.73555555555555, 33.075], [130.73583333333335, 33.0875], [130.75, 33.0875], [130.75611111111112, 33.091944444444444], [130.76444444444445, 33.090555555555554], [130.79305555555555, 33.10611111111111], [130.81694444444443, 33.10472222222222], [130.8213888888889, 33.10861111111111], [130.81861111111112, 33.11416666666667], [130.80694444444444, 33.115833333333335], [130.7925, 33.12361111111111], [130.77055555555555, 33.12444444444444], [130.76333333333332, 33.132777777777775], [130.7575, 33.13166666666667], [130.7536111111111, 33.13777777777778], [130.7375, 33.145833333333336], [130.73277777777778, 33.154444444444444], [130.72194444444443, 33.151666666666664], [130.71194444444444, 33.15555555555556], [130.70777777777778, 33.15138888888889], [130.69722222222222, 33.153888888888886], [130.69222222222223, 33.15111111111111], [130.69222222222223, 33.16166666666667], [130.6797222222222, 33.17138888888889]]]}}, {"type": "Feature", "properties": {"id": "309191289913100", "name": "宮苑（みやぞの）", "track": "gauge", "area_km2": 53.2, "n_rain_in": 1, "n_amedas_in": 0}, "geometry": {"type": "Polygon", "coordinates": [[[131.42, 33.29194444444445], [131.4025, 33.278055555555554], [131.39694444444444, 33.28194444444444], [131.39277777777778, 33.28111111111111], [131.39416666666668, 33.26638888888889], [131.3975, 33.26222222222222], [131.41194444444446, 33.26722222222222], [131.4175, 33.26222222222222], [131.41861111111112, 33.25416666666667], [131.44166666666666, 33.242222222222225], [131.45388888888888, 33.220555555555556], [131.475, 33.219722222222224], [131.48777777777778, 33.213055555555556], [131.5102777777778, 33.20805555555555], [131.52777777777777, 33.21361111111111], [131.53027777777777, 33.217777777777776], [131.54361111111112, 33.21388888888889], [131.55277777777778, 33.21611111111111], [131.54833333333335, 33.225833333333334], [131.53722222222223, 33.23444444444444], [131.52777777777777, 33.250277777777775], [131.52416666666667, 33.251666666666665], [131.5211111111111, 33.24777777777778], [131.51416666666665, 33.24777777777778], [131.51111111111112, 33.25194444444445], [131.50416666666666, 33.24916666666667], [131.48444444444445, 33.25083333333333], [131.47055555555556, 33.25805555555556], [131.46083333333334, 33.26861111111111], [131.45277777777778, 33.27111111111111], [131.44333333333333, 33.269444444444446], [131.4286111111111, 33.28138888888889], [131.43, 33.28638888888889], [131.42, 33.29194444444445]]]}}, {"type": "Feature", "properties": {"id": "308011288805013", "name": "玉谷橋（たまたにばし）", "track": "gauge", "area_km2": 57.43, "n_rain_in": 2, "n_amedas_in": 0}, "geometry": {"type": "Polygon", "coordinates": [[[132.88444444444445, 33.951388888888886], [132.88, 33.948055555555555], [132.8686111111111, 33.9475], [132.8461111111111, 33.93638888888889], [132.84694444444443, 33.92444444444445], [132.84305555555557, 33.91916666666667], [132.8461111111111, 33.91416666666667], [132.8375, 33.90472222222222], [132.84027777777777, 33.89861111111111], [132.8438888888889, 33.89944444444444], [132.84527777777777, 33.89527777777778], [132.8502777777778, 33.89361111111111], [132.8486111111111, 33.88666666666666], [132.8525, 33.87444444444444], [132.8502777777778, 33.86611111111111], [132.84555555555556, 33.867222222222225], [132.8425, 33.86388888888889], [132.8438888888889, 33.85611111111111], [132.8552777777778, 33.85722222222222], [132.85861111111112, 33.8525], [132.86527777777778, 33.855555555555554], [132.8672222222222, 33.84722222222222], [132.8763888888889, 33.8425], [132.8813888888889, 33.8425], [132.88444444444445, 33.8475], [132.87583333333333, 33.863055555555555], [132.88166666666666, 33.87166666666667], [132.8802777777778, 33.875277777777775], [132.89694444444444, 33.888333333333335], [132.9177777777778, 33.89416666666666], [132.92527777777778, 33.905277777777776], [132.92694444444444, 33.91361111111111], [132.92472222222221, 33.929722222222225], [132.92027777777778, 33.93694444444444], [132.91055555555556, 33.937777777777775], [132.90194444444444, 33.945277777777775], [132.88444444444445, 33.951388888888886]], [[132.87416666666667, 33.84444444444444], [132.87444444444444, 33.844722222222224], [132.87444444444444, 33.84444444444444], [132.87416666666667, 33.84444444444444]]]}}, {"type": "Feature", "properties": {"id": "308011288805014", "name": "五明川（ごみょうがわ）", "track": "gauge", "area_km2": 11.06, "n_rain_in": 1, "n_amedas_in": 0}, "geometry": {"type": "Polygon", "coordinates": [[[132.83083333333335, 33.933055555555555], [132.82527777777779, 33.92861111111111], [132.81805555555556, 33.92916666666667], [132.81833333333333, 33.92388888888889], [132.8138888888889, 33.92166666666667], [132.8138888888889, 33.91833333333334], [132.81027777777777, 33.91833333333334], [132.80638888888888, 33.91027777777778], [132.80583333333334, 33.90638888888889], [132.81972222222223, 33.89194444444445], [132.82666666666665, 33.89111111111111], [132.83194444444445, 33.89805555555556], [132.83694444444444, 33.899166666666666], [132.83777777777777, 33.9075], [132.8461111111111, 33.91416666666667], [132.84305555555557, 33.91722222222222], [132.84694444444443, 33.92444444444445], [132.8461111111111, 33.931111111111115], [132.83083333333335, 33.933055555555555]]]}}, {"type": "Feature", "properties": {"id": "308021288806006", "name": "内子（うちこ）", "track": "gauge", "area_km2": 322.69, "n_rain_in": 6, "n_amedas_in": 0}, "geometry": {"type": "MultiPolygon", "coordinates": [[[[132.8347222222222, 33.54472222222222], [132.83444444444444, 33.544444444444444], [132.83444444444444, 33.54472222222222], [132.8347222222222, 33.54472222222222]]], [[[132.8425, 33.55027777777778], [132.82638888888889, 33.5425], [132.8177777777778, 33.54944444444445], [132.81555555555556, 33.54527777777778], [132.80194444444444, 33.543055555555554], [132.80027777777778, 33.535555555555554], [132.79, 33.52861111111111], [132.7838888888889, 33.52972222222222], [132.77583333333334, 33.54055555555556], [132.76222222222222, 33.540277777777774], [132.75722222222223, 33.5475], [132.7425, 33.55083333333334], [132.73222222222222, 33.54555555555555], [132.73194444444445, 33.54083333333333], [132.71777777777777, 33.53888888888889], [132.70166666666665, 33.54], [132.69694444444445, 33.54611111111111], [132.68166666666667, 33.545833333333334], [132.66944444444445, 33.550555555555555], [132.655, 33.54944444444445], [132.6436111111111, 33.56388888888889], [132.6425, 33.57361111111111], [132.63583333333332, 33.57277777777778], [132.63194444444446, 33.575833333333335], [132.62972222222223, 33.583888888888886], [132.62333333333333, 33.589166666666664], [132.62333333333333, 33.59444444444444], [132.6161111111111, 33.598055555555554], [132.61416666666668, 33.613055555555555], [132.6052777777778, 33.619166666666665], [132.6025, 33.6275], [132.61916666666667, 33.65027777777778], [132.62972222222223, 33.649166666666666], [132.63361111111112, 33.653333333333336], [132.64944444444444, 33.655], [132.65944444444443, 33.64833333333333], [132.6663888888889, 33.6475], [132.67805555555555, 33.65138888888889], [132.68277777777777, 33.656666666666666], [132.68944444444443, 33.655], [132.69194444444443, 33.65833333333333], [132.68777777777777, 33.66722222222222], [132.68972222222223, 33.67166666666667], [132.68555555555557, 33.67333333333333], [132.68527777777777, 33.678333333333335], [132.68916666666667, 33.67777777777778], [132.69333333333333, 33.68222222222222], [132.6988888888889, 33.67805555555555], [132.70416666666668, 33.681111111111115], [132.71666666666667, 33.70166666666667], [132.72305555555556, 33.70583333333333], [132.73694444444445, 33.6975], [132.74083333333334, 33.70055555555555], [132.7563888888889, 33.699444444444445], [132.76666666666668, 33.705], [132.77694444444444, 33.69888888888889], [132.78277777777777, 33.68388888888889], [132.7938888888889, 33.681111111111115], [132.80805555555557, 33.6875], [132.8213888888889, 33.684444444444445], [132.82166666666666, 33.67666666666667], [132.82555555555555, 33.670833333333334], [132.83555555555554, 33.66694444444445], [132.83138888888888, 33.657222222222224], [132.83555555555554, 33.65083333333333], [132.8311111111111, 33.64138888888889], [132.8375, 33.64055555555556], [132.84527777777777, 33.63388888888889], [132.85083333333333, 33.63444444444445], [132.8575, 33.61972222222222], [132.8513888888889, 33.61], [132.84444444444443, 33.60722222222222], [132.84833333333333, 33.592777777777776], [132.86638888888888, 33.58861111111111], [132.88194444444446, 33.591388888888886], [132.8972222222222, 33.58833333333333], [132.8986111111111, 33.58027777777778], [132.9063888888889, 33.57527777777778], [132.89666666666668, 33.57055555555556], [132.8936111111111, 33.56361111111111], [132.88472222222222, 33.55833333333333], [132.87, 33.55416666666667], [132.86138888888888, 33.556111111111115], [132.8552777777778, 33.5525], [132.85555555555555, 33.54805555555556], [132.8425, 33.55027777777778]]], [[[132.68527777777777, 33.672777777777775], [132.685, 33.67305555555556], [132.68527777777777, 33.67305555555556], [132.68527777777777, 33.672777777777775]]], [[[132.68527777777777, 33.67333333333333], [132.68555555555557, 33.67305555555556], [132.68527777777777, 33.67305555555556], [132.68527777777777, 33.67333333333333]]]]}}, {"type": "Feature", "properties": {"id": "308021288806008", "name": "新谷（にいや）", "track": "gauge", "area_km2": 56.84, "n_rain_in": 1, "n_amedas_in": 0}, "geometry": {"type": "Polygon", "coordinates": [[[132.57833333333335, 33.630833333333335], [132.57361111111112, 33.625277777777775], [132.5611111111111, 33.624722222222225], [132.5522222222222, 33.61222222222222], [132.5536111111111, 33.60583333333334], [132.56055555555557, 33.60194444444444], [132.56555555555556, 33.58833333333333], [132.575, 33.58], [132.57888888888888, 33.56194444444444], [132.5847222222222, 33.55972222222222], [132.5822222222222, 33.549166666666665], [132.58777777777777, 33.55], [132.59055555555557, 33.54388888888889], [132.59916666666666, 33.53805555555556], [132.59777777777776, 33.535555555555554], [132.6052777777778, 33.532222222222224], [132.6063888888889, 33.51972222222222], [132.63361111111112, 33.5175], [132.64333333333335, 33.526944444444446], [132.645, 33.533611111111114], [132.6425, 33.54638888888889], [132.63833333333332, 33.547777777777775], [132.63972222222222, 33.551944444444445], [132.63416666666666, 33.55777777777778], [132.6327777777778, 33.56777777777778], [132.6352777777778, 33.57416666666666], [132.63194444444446, 33.575833333333335], [132.62972222222223, 33.583888888888886], [132.62527777777777, 33.585277777777776], [132.62333333333333, 33.59444444444444], [132.6161111111111, 33.598055555555554], [132.61416666666668, 33.613055555555555], [132.6052777777778, 33.621944444444445], [132.57833333333335, 33.630833333333335]]]}}, {"type": "Feature", "properties": {"id": "308021288807002", "name": "河久保橋（かわくぼばし）", "track": "gauge", "area_km2": 44.74, "n_rain_in": 1, "n_amedas_in": 0}, "geometry": {"type": "Polygon", "coordinates": [[[132.8177777777778, 33.54944444444445], [132.81555555555556, 33.54527777777778], [132.80194444444444, 33.543055555555554], [132.80138888888888, 33.536944444444444], [132.79055555555556, 33.52861111111111], [132.7838888888889, 33.52972222222222], [132.77694444444444, 33.54], [132.76916666666668, 33.54083333333333], [132.76416666666665, 33.533611111111114], [132.75583333333333, 33.532222222222224], [132.7511111111111, 33.525555555555556], [132.7288888888889, 33.520833333333336], [132.72, 33.51111111111111], [132.73472222222222, 33.495555555555555], [132.75444444444443, 33.48277777777778], [132.76361111111112, 33.48583333333333], [132.77583333333334, 33.483333333333334], [132.80333333333334, 33.49777777777778], [132.80555555555554, 33.50416666666667], [132.8125, 33.50694444444444], [132.82861111111112, 33.50666666666667], [132.8322222222222, 33.51027777777778], [132.83388888888888, 33.51888888888889], [132.83944444444444, 33.5225], [132.83166666666668, 33.535], [132.82527777777779, 33.5375], [132.82694444444445, 33.5425], [132.8177777777778, 33.54944444444445]]]}}, {"type": "Feature", "properties": {"id": "308021288807005", "name": "舟戸川（ふなとがわ）", "track": "gauge", "area_km2": 59.08, "n_rain_in": 1, "n_amedas_in": 0}, "geometry": {"type": "Polygon", "coordinates": [[[132.83972222222224, 33.52194444444444], [132.83388888888888, 33.51888888888889], [132.82944444444445, 33.50694444444444], [132.8113888888889, 33.50666666666667], [132.805, 33.50361111111111], [132.80333333333334, 33.49777777777778], [132.77583333333334, 33.483333333333334], [132.76361111111112, 33.48583333333333], [132.75416666666666, 33.48277777777778], [132.7513888888889, 33.47027777777778], [132.73388888888888, 33.468333333333334], [132.73, 33.45861111111111], [132.71305555555554, 33.45055555555555], [132.71527777777777, 33.443333333333335], [132.71305555555554, 33.43083333333333], [132.73888888888888, 33.42861111111111], [132.7386111111111, 33.43666666666667], [132.7461111111111, 33.439166666666665], [132.75722222222223, 33.43694444444444], [132.76583333333335, 33.445], [132.79, 33.44777777777778], [132.80083333333334, 33.459722222222226], [132.8088888888889, 33.46055555555556], [132.8113888888889, 33.46611111111111], [132.8188888888889, 33.46611111111111], [132.82083333333333, 33.47277777777778], [132.8375, 33.47361111111111], [132.84555555555556, 33.47944444444445], [132.86527777777778, 33.47222222222222], [132.87666666666667, 33.471666666666664], [132.8786111111111, 33.47833333333333], [132.8697222222222, 33.48888888888889], [132.86388888888888, 33.49111111111111], [132.86583333333334, 33.50416666666667], [132.84666666666666, 33.51138888888889], [132.84472222222223, 33.52], [132.83972222222224, 33.52194444444444]]]}}, {"type": "Feature", "properties": {"id": "308021288812003", "name": "四郎谷（しろうだに）", "track": "gauge", "area_km2": 37.97, "n_rain_in": 1, "n_amedas_in": 0}, "geometry": {"type": "Polygon", "coordinates": [[[132.5725, 33.45361111111111], [132.5636111111111, 33.44638888888889], [132.56416666666667, 33.44305555555555], [132.55333333333334, 33.43666666666667], [132.55555555555554, 33.42777777777778], [132.55277777777778, 33.42333333333333], [132.5572222222222, 33.41972222222222], [132.55583333333334, 33.409444444444446], [132.56, 33.39472222222222], [132.55416666666667, 33.378055555555555], [132.5586111111111, 33.37083333333333], [132.56916666666666, 33.36527777777778], [132.57805555555555, 33.369166666666665], [132.59083333333334, 33.36527777777778], [132.5975, 33.37555555555556], [132.60444444444445, 33.37277777777778], [132.61833333333334, 33.37861111111111], [132.62083333333334, 33.38666666666667], [132.61555555555555, 33.39833333333333], [132.60222222222222, 33.405833333333334], [132.5975, 33.431111111111115], [132.5938888888889, 33.435], [132.59027777777777, 33.434444444444445], [132.5725, 33.45361111111111]]]}}, {"type": "Feature", "properties": {"id": "308041288808070", "name": "下八川（しもやかわ）", "track": "gauge", "area_km2": 158.51, "n_rain_in": 4, "n_amedas_in": 0}, "geometry": {"type": "Polygon", "coordinates": [[[133.36416666666668, 33.72833333333333], [133.32361111111112, 33.71722222222222], [133.3175, 33.70666666666666], [133.32111111111112, 33.70361111111111], [133.31916666666666, 33.69861111111111], [133.2836111111111, 33.67861111111111], [133.22666666666666, 33.68222222222222], [133.22972222222222, 33.675], [133.22583333333333, 33.660833333333336], [133.23055555555555, 33.65694444444444], [133.23444444444445, 33.63916666666667], [133.22194444444443, 33.63], [133.22666666666666, 33.60638888888889], [133.23805555555555, 33.60194444444444], [133.2463888888889, 33.60888888888889], [133.2563888888889, 33.609722222222224], [133.25694444444446, 33.60583333333334], [133.26944444444445, 33.594166666666666], [133.2775, 33.595], [133.28027777777777, 33.60166666666667], [133.29694444444445, 33.60472222222222], [133.30444444444444, 33.609722222222224], [133.32888888888888, 33.605], [133.33, 33.61555555555555], [133.33944444444444, 33.62], [133.34083333333334, 33.62583333333333], [133.35333333333332, 33.62833333333333], [133.3647222222222, 33.63722222222222], [133.38083333333333, 33.638888888888886], [133.38694444444445, 33.6425], [133.39444444444445, 33.63944444444444], [133.39916666666667, 33.6425], [133.40055555555554, 33.65083333333333], [133.41222222222223, 33.660555555555554], [133.45027777777779, 33.67305555555556], [133.44611111111112, 33.68555555555555], [133.435, 33.693888888888885], [133.3975, 33.680277777777775], [133.39916666666667, 33.6975], [133.39333333333335, 33.70166666666667], [133.38305555555556, 33.70305555555556], [133.385, 33.7075], [133.38055555555556, 33.71388888888889], [133.36888888888888, 33.71861111111111], [133.3697222222222, 33.725833333333334], [133.36416666666668, 33.72833333333333]]]}}, {"type": "Feature", "properties": {"id": "307071287715080", "name": "仁保津（にほつ）", "track": "gauge", "area_km2": 22.37, "n_rain_in": 2, "n_amedas_in": 0}, "geometry": {"type": "Polygon", "coordinates": [[[131.75916666666666, 34.27361111111111], [131.75444444444443, 34.27166666666667], [131.75305555555556, 34.2625], [131.74555555555557, 34.260555555555555], [131.74138888888888, 34.255833333333335], [131.73944444444444, 34.24861111111111], [131.7447222222222, 34.244166666666665], [131.74416666666667, 34.238055555555555], [131.73638888888888, 34.22972222222222], [131.73694444444445, 34.22638888888889], [131.7486111111111, 34.221666666666664], [131.7538888888889, 34.21055555555556], [131.7625, 34.21], [131.77666666666667, 34.19694444444445], [131.78805555555556, 34.20666666666666], [131.7938888888889, 34.20527777777778], [131.79666666666665, 34.21944444444444], [131.77944444444444, 34.22083333333333], [131.77916666666667, 34.227777777777774], [131.77305555555554, 34.23722222222222], [131.7747222222222, 34.24138888888889], [131.77166666666668, 34.24527777777778], [131.775, 34.25138888888889], [131.77055555555555, 34.25666666666667], [131.77083333333334, 34.26361111111111], [131.76555555555555, 34.270833333333336], [131.75916666666666, 34.27361111111111]]]}}, {"type": "Feature", "properties": {"id": "307051287716010", "name": "川井（かわい）", "track": "gauge", "area_km2": 262.04, "n_rain_in": 4, "n_amedas_in": 1}, "geometry": {"type": "Polygon", "coordinates": [[[132.435, 34.82083333333333], [132.43277777777777, 34.8125], [132.42055555555555, 34.81361111111111], [132.42472222222221, 34.79888888888889], [132.41444444444446, 34.797777777777775], [132.39916666666667, 34.784444444444446], [132.39833333333334, 34.78], [132.38055555555556, 34.78638888888889], [132.375, 34.7775], [132.37444444444444, 34.76638888888889], [132.37833333333333, 34.76138888888889], [132.38666666666666, 34.760555555555555], [132.385, 34.75555555555555], [132.39194444444445, 34.7475], [132.3997222222222, 34.749722222222225], [132.3986111111111, 34.745555555555555], [132.40277777777777, 34.74166666666667], [132.4011111111111, 34.7325], [132.40583333333333, 34.72138888888889], [132.40305555555557, 34.71805555555556], [132.405, 34.71], [132.3986111111111, 34.70361111111111], [132.40333333333334, 34.69166666666667], [132.41416666666666, 34.694722222222225], [132.42361111111111, 34.69083333333333], [132.4413888888889, 34.691944444444445], [132.44916666666666, 34.68333333333333], [132.45583333333335, 34.68361111111111], [132.46166666666667, 34.67888888888889], [132.46972222222223, 34.68083333333333], [132.47083333333333, 34.67], [132.48388888888888, 34.659444444444446], [132.48111111111112, 34.655277777777776], [132.48416666666665, 34.65111111111111], [132.49138888888888, 34.65083333333333], [132.49166666666667, 34.6475], [132.48416666666665, 34.643055555555556], [132.485, 34.63527777777778], [132.48194444444445, 34.632222222222225], [132.49, 34.623333333333335], [132.47861111111112, 34.60805555555555], [132.49083333333334, 34.60666666666667], [132.49944444444444, 34.60111111111111], [132.50222222222223, 34.59444444444444], [132.50722222222223, 34.59444444444444], [132.51222222222222, 34.59638888888889], [132.51944444444445, 34.60638888888889], [132.52194444444444, 34.61222222222222], [132.51916666666668, 34.618611111111115], [132.52583333333334, 34.62222222222222], [132.52972222222223, 34.62888888888889], [132.54305555555555, 34.63638888888889], [132.55416666666667, 34.63805555555555], [132.5588888888889, 34.6425], [132.5636111111111, 34.65277777777778], [132.55805555555557, 34.66694444444445], [132.5677777777778, 34.670833333333334], [132.57083333333333, 34.67638888888889], [132.56472222222223, 34.68222222222222], [132.56472222222223, 34.68861111111111], [132.57722222222222, 34.695], [132.57583333333332, 34.70361111111111], [132.5886111111111, 34.71138888888889], [132.58833333333334, 34.716944444444444], [132.59333333333333, 34.72138888888889], [132.58666666666667, 34.73361111111111], [132.5913888888889, 34.73722222222222], [132.59027777777777, 34.745], [132.58277777777778, 34.74333333333333], [132.57611111111112, 34.74916666666667], [132.56722222222223, 34.74916666666667], [132.56694444444443, 34.76638888888889], [132.56972222222223, 34.77361111111111], [132.55055555555555, 34.78055555555556], [132.54944444444445, 34.78666666666667], [132.5388888888889, 34.79055555555556], [132.5375, 34.79527777777778], [132.52027777777778, 34.80388888888889], [132.51111111111112, 34.80138888888889], [132.50722222222223, 34.79611111111111], [132.49527777777777, 34.80138888888889], [132.48472222222222, 34.797222222222224], [132.46916666666667, 34.803333333333335], [132.45416666666668, 34.80083333333334], [132.45694444444445, 34.80722222222222], [132.435, 34.82083333333333]], [[132.39805555555554, 34.750277777777775], [132.39833333333334, 34.75055555555556], [132.39833333333334, 34.750277777777775], [132.39805555555554, 34.750277777777775]]]}}, {"type": "Feature", "properties": {"id": "306041286606440", "name": "芥川（あくたがわ）", "track": "gauge", "area_km2": 51.49, "n_rain_in": 1, "n_amedas_in": 0}, "geometry": {"type": "Polygon", "coordinates": [[[135.6225, 34.974444444444444], [135.60805555555555, 34.968333333333334], [135.60361111111112, 34.971111111111114], [135.59472222222223, 34.969722222222224], [135.58583333333334, 34.96277777777778], [135.58833333333334, 34.940555555555555], [135.58527777777778, 34.93527777777778], [135.5872222222222, 34.92888888888889], [135.58055555555555, 34.92472222222222], [135.58333333333334, 34.91777777777778], [135.5825, 34.90638888888889], [135.5713888888889, 34.89888888888889], [135.5702777777778, 34.89055555555556], [135.5661111111111, 34.88777777777778], [135.57527777777779, 34.881388888888885], [135.5675, 34.869166666666665], [135.56972222222223, 34.863055555555555], [135.57333333333332, 34.863055555555555], [135.58194444444445, 34.85138888888889], [135.58388888888888, 34.84361111111111], [135.59222222222223, 34.83722222222222], [135.60694444444445, 34.8375], [135.6147222222222, 34.8275], [135.61277777777778, 34.839166666666664], [135.61583333333334, 34.84972222222222], [135.60777777777778, 34.855555555555554], [135.61527777777778, 34.86833333333333], [135.61138888888888, 34.869166666666665], [135.61, 34.8825], [135.60416666666666, 34.88805555555555], [135.60805555555555, 34.901666666666664], [135.61277777777778, 34.905277777777776], [135.61527777777778, 34.92805555555555], [135.6236111111111, 34.93527777777778], [135.6302777777778, 34.935], [135.6325, 34.94277777777778], [135.63944444444445, 34.943333333333335], [135.6338888888889, 34.956944444444446], [135.63611111111112, 34.961666666666666], [135.63166666666666, 34.96194444444444], [135.62722222222223, 34.9725], [135.6225, 34.974444444444444]]]}}, {"type": "Feature", "properties": {"id": "305101285514010", "name": "亀山（かめやま）", "track": "gauge", "area_km2": 86.63, "n_rain_in": 3, "n_amedas_in": 0}, "geometry": {"type": "Polygon", "coordinates": [[[136.3725, 34.90555555555556], [136.36166666666668, 34.905], [136.3461111111111, 34.89472222222222], [136.3375, 34.895], [136.32666666666665, 34.888333333333335], [136.31916666666666, 34.889722222222225], [136.31333333333333, 34.886944444444445], [136.31333333333333, 34.88055555555555], [136.305, 34.874722222222225], [136.30166666666668, 34.87638888888889], [136.29333333333332, 34.870555555555555], [136.2836111111111, 34.87027777777778], [136.27777777777777, 34.85916666666667], [136.28416666666666, 34.85583333333334], [136.28166666666667, 34.84638888888889], [136.2875, 34.845555555555556], [136.29, 34.840833333333336], [136.28027777777777, 34.83694444444444], [136.27666666666667, 34.83027777777778], [136.27777777777777, 34.821666666666665], [136.26694444444445, 34.818888888888885], [136.26722222222222, 34.81583333333333], [136.27722222222224, 34.81055555555555], [136.2938888888889, 34.81305555555556], [136.31222222222223, 34.80694444444445], [136.3138888888889, 34.812777777777775], [136.3225, 34.8125], [136.3227777777778, 34.818888888888885], [136.32611111111112, 34.82194444444445], [136.33333333333334, 34.818333333333335], [136.3436111111111, 34.818333333333335], [136.3661111111111, 34.82277777777778], [136.365, 34.83722222222222], [136.36833333333334, 34.84444444444444], [136.38583333333332, 34.84], [136.39305555555555, 34.844166666666666], [136.40416666666667, 34.841944444444444], [136.42083333333332, 34.8475], [136.4386111111111, 34.846111111111114], [136.44555555555556, 34.85055555555556], [136.44194444444443, 34.85638888888889], [136.42, 34.85944444444444], [136.41416666666666, 34.86361111111111], [136.4163888888889, 34.868611111111115], [136.40444444444444, 34.867777777777775], [136.40805555555556, 34.873333333333335], [136.3961111111111, 34.876666666666665], [136.3827777777778, 34.89277777777778], [136.3761111111111, 34.89277777777778], [136.37666666666667, 34.900555555555556], [136.3725, 34.90555555555556]]]}}, {"type": "Feature", "properties": {"id": "305111285514070", "name": "下川原橋（しもがわらばし）", "track": "gauge", "area_km2": 25.81, "n_rain_in": 1, "n_amedas_in": 0}, "geometry": {"type": "Polygon", "coordinates": [[[136.42222222222222, 34.656666666666666], [136.41583333333332, 34.655277777777776], [136.4188888888889, 34.65], [136.41333333333333, 34.644444444444446], [136.3736111111111, 34.63305555555556], [136.3661111111111, 34.62361111111111], [136.36194444444445, 34.60888888888889], [136.34277777777777, 34.59777777777778], [136.3475, 34.5975], [136.3513888888889, 34.591944444444444], [136.35916666666665, 34.58861111111111], [136.35805555555555, 34.58166666666666], [136.3625, 34.58222222222222], [136.3647222222222, 34.5775], [136.37472222222223, 34.57333333333333], [136.37722222222223, 34.58416666666667], [136.39055555555555, 34.595], [136.38805555555555, 34.602777777777774], [136.3936111111111, 34.61333333333334], [136.39833333333334, 34.61611111111111], [136.4038888888889, 34.61416666666667], [136.4061111111111, 34.62], [136.41416666666666, 34.62083333333333], [136.42777777777778, 34.63527777777778], [136.4275, 34.638333333333335], [136.43027777777777, 34.638333333333335], [136.4286111111111, 34.64805555555556], [136.42222222222222, 34.656666666666666]]]}}, {"type": "Feature", "properties": {"id": "306041286604010", "name": "内裏野橋（だいりのはし）", "track": "gauge", "area_km2": 88.11, "n_rain_in": 3, "n_amedas_in": 1}, "geometry": {"type": "MultiPolygon", "coordinates": [[[[136.04194444444445, 34.897222222222226], [136.04555555555555, 34.90083333333333], [136.04361111111112, 34.903333333333336], [136.0361111111111, 34.901944444444446], [136.03222222222223, 34.905], [136.04305555555555, 34.910555555555554], [136.0425, 34.923611111111114], [136.05583333333334, 34.92027777777778], [136.0636111111111, 34.90777777777778], [136.07083333333333, 34.909444444444446], [136.08055555555555, 34.91972222222222], [136.09972222222223, 34.92055555555555], [136.10305555555556, 34.91027777777778], [136.11138888888888, 34.903055555555554], [136.10166666666666, 34.89611111111111], [136.09805555555556, 34.88916666666667], [136.09277777777777, 34.88777777777778], [136.0875, 34.89055555555556], [136.08527777777778, 34.88722222222222], [136.08944444444444, 34.882777777777775], [136.08416666666668, 34.87694444444445], [136.08916666666667, 34.87361111111111], [136.09, 34.869166666666665], [136.08666666666667, 34.86694444444444], [136.0888888888889, 34.85722222222222], [136.0963888888889, 34.85583333333334], [136.09472222222223, 34.8475], [136.0861111111111, 34.840555555555554], [136.09027777777777, 34.83277777777778], [136.08777777777777, 34.82888888888889], [136.09527777777777, 34.81916666666667], [136.0911111111111, 34.81666666666667], [136.09083333333334, 34.8125], [136.07555555555555, 34.808055555555555], [136.06444444444443, 34.8], [136.0572222222222, 34.80388888888889], [136.0536111111111, 34.798611111111114], [136.04666666666665, 34.80166666666667], [136.03916666666666, 34.79416666666667], [136.02138888888888, 34.791666666666664], [136.01583333333335, 34.797777777777775], [136.01111111111112, 34.795833333333334], [136.0102777777778, 34.8], [136.01805555555555, 34.812777777777775], [136.03222222222223, 34.818888888888885], [136.01805555555555, 34.82833333333333], [136.01222222222222, 34.82527777777778], [136.0052777777778, 34.82666666666667], [136.00222222222223, 34.8325], [136.005, 34.842777777777776], [136.00027777777777, 34.845], [136.005, 34.850833333333334], [136.0025, 34.86], [136.00972222222222, 34.86277777777778], [136.00944444444445, 34.86888888888889], [136.01361111111112, 34.87027777777778], [136.01361111111112, 34.87416666666667], [136.02416666666667, 34.87444444444444], [136.0275, 34.888888888888886], [136.04194444444445, 34.897222222222226]], [[136.03222222222223, 34.818888888888885], [136.0325, 34.81916666666667], [136.03222222222223, 34.81916666666667], [136.03222222222223, 34.818888888888885]]], [[[136.04055555555556, 34.897222222222226], [136.0402777777778, 34.8975], [136.04055555555556, 34.8975], [136.04055555555556, 34.897222222222226]]]]}}, {"type": "Feature", "properties": {"id": "305041285510020", "name": "加茂（かも）", "track": "gauge", "area_km2": 34.12, "n_rain_in": 3, "n_amedas_in": 1}, "geometry": {"type": "MultiPolygon", "coordinates": [[[[138.07055555555556, 34.84583333333333], [138.07916666666668, 34.848055555555554], [138.08194444444445, 34.84527777777778], [138.0936111111111, 34.845], [138.10361111111112, 34.83694444444444], [138.10305555555556, 34.83416666666667], [138.10805555555555, 34.83166666666666], [138.11777777777777, 34.81638888888889], [138.13416666666666, 34.806111111111115], [138.14194444444445, 34.781666666666666], [138.14083333333335, 34.76722222222222], [138.13444444444445, 34.76722222222222], [138.1288888888889, 34.760555555555555], [138.11027777777778, 34.76361111111111], [138.10777777777778, 34.75805555555556], [138.10444444444445, 34.7625], [138.09805555555556, 34.76], [138.1027777777778, 34.75388888888889], [138.09472222222223, 34.75055555555556], [138.08916666666667, 34.73722222222222], [138.0872222222222, 34.73888888888889], [138.0911111111111, 34.74722222222222], [138.09083333333334, 34.76138888888889], [138.08055555555555, 34.775555555555556], [138.0825, 34.782222222222224], [138.09166666666667, 34.78638888888889], [138.0925, 34.794444444444444], [138.0886111111111, 34.79638888888889], [138.08805555555554, 34.80138888888889], [138.09805555555556, 34.805], [138.10083333333333, 34.810833333333335], [138.09472222222223, 34.821666666666665], [138.08666666666667, 34.82], [138.0861111111111, 34.82388888888889], [138.08305555555555, 34.824444444444445], [138.08333333333334, 34.83972222222222], [138.075, 34.844722222222224], [138.07111111111112, 34.843333333333334], [138.07055555555556, 34.84583333333333]]], [[[138.07055555555556, 34.84361111111111], [138.0702777777778, 34.843333333333334], [138.0702777777778, 34.84361111111111], [138.07055555555556, 34.84361111111111]]]]}}, {"type": "Feature", "properties": {"id": "307031287703080", "name": "大宮（おおみや）", "track": "gauge", "area_km2": 42.88, "n_rain_in": 2, "n_amedas_in": 0}, "geometry": {"type": "Polygon", "coordinates": [[[133.2577777777778, 35.26138888888889], [133.24555555555557, 35.25472222222222], [133.24305555555554, 35.250277777777775], [133.2325, 35.24638888888889], [133.22277777777776, 35.24916666666667], [133.2122222222222, 35.24166666666667], [133.18305555555557, 35.235], [133.16472222222222, 35.223055555555554], [133.15722222222223, 35.22222222222222], [133.15222222222224, 35.21888888888889], [133.1536111111111, 35.209722222222226], [133.1511111111111, 35.20666666666666], [133.15555555555557, 35.20305555555556], [133.15972222222223, 35.20666666666666], [133.17222222222222, 35.208888888888886], [133.17388888888888, 35.205], [133.18083333333334, 35.202777777777776], [133.18472222222223, 35.19861111111111], [133.18194444444444, 35.18833333333333], [133.18944444444443, 35.18472222222222], [133.1938888888889, 35.1775], [133.1938888888889, 35.170833333333334], [133.1963888888889, 35.17027777777778], [133.19944444444445, 35.17388888888889], [133.19722222222222, 35.1875], [133.21694444444444, 35.19555555555556], [133.22, 35.20472222222222], [133.22333333333333, 35.20527777777778], [133.22166666666666, 35.21138888888889], [133.2288888888889, 35.21111111111111], [133.23111111111112, 35.21388888888889], [133.23722222222221, 35.211666666666666], [133.24055555555555, 35.22138888888889], [133.2525, 35.2225], [133.25083333333333, 35.22944444444445], [133.25861111111112, 35.23555555555556], [133.2686111111111, 35.231944444444444], [133.27166666666668, 35.2375], [133.26944444444445, 35.242777777777775], [133.27583333333334, 35.24472222222222], [133.2763888888889, 35.255833333333335], [133.2577777777778, 35.26138888888889]]]}}, {"type": "Feature", "properties": {"id": "305071285520060", "name": "澄ヶ瀬（すみがせ）", "track": "gauge", "area_km2": 207.14, "n_rain_in": 3, "n_amedas_in": 0}, "geometry": {"type": "Polygon", "coordinates": [[[137.56416666666667, 35.403888888888886], [137.55805555555557, 35.395833333333336], [137.5586111111111, 35.390277777777776], [137.54416666666665, 35.384166666666665], [137.53972222222222, 35.37777777777778], [137.53444444444443, 35.3775], [137.52972222222223, 35.37305555555555], [137.5247222222222, 35.37583333333333], [137.50972222222222, 35.37361111111111], [137.4925, 35.363055555555555], [137.4825, 35.35111111111111], [137.47277777777776, 35.352777777777774], [137.45333333333335, 35.3475], [137.45305555555555, 35.344722222222224], [137.4463888888889, 35.34222222222222], [137.44944444444445, 35.335], [137.4586111111111, 35.32972222222222], [137.46416666666667, 35.319722222222225], [137.45694444444445, 35.30388888888889], [137.4586111111111, 35.29638888888889], [137.45583333333335, 35.29194444444445], [137.46027777777778, 35.285833333333336], [137.45666666666668, 35.283055555555556], [137.45416666666668, 35.27333333333333], [137.4477777777778, 35.27055555555555], [137.45055555555555, 35.25861111111111], [137.47472222222223, 35.257777777777775], [137.47444444444446, 35.2625], [137.4825, 35.2725], [137.48194444444445, 35.28333333333333], [137.49444444444444, 35.285833333333336], [137.4988888888889, 35.291111111111114], [137.51833333333335, 35.28333333333333], [137.52805555555557, 35.284444444444446], [137.54416666666665, 35.280277777777776], [137.55055555555555, 35.284166666666664], [137.5586111111111, 35.284166666666664], [137.56222222222223, 35.290277777777774], [137.5713888888889, 35.29083333333333], [137.57916666666668, 35.297222222222224], [137.5913888888889, 35.29472222222222], [137.59305555555557, 35.29972222222222], [137.59805555555556, 35.299166666666665], [137.60305555555556, 35.30444444444444], [137.61083333333335, 35.30638888888889], [137.6211111111111, 35.30638888888889], [137.62722222222223, 35.29944444444445], [137.6325, 35.29972222222222], [137.6325, 35.295833333333334], [137.62722222222223, 35.29361111111111], [137.62555555555556, 35.28888888888889], [137.62472222222223, 35.265277777777776], [137.63444444444445, 35.265], [137.64444444444445, 35.272222222222226], [137.6588888888889, 35.26583333333333], [137.6586111111111, 35.276666666666664], [137.66694444444445, 35.280833333333334], [137.66611111111112, 35.28916666666667], [137.67138888888888, 35.29277777777778], [137.67027777777778, 35.29972222222222], [137.67583333333334, 35.30861111111111], [137.67222222222222, 35.32], [137.6775, 35.32805555555556], [137.68666666666667, 35.33083333333333], [137.68833333333333, 35.341944444444444], [137.6772222222222, 35.3425], [137.65277777777777, 35.35861111111111], [137.6513888888889, 35.36388888888889], [137.6425, 35.36972222222222], [137.64138888888888, 35.37555555555556], [137.64444444444445, 35.38111111111111], [137.64083333333335, 35.385555555555555], [137.64194444444445, 35.39138888888889], [137.63611111111112, 35.39361111111111], [137.6338888888889, 35.39888888888889], [137.6125, 35.391666666666666], [137.59527777777777, 35.39527777777778], [137.59055555555557, 35.39361111111111], [137.56416666666667, 35.403888888888886]]]}}, {"type": "Feature", "properties": {"id": "303051283310080", "name": "報恩橋（ほうおんばし）", "track": "gauge", "area_km2": 41.84, "n_rain_in": 1, "n_amedas_in": 0}, "geometry": {"type": "Polygon", "coordinates": [[[139.43055555555554, 35.655], [139.42, 35.65361111111111], [139.41611111111112, 35.6475], [139.39833333333334, 35.640277777777776], [139.38166666666666, 35.64138888888889], [139.375, 35.63638888888889], [139.36111111111111, 35.63361111111111], [139.35694444444445, 35.62888888888889], [139.3388888888889, 35.62222222222222], [139.33805555555554, 35.61083333333333], [139.34583333333333, 35.611111111111114], [139.36222222222221, 35.604166666666664], [139.37777777777777, 35.604166666666664], [139.3852777777778, 35.59916666666667], [139.38972222222222, 35.60666666666667], [139.4061111111111, 35.61194444444445], [139.4113888888889, 35.60722222222222], [139.42083333333332, 35.60944444444444], [139.42583333333334, 35.60583333333334], [139.42833333333334, 35.60861111111111], [139.43694444444444, 35.60611111111111], [139.4388888888889, 35.61], [139.4477777777778, 35.610277777777775], [139.46416666666667, 35.625], [139.46472222222224, 35.64055555555556], [139.45916666666668, 35.649166666666666], [139.4361111111111, 35.65138888888889], [139.43055555555554, 35.655]]]}}, {"type": "Feature", "properties": {"id": "304011284406010", "name": "小渡（おど）", "track": "gauge", "area_km2": 230.21, "n_rain_in": 2, "n_amedas_in": 0}, "geometry": {"type": "Polygon", "coordinates": [[[139.9, 38.27611111111111], [139.8761111111111, 38.26138888888889], [139.87555555555556, 38.25194444444445], [139.86888888888888, 38.24861111111111], [139.86055555555555, 38.23111111111111], [139.81055555555557, 38.21138888888889], [139.80694444444444, 38.206944444444446], [139.8022222222222, 38.20666666666666], [139.80027777777778, 38.202222222222225], [139.7902777777778, 38.198055555555555], [139.78666666666666, 38.1925], [139.77583333333334, 38.19833333333333], [139.765, 38.19888888888889], [139.75583333333333, 38.1925], [139.73916666666668, 38.20194444444444], [139.73, 38.200833333333335], [139.72194444444443, 38.20583333333333], [139.71277777777777, 38.20666666666666], [139.69916666666666, 38.2025], [139.7025, 38.19888888888889], [139.69833333333332, 38.195], [139.69611111111112, 38.185], [139.68777777777777, 38.181666666666665], [139.6822222222222, 38.170833333333334], [139.68555555555557, 38.166666666666664], [139.685, 38.158611111111114], [139.69055555555556, 38.155277777777776], [139.69055555555556, 38.14972222222222], [139.70444444444445, 38.14944444444444], [139.71083333333334, 38.14333333333333], [139.71194444444444, 38.13], [139.70833333333334, 38.12777777777778], [139.7072222222222, 38.1175], [139.70277777777778, 38.11138888888889], [139.705, 38.104166666666664], [139.70305555555555, 38.09583333333333], [139.70888888888888, 38.094166666666666], [139.71055555555554, 38.08972222222222], [139.7186111111111, 38.091388888888886], [139.7277777777778, 38.086666666666666], [139.7302777777778, 38.09], [139.7386111111111, 38.083888888888886], [139.7397222222222, 38.08833333333333], [139.74805555555557, 38.09027777777778], [139.75166666666667, 38.08638888888889], [139.7588888888889, 38.086666666666666], [139.76694444444445, 38.092777777777776], [139.77555555555554, 38.091388888888886], [139.7788888888889, 38.0975], [139.78444444444443, 38.09638888888889], [139.78416666666666, 38.093333333333334], [139.79722222222222, 38.08305555555555], [139.80027777777778, 38.07055555555556], [139.8036111111111, 38.070277777777775], [139.81805555555556, 38.07361111111111], [139.82, 38.07666666666667], [139.82722222222222, 38.07555555555555], [139.83, 38.08027777777778], [139.83527777777778, 38.07944444444445], [139.84666666666666, 38.0875], [139.85777777777778, 38.09027777777778], [139.85472222222222, 38.100833333333334], [139.86166666666668, 38.10583333333334], [139.86277777777778, 38.11388888888889], [139.85916666666665, 38.1225], [139.86638888888888, 38.128055555555555], [139.8661111111111, 38.13444444444445], [139.87472222222223, 38.138888888888886], [139.88916666666665, 38.13777777777778], [139.89638888888888, 38.1475], [139.89305555555555, 38.153055555555554], [139.88194444444446, 38.1575], [139.8838888888889, 38.16222222222222], [139.87916666666666, 38.16861111111111], [139.8786111111111, 38.17916666666667], [139.8825, 38.19083333333333], [139.87777777777777, 38.199444444444445], [139.89166666666668, 38.213055555555556], [139.89916666666667, 38.216388888888886], [139.90222222222224, 38.235], [139.91222222222223, 38.24583333333333], [139.91694444444445, 38.24666666666667], [139.91611111111112, 38.25416666666667], [139.92222222222222, 38.26027777777778], [139.9111111111111, 38.272777777777776], [139.9, 38.27611111111111]]]}}, {"type": "Feature", "properties": {"id": "302041282223010", "name": "轟（とどろき）", "track": "gauge", "area_km2": 140.34, "n_rain_in": 2, "n_amedas_in": 0}, "geometry": {"type": "MultiPolygon", "coordinates": [[[[140.59027777777777, 38.89], [140.5975, 38.88444444444445], [140.60722222222222, 38.88666666666666], [140.60944444444445, 38.8925], [140.61555555555555, 38.89388888888889], [140.63888888888889, 38.88305555555556], [140.645, 38.88861111111111], [140.65277777777777, 38.88861111111111], [140.65333333333334, 38.891666666666666], [140.67138888888888, 38.897222222222226], [140.68027777777777, 38.91388888888889], [140.70222222222222, 38.923611111111114], [140.7188888888889, 38.9125], [140.72027777777777, 38.908055555555556], [140.72972222222222, 38.905833333333334], [140.7375, 38.89972222222222], [140.73638888888888, 38.895833333333336], [140.7461111111111, 38.88583333333333], [140.74694444444444, 38.87833333333333], [140.75027777777777, 38.87638888888889], [140.74555555555557, 38.86805555555556], [140.74944444444444, 38.86222222222222], [140.74694444444444, 38.838055555555556], [140.7536111111111, 38.83833333333333], [140.75805555555556, 38.83416666666667], [140.7463888888889, 38.82666666666667], [140.74388888888888, 38.82111111111111], [140.7313888888889, 38.81666666666667], [140.72666666666666, 38.81166666666667], [140.7238888888889, 38.81638888888889], [140.70305555555555, 38.81722222222222], [140.70111111111112, 38.825833333333335], [140.68805555555556, 38.83416666666667], [140.67222222222222, 38.806111111111115], [140.66055555555556, 38.79805555555556], [140.6538888888889, 38.79833333333333], [140.6486111111111, 38.80388888888889], [140.64805555555554, 38.81027777777778], [140.64305555555555, 38.81361111111111], [140.6213888888889, 38.81916666666667], [140.6, 38.81861111111111], [140.5986111111111, 38.826388888888886], [140.59277777777777, 38.827777777777776], [140.59055555555557, 38.83611111111111], [140.56666666666666, 38.848055555555554], [140.55916666666667, 38.84722222222222], [140.55305555555555, 38.85916666666667], [140.5402777777778, 38.861666666666665], [140.53861111111112, 38.87138888888889], [140.54777777777778, 38.88055555555555], [140.54666666666665, 38.888888888888886], [140.55305555555555, 38.882777777777775], [140.55416666666667, 38.87611111111111], [140.56222222222223, 38.87305555555555], [140.58055555555555, 38.881388888888885], [140.58416666666668, 38.87833333333333], [140.59027777777777, 38.89]]], [[[140.59, 38.89], [140.58972222222224, 38.890277777777776], [140.59, 38.890277777777776], [140.59, 38.89]]]]}}, {"type": "Feature", "properties": {"id": "302041282204470", "name": "矢作（やはぎ）", "track": "gauge", "area_km2": 87.2, "n_rain_in": 0, "n_amedas_in": 1}, "geometry": {"type": "Polygon", "coordinates": [[[141.4275, 38.981944444444444], [141.41944444444445, 38.97638888888889], [141.41194444444446, 38.977777777777774], [141.4011111111111, 38.970555555555556], [141.38722222222222, 38.96944444444444], [141.3788888888889, 38.97416666666667], [141.35805555555555, 38.975], [141.35583333333332, 38.9725], [141.35305555555556, 38.975], [141.3475, 38.971944444444446], [141.34666666666666, 38.965555555555554], [141.33416666666668, 38.96861111111111], [141.3161111111111, 38.96805555555556], [141.30194444444444, 38.961666666666666], [141.29333333333332, 38.95305555555556], [141.29666666666665, 38.9525], [141.29416666666665, 38.949444444444445], [141.29777777777778, 38.93666666666667], [141.29583333333332, 38.92611111111111], [141.29944444444445, 38.91638888888889], [141.305, 38.914722222222224], [141.30305555555555, 38.9125], [141.3061111111111, 38.9075], [141.30138888888888, 38.905], [141.30194444444444, 38.900555555555556], [141.29861111111111, 38.8975], [141.28805555555556, 38.89527777777778], [141.29194444444445, 38.87638888888889], [141.29722222222222, 38.873333333333335], [141.3072222222222, 38.87361111111111], [141.30805555555557, 38.880833333333335], [141.31916666666666, 38.88527777777778], [141.32583333333332, 38.880833333333335], [141.32583333333332, 38.874722222222225], [141.32861111111112, 38.87444444444444], [141.33555555555554, 38.88], [141.33805555555554, 38.888333333333335], [141.34722222222223, 38.89], [141.3525, 38.900555555555556], [141.37055555555557, 38.909166666666664], [141.3763888888889, 38.923611111111114], [141.39583333333334, 38.913333333333334], [141.40972222222223, 38.91416666666667], [141.41055555555556, 38.923611111111114], [141.40305555555557, 38.931666666666665], [141.40805555555556, 38.93277777777778], [141.41027777777776, 38.941944444444445], [141.42055555555555, 38.941944444444445], [141.43138888888888, 38.958333333333336], [141.445, 38.96805555555556], [141.44694444444445, 38.975], [141.44333333333333, 38.981944444444444], [141.4275, 38.981944444444444]], [[141.40277777777777, 38.931666666666665], [141.40305555555557, 38.93194444444445], [141.40305555555557, 38.931666666666665], [141.40277777777777, 38.931666666666665]]]}}, {"type": "Feature", "properties": {"id": "302061282202030", "name": "砂土路川（さどろがわ）", "track": "gauge", "area_km2": 84.81, "n_rain_in": 1, "n_amedas_in": 0}, "geometry": {"type": "MultiPolygon", "coordinates": [[[[141.1638888888889, 40.60583333333334], [141.16361111111112, 40.605555555555554], [141.16361111111112, 40.60583333333334], [141.1638888888889, 40.60583333333334]]], [[[141.19583333333333, 40.66972222222222], [141.1975, 40.66722222222222], [141.20416666666668, 40.66777777777778], [141.21277777777777, 40.67583333333334], [141.24138888888888, 40.68666666666667], [141.25694444444446, 40.69638888888889], [141.26722222222222, 40.714444444444446], [141.27277777777778, 40.715], [141.2722222222222, 40.72083333333333], [141.28444444444443, 40.70805555555555], [141.27388888888888, 40.70027777777778], [141.2813888888889, 40.69694444444445], [141.27916666666667, 40.695277777777775], [141.28083333333333, 40.69111111111111], [141.27138888888888, 40.68638888888889], [141.27527777777777, 40.67444444444445], [141.26444444444445, 40.665277777777774], [141.26444444444445, 40.66222222222222], [141.25611111111112, 40.660555555555554], [141.26444444444445, 40.658611111111114], [141.26361111111112, 40.655], [141.25833333333333, 40.654444444444444], [141.26166666666666, 40.64611111111111], [141.2588888888889, 40.635], [141.24666666666667, 40.63111111111111], [141.24527777777777, 40.62694444444445], [141.2186111111111, 40.625277777777775], [141.1975, 40.61833333333333], [141.19, 40.611666666666665], [141.17388888888888, 40.61083333333333], [141.16416666666666, 40.60583333333334], [141.1638888888889, 40.60583333333334], [141.16361111111112, 40.60638888888889], [141.16305555555556, 40.60638888888889], [141.1627777777778, 40.606944444444444], [141.1625, 40.606944444444444], [141.15722222222223, 40.60305555555556], [141.1436111111111, 40.6025], [141.14055555555555, 40.60611111111111], [141.12555555555556, 40.60194444444444], [141.12416666666667, 40.61083333333333], [141.11222222222221, 40.61333333333334], [141.0988888888889, 40.62611111111111], [141.08138888888888, 40.634166666666665], [141.0913888888889, 40.640277777777776], [141.11222222222221, 40.636944444444445], [141.12416666666667, 40.64333333333333], [141.1302777777778, 40.64333333333333], [141.13416666666666, 40.64972222222222], [141.1663888888889, 40.670833333333334], [141.17111111111112, 40.669444444444444], [141.1772222222222, 40.673611111111114], [141.18444444444444, 40.67194444444444], [141.18444444444444, 40.66916666666667], [141.19583333333333, 40.66972222222222]]], [[[141.19555555555556, 40.67055555555555], [141.19583333333333, 40.67027777777778], [141.19555555555556, 40.67027777777778], [141.19555555555556, 40.67055555555555]]]]}}, {"type": "Feature", "properties": {"id": "301031281101670", "name": "輪厚（わっつ）", "track": "gauge", "area_km2": 24.77, "n_rain_in": 1, "n_amedas_in": 0}, "geometry": {"type": "MultiPolygon", "coordinates": [[[[141.45638888888888, 42.941944444444445], [141.4561111111111, 42.94166666666667], [141.4561111111111, 42.941944444444445], [141.45638888888888, 42.941944444444445]]], [[[141.45638888888888, 42.941944444444445], [141.48416666666665, 42.97944444444445], [141.5102777777778, 42.981944444444444], [141.51916666666668, 42.985277777777775], [141.5211111111111, 42.98916666666667], [141.54111111111112, 42.9825], [141.54361111111112, 42.9875], [141.55305555555555, 42.9925], [141.56555555555556, 42.98888888888889], [141.56083333333333, 42.98777777777778], [141.5625, 42.98388888888889], [141.55277777777778, 42.977222222222224], [141.55166666666668, 42.97222222222222], [141.54722222222222, 42.97027777777778], [141.54805555555555, 42.966388888888886], [141.5425, 42.964166666666664], [141.5413888888889, 42.958333333333336], [141.53444444444443, 42.954166666666666], [141.51833333333335, 42.96194444444444], [141.5125, 42.95472222222222], [141.51416666666665, 42.95027777777778], [141.51083333333332, 42.94555555555556], [141.50166666666667, 42.9425], [141.48333333333332, 42.94138888888889], [141.47083333333333, 42.94444444444444], [141.47027777777777, 42.943888888888885], [141.46472222222224, 42.94361111111111], [141.46277777777777, 42.94277777777778], [141.46027777777778, 42.94305555555555], [141.4572222222222, 42.941944444444445], [141.45638888888888, 42.941944444444445]]]]}}, {"type": "Feature", "properties": {"id": "301031281101760", "name": "南の沢（みなみのさわ）", "track": "gauge", "area_km2": 1.75, "n_rain_in": 1, "n_amedas_in": 0}, "geometry": {"type": "Polygon", "coordinates": [[[141.29777777777778, 42.993611111111115], [141.28055555555557, 42.99138888888889], [141.2786111111111, 42.989444444444445], [141.29194444444445, 42.9825], [141.3061111111111, 42.98416666666667], [141.30555555555554, 42.99111111111111], [141.29777777777778, 42.993611111111115]]]}}, {"type": "Feature", "properties": {"id": "301031281101910", "name": "真駒内常磐（まこまないときわ）", "track": "gauge", "area_km2": 30.43, "n_rain_in": 1, "n_amedas_in": 0}, "geometry": {"type": "Polygon", "coordinates": [[[141.33944444444444, 42.93611111111111], [141.32305555555556, 42.92333333333333], [141.30583333333334, 42.91972222222222], [141.29805555555555, 42.925], [141.28472222222223, 42.915277777777774], [141.27833333333334, 42.91555555555556], [141.27166666666668, 42.90111111111111], [141.26222222222222, 42.8975], [141.25166666666667, 42.885555555555555], [141.2475, 42.88611111111111], [141.2486111111111, 42.875277777777775], [141.24388888888888, 42.86833333333333], [141.25555555555556, 42.86333333333334], [141.27972222222223, 42.87388888888889], [141.28555555555556, 42.87305555555555], [141.29416666666665, 42.884166666666665], [141.30333333333334, 42.886944444444445], [141.31861111111112, 42.885555555555555], [141.3238888888889, 42.88166666666667], [141.32833333333335, 42.891666666666666], [141.3388888888889, 42.90222222222222], [141.3425, 42.909166666666664], [141.34083333333334, 42.91444444444444], [141.34416666666667, 42.91861111111111], [141.3436111111111, 42.92388888888889], [141.3488888888889, 42.92861111111111], [141.3463888888889, 42.93333333333333], [141.33944444444444, 42.93611111111111]]]}}, {"type": "Feature", "properties": {"id": "301031281101930", "name": "簾舞（みすまい）", "track": "gauge", "area_km2": 23.25, "n_rain_in": 1, "n_amedas_in": 0}, "geometry": {"type": "Polygon", "coordinates": [[[141.26194444444445, 42.958333333333336], [141.25694444444446, 42.95361111111111], [141.2511111111111, 42.93861111111111], [141.235, 42.928333333333335], [141.23277777777778, 42.91638888888889], [141.22611111111112, 42.90694444444444], [141.22833333333332, 42.90277777777778], [141.21777777777777, 42.89333333333333], [141.2288888888889, 42.88611111111111], [141.2275, 42.87583333333333], [141.2375, 42.87388888888889], [141.24305555555554, 42.868611111111115], [141.2486111111111, 42.875277777777775], [141.2475, 42.88611111111111], [141.25166666666667, 42.885555555555555], [141.26222222222222, 42.8975], [141.27166666666668, 42.90111111111111], [141.27833333333334, 42.914722222222224], [141.27277777777778, 42.926944444444445], [141.2747222222222, 42.93472222222222], [141.26527777777778, 42.95], [141.26527777777778, 42.95666666666666], [141.26194444444445, 42.958333333333336]]]}}, {"type": "Feature", "properties": {"id": "301081281107290", "name": "千住12号橋（せんじゅうじゅうにごうばし）", "track": "gauge", "area_km2": 128.62, "n_rain_in": 0, "n_amedas_in": 1}, "geometry": {"type": "MultiPolygon", "coordinates": [[[[143.2302777777778, 42.72472222222222], [143.23055555555555, 42.724444444444444], [143.2302777777778, 42.724444444444444], [143.2302777777778, 42.72472222222222]]], [[[143.23583333333335, 42.728611111111114], [143.2138888888889, 42.71944444444444], [143.20638888888888, 42.70861111111111], [143.20111111111112, 42.708888888888886], [143.1963888888889, 42.704166666666666], [143.17805555555555, 42.69694444444445], [143.16583333333332, 42.68472222222222], [143.15305555555557, 42.68361111111111], [143.13472222222222, 42.67055555555555], [143.12194444444444, 42.67194444444444], [143.14027777777778, 42.690555555555555], [143.155, 42.715], [143.1563888888889, 42.72416666666667], [143.1627777777778, 42.73138888888889], [143.1611111111111, 42.735277777777775], [143.16555555555556, 42.74944444444444], [143.16361111111112, 42.753055555555555], [143.16972222222222, 42.76416666666667], [143.1688888888889, 42.76861111111111], [143.1761111111111, 42.77305555555556], [143.1822222222222, 42.78916666666667], [143.2061111111111, 42.82555555555555], [143.21444444444444, 42.84388888888889], [143.21305555555554, 42.848333333333336], [143.2186111111111, 42.852222222222224], [143.21805555555557, 42.868611111111115], [143.2275, 42.89611111111111], [143.2213888888889, 42.89944444444444], [143.2325, 42.91166666666667], [143.23555555555555, 42.9225], [143.2436111111111, 42.91861111111111], [143.26166666666666, 42.92333333333333], [143.27277777777778, 42.920833333333334], [143.27833333333334, 42.91722222222222], [143.27944444444444, 42.9125], [143.28333333333333, 42.91277777777778], [143.27138888888888, 42.90833333333333], [143.2686111111111, 42.905], [143.27, 42.90111111111111], [143.26166666666666, 42.897777777777776], [143.25666666666666, 42.87444444444444], [143.26333333333332, 42.86972222222222], [143.25666666666666, 42.86055555555556], [143.25194444444443, 42.84583333333333], [143.25611111111112, 42.83361111111111], [143.2602777777778, 42.83027777777778], [143.25472222222223, 42.81611111111111], [143.2538888888889, 42.80222222222222], [143.2613888888889, 42.80444444444444], [143.25944444444445, 42.79416666666667], [143.26666666666668, 42.77722222222222], [143.26777777777778, 42.755], [143.26416666666665, 42.745555555555555], [143.24666666666667, 42.73694444444445], [143.23888888888888, 42.73833333333334], [143.23583333333335, 42.728611111111114]]]]}}, {"type": "Feature", "properties": {"id": "301031281101900", "name": "下北の沢（しもきたのさわ）", "track": "gauge", "area_km2": 3.97, "n_rain_in": 1, "n_amedas_in": 0}, "geometry": {"type": "Polygon", "coordinates": [[[141.31083333333333, 43.028055555555554], [141.29416666666665, 43.02166666666667], [141.29111111111112, 43.01444444444444], [141.2861111111111, 43.013333333333335], [141.29777777777778, 43.00416666666667], [141.30833333333334, 43.004444444444445], [141.30972222222223, 43.01361111111111], [141.32111111111112, 43.022777777777776], [141.31083333333333, 43.028055555555554]]]}}, {"type": "Feature", "properties": {"id": "301091281106020", "name": "弟子屈（てしかが）", "track": "gauge", "area_km2": 433.46, "n_rain_in": 2, "n_amedas_in": 2}, "geometry": {"type": "Polygon", "coordinates": [[[144.33166666666668, 43.705], [144.31222222222223, 43.698055555555555], [144.29833333333335, 43.68861111111111], [144.2788888888889, 43.68527777777778], [144.27305555555554, 43.67611111111111], [144.27805555555557, 43.66861111111111], [144.27055555555555, 43.666666666666664], [144.25944444444445, 43.653888888888886], [144.24916666666667, 43.64972222222222], [144.23916666666668, 43.636944444444445], [144.22722222222222, 43.63], [144.21722222222223, 43.59], [144.2225, 43.57861111111111], [144.22861111111112, 43.57361111111111], [144.22416666666666, 43.57], [144.22722222222222, 43.564166666666665], [144.23611111111111, 43.56], [144.23222222222222, 43.55583333333333], [144.23527777777778, 43.54555555555555], [144.23361111111112, 43.53277777777778], [144.2225, 43.520833333333336], [144.24027777777778, 43.51305555555555], [144.26222222222222, 43.51277777777778], [144.2697222222222, 43.50861111111111], [144.28444444444443, 43.50694444444444], [144.29111111111112, 43.515277777777776], [144.3022222222222, 43.51416666666667], [144.3061111111111, 43.516666666666666], [144.3072222222222, 43.5225], [144.32694444444445, 43.51916666666666], [144.3336111111111, 43.513888888888886], [144.33833333333334, 43.51611111111111], [144.35055555555556, 43.51305555555555], [144.36027777777778, 43.50472222222222], [144.39444444444445, 43.50055555555556], [144.40583333333333, 43.48694444444445], [144.42583333333334, 43.48361111111111], [144.43083333333334, 43.48583333333333], [144.43777777777777, 43.48222222222222], [144.4488888888889, 43.485], [144.46972222222223, 43.51166666666666], [144.50055555555556, 43.53111111111111], [144.50833333333333, 43.54277777777778], [144.50444444444443, 43.54972222222222], [144.50722222222223, 43.556111111111115], [144.50305555555556, 43.5625], [144.5011111111111, 43.58138888888889], [144.51777777777778, 43.602222222222224], [144.53194444444443, 43.610277777777775], [144.53027777777777, 43.61527777777778], [144.52333333333334, 43.619166666666665], [144.52444444444444, 43.62416666666667], [144.5186111111111, 43.63], [144.5211111111111, 43.63861111111111], [144.515, 43.65277777777778], [144.5102777777778, 43.65638888888889], [144.50555555555556, 43.654444444444444], [144.48638888888888, 43.65972222222222], [144.48694444444445, 43.666111111111114], [144.48166666666665, 43.678333333333335], [144.47472222222223, 43.68638888888889], [144.46472222222224, 43.68666666666667], [144.45888888888888, 43.6925], [144.455, 43.690555555555555], [144.44194444444443, 43.69777777777778], [144.41694444444445, 43.693888888888885], [144.4111111111111, 43.69583333333333], [144.3972222222222, 43.68861111111111], [144.3788888888889, 43.68833333333333], [144.3675, 43.7], [144.33166666666668, 43.705]], [[144.4163888888889, 43.62888888888889], [144.42138888888888, 43.626666666666665], [144.42416666666668, 43.61638888888889], [144.43722222222223, 43.5975], [144.43194444444444, 43.590555555555554], [144.42222222222222, 43.585277777777776], [144.42277777777778, 43.58111111111111], [144.41972222222222, 43.58277777777778], [144.415, 43.58], [144.41333333333333, 43.58777777777778], [144.4088888888889, 43.585], [144.3961111111111, 43.58777777777778], [144.39083333333335, 43.58416666666667], [144.38722222222222, 43.588055555555556], [144.38944444444445, 43.59], [144.38694444444445, 43.595555555555556], [144.37944444444443, 43.604166666666664], [144.38583333333332, 43.61138888888889], [144.40055555555554, 43.615], [144.41027777777776, 43.62694444444445], [144.4163888888889, 43.62888888888889]], [[144.23888888888888, 43.51555555555556], [144.23916666666668, 43.51583333333333], [144.23916666666668, 43.51555555555556], [144.23888888888888, 43.51555555555556]]]}}, {"type": "Feature", "properties": {"id": "301091281106040", "name": "標茶（しべちゃ）", "track": "gauge", "area_km2": 877.05, "n_rain_in": 5, "n_amedas_in": 2}, "geometry": {"type": "Polygon", "coordinates": [[[144.33166666666668, 43.705], [144.31222222222223, 43.698055555555555], [144.29833333333335, 43.68861111111111], [144.2788888888889, 43.68527777777778], [144.27305555555554, 43.67611111111111], [144.27805555555557, 43.66861111111111], [144.27055555555555, 43.666666666666664], [144.25944444444445, 43.653888888888886], [144.24916666666667, 43.64972222222222], [144.24833333333333, 43.64555555555555], [144.23916666666668, 43.636944444444445], [144.23111111111112, 43.634166666666665], [144.22472222222223, 43.624722222222225], [144.22305555555556, 43.60527777777778], [144.21777777777777, 43.6], [144.21722222222223, 43.59], [144.2225, 43.57861111111111], [144.22861111111112, 43.57361111111111], [144.22416666666666, 43.57], [144.22722222222222, 43.564166666666665], [144.23611111111111, 43.56], [144.23222222222222, 43.55583333333333], [144.23527777777778, 43.54555555555555], [144.23361111111112, 43.53277777777778], [144.2225, 43.520833333333336], [144.24722222222223, 43.51138888888889], [144.23777777777778, 43.50194444444445], [144.23361111111112, 43.49472222222222], [144.23777777777778, 43.490833333333335], [144.23083333333332, 43.483333333333334], [144.23722222222221, 43.471944444444446], [144.22833333333332, 43.46611111111111], [144.23611111111111, 43.45916666666667], [144.23638888888888, 43.45444444444445], [144.2488888888889, 43.454166666666666], [144.25972222222222, 43.441944444444445], [144.27194444444444, 43.437777777777775], [144.28972222222222, 43.44], [144.3, 43.43416666666667], [144.30944444444444, 43.43861111111111], [144.31305555555556, 43.43083333333333], [144.32694444444445, 43.42527777777778], [144.3386111111111, 43.426944444444445], [144.34472222222223, 43.42444444444445], [144.3575, 43.42861111111111], [144.36305555555555, 43.43555555555555], [144.37333333333333, 43.43472222222222], [144.38166666666666, 43.43833333333333], [144.38944444444445, 43.43666666666667], [144.39194444444445, 43.42916666666667], [144.40416666666667, 43.4225], [144.41472222222222, 43.41916666666667], [144.42083333333332, 43.420833333333334], [144.42694444444444, 43.41638888888889], [144.4375, 43.42027777777778], [144.44222222222223, 43.42583333333333], [144.4475, 43.425], [144.4572222222222, 43.41222222222222], [144.48083333333332, 43.39111111111111], [144.50416666666666, 43.38305555555556], [144.50861111111112, 43.379444444444445], [144.50861111111112, 43.37416666666667], [144.52166666666668, 43.36972222222222], [144.52444444444444, 43.36277777777778], [144.52805555555557, 43.365833333333335], [144.5336111111111, 43.35472222222222], [144.5425, 43.35138888888889], [144.54472222222222, 43.355], [144.54916666666668, 43.35055555555556], [144.55555555555554, 43.35055555555556], [144.56027777777777, 43.34305555555556], [144.5661111111111, 43.34166666666667], [144.56722222222223, 43.336666666666666], [144.57555555555555, 43.33083333333333], [144.57444444444445, 43.327777777777776], [144.5825, 43.31388888888889], [144.5872222222222, 43.315], [144.59166666666667, 43.30722222222222], [144.6013888888889, 43.30277777777778], [144.6002777777778, 43.2975], [144.6063888888889, 43.29944444444445], [144.61222222222221, 43.3075], [144.6225, 43.30361111111111], [144.62333333333333, 43.29666666666667], [144.63361111111112, 43.289722222222224], [144.63666666666666, 43.29555555555555], [144.64444444444445, 43.29416666666667], [144.63861111111112, 43.30722222222222], [144.65, 43.30972222222222], [144.6511111111111, 43.31333333333333], [144.64555555555555, 43.32194444444445], [144.64305555555555, 43.33416666666667], [144.6513888888889, 43.34], [144.66361111111112, 43.340555555555554], [144.67, 43.35138888888889], [144.6663888888889, 43.35527777777778], [144.66861111111112, 43.36416666666667], [144.665, 43.36527777777778], [144.665, 43.36555555555555], [144.66472222222222, 43.36555555555555], [144.66472222222222, 43.365833333333335], [144.66444444444446, 43.365833333333335], [144.66444444444446, 43.36611111111111], [144.66416666666666, 43.36611111111111], [144.6638888888889, 43.36805555555556], [144.66305555555556, 43.368611111111115], [144.66416666666666, 43.38027777777778], [144.66055555555556, 43.38861111111111], [144.63777777777779, 43.422222222222224], [144.63861111111112, 43.42805555555555], [144.6472222222222, 43.42638888888889], [144.64111111111112, 43.4375], [144.645, 43.43666666666667], [144.65055555555554, 43.446666666666665], [144.645, 43.452222222222225], [144.62972222222223, 43.45611111111111], [144.6213888888889, 43.4675], [144.60888888888888, 43.47277777777778], [144.6027777777778, 43.47944444444445], [144.58638888888888, 43.51416666666667], [144.58555555555554, 43.52388888888889], [144.5775, 43.530277777777776], [144.57611111111112, 43.539722222222224], [144.5688888888889, 43.54805555555556], [144.56944444444446, 43.55694444444445], [144.5738888888889, 43.56055555555555], [144.56944444444446, 43.56444444444445], [144.54805555555555, 43.55027777777778], [144.5375, 43.5525], [144.52138888888888, 43.54805555555556], [144.5088888888889, 43.55277777777778], [144.50305555555556, 43.5625], [144.5011111111111, 43.58138888888889], [144.51777777777778, 43.602222222222224], [144.53194444444443, 43.610277777777775], [144.53027777777777, 43.61527777777778], [144.52333333333334, 43.619166666666665], [144.52444444444444, 43.62416666666667], [144.5186111111111, 43.63], [144.5211111111111, 43.63861111111111], [144.515, 43.65277777777778], [144.5102777777778, 43.65638888888889], [144.50555555555556, 43.654444444444444], [144.48638888888888, 43.65972222222222], [144.48694444444445, 43.666111111111114], [144.48166666666665, 43.678333333333335], [144.47472222222223, 43.68638888888889], [144.46472222222224, 43.68666666666667], [144.45888888888888, 43.6925], [144.455, 43.690555555555555], [144.44194444444443, 43.69777777777778], [144.41694444444445, 43.693888888888885], [144.4111111111111, 43.69583333333333], [144.3972222222222, 43.68861111111111], [144.3788888888889, 43.68833333333333], [144.3675, 43.7], [144.33166666666668, 43.705]], [[144.4163888888889, 43.62888888888889], [144.42138888888888, 43.626666666666665], [144.42416666666668, 43.61638888888889], [144.43722222222223, 43.5975], [144.43194444444444, 43.590555555555554], [144.42222222222222, 43.585277777777776], [144.42277777777778, 43.58111111111111], [144.41972222222222, 43.58277777777778], [144.415, 43.58], [144.41333333333333, 43.58777777777778], [144.4088888888889, 43.585], [144.3961111111111, 43.58777777777778], [144.39083333333335, 43.58416666666667], [144.38722222222222, 43.588055555555556], [144.38944444444445, 43.59], [144.38694444444445, 43.595555555555556], [144.37944444444443, 43.604166666666664], [144.38583333333332, 43.61138888888889], [144.40055555555554, 43.615], [144.41027777777776, 43.62694444444445], [144.4163888888889, 43.62888888888889]], [[144.23888888888888, 43.51555555555556], [144.23916666666668, 43.51583333333333], [144.23916666666668, 43.51555555555556], [144.23888888888888, 43.51555555555556]], [[144.2375, 43.49722222222222], [144.23777777777778, 43.4975], [144.23777777777778, 43.49722222222222], [144.2375, 43.49722222222222]], [[144.66416666666666, 43.36555555555555], [144.66444444444446, 43.365833333333335], [144.66444444444446, 43.36555555555555], [144.66416666666666, 43.36555555555555]]]}}, {"type": "Feature", "properties": {"id": "301091281106100", "name": "下オソベツ（しもおそべつ）", "track": "gauge", "area_km2": 139.11, "n_rain_in": 1, "n_amedas_in": 0}, "geometry": {"type": "Polygon", "coordinates": [[[144.28833333333333, 43.44], [144.28333333333333, 43.43694444444444], [144.3022222222222, 43.42777777777778], [144.31555555555556, 43.41111111111111], [144.32472222222222, 43.41], [144.3372222222222, 43.403055555555554], [144.34805555555556, 43.39277777777778], [144.36138888888888, 43.38583333333333], [144.36277777777778, 43.38194444444444], [144.3661111111111, 43.382222222222225], [144.3675, 43.378055555555555], [144.3813888888889, 43.37694444444445], [144.38722222222222, 43.37305555555555], [144.38694444444445, 43.3675], [144.39416666666668, 43.360277777777775], [144.39777777777778, 43.361111111111114], [144.40777777777777, 43.34444444444444], [144.41805555555555, 43.33861111111111], [144.425, 43.32972222222222], [144.43, 43.330555555555556], [144.43166666666667, 43.326388888888886], [144.44555555555556, 43.324444444444445], [144.45444444444445, 43.31638888888889], [144.46555555555557, 43.318333333333335], [144.4763888888889, 43.31305555555556], [144.4825, 43.314166666666665], [144.5088888888889, 43.30444444444444], [144.51277777777779, 43.30555555555556], [144.53583333333333, 43.28777777777778], [144.54416666666665, 43.293055555555554], [144.53472222222223, 43.31027777777778], [144.54722222222222, 43.32666666666667], [144.54527777777778, 43.33361111111111], [144.54944444444445, 43.33305555555555], [144.55083333333334, 43.33638888888889], [144.54916666666668, 43.35111111111111], [144.54472222222222, 43.355], [144.5425, 43.35138888888889], [144.53527777777776, 43.353611111111114], [144.52805555555557, 43.365833333333335], [144.52444444444444, 43.36277777777778], [144.52166666666668, 43.36972222222222], [144.50861111111112, 43.37416666666667], [144.50861111111112, 43.379444444444445], [144.50416666666666, 43.38305555555556], [144.48083333333332, 43.39111111111111], [144.4572222222222, 43.41222222222222], [144.4475, 43.425], [144.44222222222223, 43.42583333333333], [144.4375, 43.42027777777778], [144.42694444444444, 43.41638888888889], [144.42083333333332, 43.420833333333334], [144.41472222222222, 43.41916666666667], [144.40416666666667, 43.4225], [144.39194444444445, 43.42916666666667], [144.38944444444445, 43.43666666666667], [144.38166666666666, 43.43833333333333], [144.37333333333333, 43.43472222222222], [144.36305555555555, 43.43555555555555], [144.3575, 43.42861111111111], [144.34472222222223, 43.42444444444445], [144.3386111111111, 43.426944444444445], [144.32944444444445, 43.425], [144.31305555555556, 43.43083333333333], [144.30944444444444, 43.43861111111111], [144.29944444444445, 43.43416666666667], [144.28833333333333, 43.44]]]}}, {"type": "Feature", "properties": {"id": "301091281106120", "name": "雪裡（せつり）", "track": "gauge", "area_km2": 169.55, "n_rain_in": 0, "n_amedas_in": 1}, "geometry": {"type": "MultiPolygon", "coordinates": [[[[144.23777777777778, 43.43416666666667], [144.25083333333333, 43.405277777777776], [144.26555555555555, 43.39388888888889], [144.26638888888888, 43.38472222222222], [144.2736111111111, 43.38361111111111], [144.27583333333334, 43.37722222222222], [144.2888888888889, 43.36888888888889], [144.29694444444445, 43.35666666666667], [144.31027777777777, 43.34916666666667], [144.31027777777777, 43.34], [144.31472222222223, 43.33222222222222], [144.32194444444445, 43.33], [144.32972222222222, 43.312777777777775], [144.33277777777778, 43.31333333333333], [144.34027777777777, 43.306666666666665], [144.34194444444444, 43.29833333333333], [144.3388888888889, 43.29555555555555], [144.3411111111111, 43.29361111111111], [144.33916666666667, 43.285], [144.35694444444445, 43.265], [144.35916666666665, 43.242777777777775], [144.36666666666667, 43.23555555555556], [144.3675, 43.22805555555556], [144.35861111111112, 43.223055555555554], [144.3575, 43.21361111111111], [144.3438888888889, 43.21222222222222], [144.34166666666667, 43.22083333333333], [144.32555555555555, 43.22833333333333], [144.3202777777778, 43.225], [144.30333333333334, 43.225833333333334], [144.28833333333333, 43.24472222222222], [144.2788888888889, 43.2475], [144.27416666666667, 43.255], [144.25666666666666, 43.26583333333333], [144.24583333333334, 43.27777777777778], [144.23888888888888, 43.280833333333334], [144.2252777777778, 43.280833333333334], [144.21944444444443, 43.29638888888889], [144.21194444444444, 43.30638888888889], [144.21527777777777, 43.318888888888885], [144.20805555555555, 43.32944444444445], [144.21, 43.33416666666667], [144.20583333333335, 43.335277777777776], [144.20277777777778, 43.35194444444444], [144.19361111111112, 43.35388888888889], [144.18472222222223, 43.36388888888889], [144.1688888888889, 43.37027777777778], [144.18027777777777, 43.38361111111111], [144.18138888888888, 43.39222222222222], [144.20638888888888, 43.40777777777778], [144.21055555555554, 43.41888888888889], [144.21833333333333, 43.41972222222222], [144.23111111111112, 43.43416666666667], [144.23777777777778, 43.43416666666667]]], [[[144.23777777777778, 43.43472222222222], [144.23805555555555, 43.435], [144.23805555555555, 43.43472222222222], [144.23777777777778, 43.43472222222222]]]]}}, {"type": "Feature", "properties": {"id": "301091281106130", "name": "幌呂（ほろろ）", "track": "gauge", "area_km2": 123.42, "n_rain_in": 1, "n_amedas_in": 0}, "geometry": {"type": "Polygon", "coordinates": [[[144.16555555555556, 43.371944444444445], [144.15916666666666, 43.367777777777775], [144.15833333333333, 43.36277777777778], [144.15083333333334, 43.35944444444444], [144.15527777777777, 43.353611111111114], [144.15, 43.35027777777778], [144.15, 43.33833333333333], [144.14277777777778, 43.33583333333333], [144.1461111111111, 43.32388888888889], [144.13, 43.32055555555556], [144.1288888888889, 43.303333333333335], [144.14777777777778, 43.291666666666664], [144.15277777777777, 43.278333333333336], [144.16166666666666, 43.269444444444446], [144.20388888888888, 43.24611111111111], [144.2075, 43.24138888888889], [144.20638888888888, 43.235277777777775], [144.22027777777777, 43.22527777777778], [144.21805555555557, 43.221111111111114], [144.22416666666666, 43.21361111111111], [144.22416666666666, 43.20472222222222], [144.2325, 43.19277777777778], [144.23416666666665, 43.18361111111111], [144.24055555555555, 43.180277777777775], [144.2375, 43.174166666666665], [144.24416666666667, 43.172222222222224], [144.24277777777777, 43.16388888888889], [144.2511111111111, 43.163333333333334], [144.25416666666666, 43.16], [144.25972222222222, 43.1625], [144.26944444444445, 43.16111111111111], [144.27416666666667, 43.15555555555556], [144.28055555555557, 43.155833333333334], [144.28722222222223, 43.15138888888889], [144.32444444444445, 43.154444444444444], [144.32666666666665, 43.1575], [144.31666666666666, 43.16111111111111], [144.31666666666666, 43.16388888888889], [144.3136111111111, 43.16222222222222], [144.30388888888888, 43.16638888888889], [144.3036111111111, 43.17666666666667], [144.29611111111112, 43.1775], [144.2863888888889, 43.18833333333333], [144.28472222222223, 43.20166666666667], [144.28027777777777, 43.20111111111111], [144.27694444444444, 43.20444444444445], [144.28277777777777, 43.21888888888889], [144.27333333333334, 43.24027777777778], [144.26722222222222, 43.243611111111115], [144.2613888888889, 43.25388888888889], [144.24722222222223, 43.26166666666667], [144.24388888888888, 43.27388888888889], [144.23444444444445, 43.28055555555556], [144.22472222222223, 43.28138888888889], [144.21944444444443, 43.29638888888889], [144.21194444444444, 43.30638888888889], [144.21527777777777, 43.318888888888885], [144.20805555555555, 43.32944444444445], [144.21, 43.33416666666667], [144.20583333333335, 43.335277777777776], [144.20277777777778, 43.35194444444444], [144.19361111111112, 43.35388888888889], [144.18472222222223, 43.36388888888889], [144.16555555555556, 43.371944444444445]]]}}, {"type": "Feature", "properties": {"id": "309121289918070", "name": "栗野橋（くりのはし）", "track": "gauge", "area_km2": 337.22, "n_rain_in": 7, "n_amedas_in": 1}, "geometry": {"type": "Polygon", "coordinates": [[[130.91083333333333, 32.16972222222222], [130.90333333333334, 32.16722222222222], [130.90777777777777, 32.160555555555554], [130.89805555555554, 32.1475], [130.8852777777778, 32.145], [130.8761111111111, 32.14666666666667], [130.8661111111111, 32.1375], [130.87805555555556, 32.12027777777778], [130.87222222222223, 32.12083333333333], [130.86583333333334, 32.11666666666667], [130.86694444444444, 32.10333333333333], [130.85666666666665, 32.09861111111111], [130.85083333333333, 32.10305555555556], [130.8475, 32.10111111111111], [130.84444444444443, 32.096111111111114], [130.84972222222223, 32.0925], [130.8413888888889, 32.08277777777778], [130.82777777777778, 32.08083333333333], [130.82083333333333, 32.09], [130.8163888888889, 32.08583333333333], [130.81, 32.089166666666664], [130.80527777777777, 32.098333333333336], [130.79972222222221, 32.09305555555556], [130.79166666666666, 32.09888888888889], [130.76305555555555, 32.08555555555556], [130.7511111111111, 32.085], [130.7486111111111, 32.0875], [130.74166666666667, 32.085], [130.73361111111112, 32.08888888888889], [130.73, 32.085], [130.71277777777777, 32.0825], [130.7125, 32.079166666666666], [130.71722222222223, 32.07611111111111], [130.71138888888888, 32.06944444444444], [130.71583333333334, 32.062777777777775], [130.72583333333333, 32.06194444444444], [130.71916666666667, 32.05416666666667], [130.72722222222222, 32.05361111111111], [130.71666666666667, 32.02055555555555], [130.7213888888889, 32.01555555555556], [130.71722222222223, 32.00111111111111], [130.72194444444443, 31.99861111111111], [130.72472222222223, 31.989722222222223], [130.71944444444443, 31.988333333333333], [130.71583333333334, 31.984166666666667], [130.71694444444444, 31.978055555555557], [130.7125, 31.976666666666667], [130.7163888888889, 31.970555555555556], [130.7125, 31.961388888888887], [130.71916666666667, 31.95916666666667], [130.71472222222224, 31.949166666666667], [130.72083333333333, 31.940833333333334], [130.7263888888889, 31.943333333333335], [130.73333333333332, 31.93861111111111], [130.74, 31.939444444444444], [130.75222222222223, 31.94638888888889], [130.76, 31.945555555555554], [130.76805555555555, 31.94972222222222], [130.7722222222222, 31.948333333333334], [130.77972222222223, 31.9525], [130.7927777777778, 31.95388888888889], [130.79555555555555, 31.947777777777777], [130.805, 31.951666666666668], [130.81583333333333, 31.941388888888888], [130.82416666666666, 31.941388888888888], [130.83416666666668, 31.93611111111111], [130.84083333333334, 31.940277777777776], [130.8513888888889, 31.93638888888889], [130.8563888888889, 31.93861111111111], [130.86111111111111, 31.933888888888887], [130.86666666666667, 31.935], [130.8661111111111, 31.940277777777776], [130.85472222222222, 31.945], [130.8513888888889, 31.95111111111111], [130.85777777777778, 31.96], [130.8563888888889, 31.964444444444446], [130.86916666666667, 31.979166666666668], [130.8786111111111, 31.98472222222222], [130.87944444444443, 31.988611111111112], [130.88944444444445, 31.99], [130.9, 32.01444444444444], [130.91194444444446, 32.02638888888889], [130.9025, 32.0425], [130.91861111111112, 32.03888888888889], [130.92888888888888, 32.0475], [130.93694444444444, 32.049166666666665], [130.94222222222223, 32.053333333333335], [130.945, 32.0625], [130.95027777777779, 32.06388888888889], [130.95694444444445, 32.07333333333333], [130.95472222222222, 32.08416666666667], [130.94833333333332, 32.08638888888889], [130.94472222222223, 32.09361111111111], [130.94972222222222, 32.10916666666667], [130.94222222222223, 32.117222222222225], [130.9413888888889, 32.12888888888889], [130.95305555555555, 32.138888888888886], [130.95138888888889, 32.14388888888889], [130.94305555555556, 32.150555555555556], [130.93972222222223, 32.158611111111114], [130.92388888888888, 32.165], [130.92222222222222, 32.16833333333334], [130.91083333333333, 32.16972222222222]]]}}, {"type": "Feature", "properties": {"id": "309131289919130", "name": "高山橋（こうやまばし）", "track": "gauge", "area_km2": 54.35, "n_rain_in": 2, "n_amedas_in": 1}, "geometry": {"type": "Polygon", "coordinates": [[[130.9438888888889, 31.34861111111111], [130.93583333333333, 31.345555555555556], [130.93916666666667, 31.325277777777778], [130.95472222222222, 31.313055555555557], [130.95916666666668, 31.31277777777778], [130.96055555555554, 31.306944444444444], [130.94333333333333, 31.299722222222222], [130.9411111111111, 31.29138888888889], [130.94583333333333, 31.28611111111111], [130.92805555555555, 31.274166666666666], [130.93277777777777, 31.261666666666667], [130.93166666666667, 31.253611111111113], [130.9386111111111, 31.244166666666665], [130.9361111111111, 31.233888888888888], [130.92527777777778, 31.226944444444445], [130.9272222222222, 31.220833333333335], [130.95055555555555, 31.22833333333333], [130.9725, 31.24861111111111], [130.98305555555555, 31.254444444444445], [130.995, 31.267222222222223], [130.99805555555557, 31.275], [130.99083333333334, 31.289722222222224], [130.99333333333334, 31.295277777777777], [131.01, 31.301388888888887], [131.01305555555555, 31.310277777777777], [131.00055555555556, 31.315833333333334], [130.99055555555555, 31.325833333333332], [130.97666666666666, 31.331666666666667], [130.95777777777778, 31.321666666666665], [130.9575, 31.32638888888889], [130.95305555555555, 31.326944444444443], [130.955, 31.330277777777777], [130.95194444444445, 31.337777777777777], [130.9427777777778, 31.344166666666666], [130.9438888888889, 31.34861111111111]], [[130.93944444444443, 31.329722222222223], [130.93972222222223, 31.33], [130.93972222222223, 31.329722222222223], [130.93944444444443, 31.329722222222223]]]}}, {"type": "Feature", "properties": {"id": "309101289908080", "name": "御船（みふね）", "track": "gauge", "area_km2": 118.85, "n_rain_in": 2, "n_amedas_in": 0}, "geometry": {"type": "Polygon", "coordinates": [[[130.9947222222222, 32.8025], [130.9736111111111, 32.79055555555556], [130.9477777777778, 32.79194444444445], [130.9413888888889, 32.78638888888889], [130.9413888888889, 32.78138888888889], [130.9163888888889, 32.75861111111111], [130.88805555555555, 32.74777777777778], [130.8786111111111, 32.750277777777775], [130.86666666666667, 32.74777777777778], [130.85444444444445, 32.73277777777778], [130.85, 32.73138888888889], [130.84722222222223, 32.73416666666667], [130.84444444444443, 32.73], [130.8325, 32.725833333333334], [130.8336111111111, 32.71861111111111], [130.82444444444445, 32.71138888888889], [130.81833333333333, 32.71194444444444], [130.81694444444443, 32.708333333333336], [130.80833333333334, 32.70611111111111], [130.7975, 32.714166666666664], [130.79333333333332, 32.70944444444444], [130.79777777777778, 32.702222222222225], [130.80638888888888, 32.70194444444444], [130.81416666666667, 32.69277777777778], [130.8275, 32.691944444444445], [130.83805555555554, 32.69888888888889], [130.84583333333333, 32.68944444444445], [130.8552777777778, 32.68805555555556], [130.86, 32.68888888888889], [130.86194444444445, 32.696666666666665], [130.87166666666667, 32.693333333333335], [130.8863888888889, 32.69916666666667], [130.89333333333335, 32.69722222222222], [130.8936111111111, 32.68944444444445], [130.9038888888889, 32.6875], [130.915, 32.693333333333335], [130.92027777777778, 32.6925], [130.93972222222223, 32.70361111111111], [130.9463888888889, 32.70194444444444], [130.95, 32.708888888888886], [130.95833333333334, 32.71138888888889], [130.96055555555554, 32.71666666666667], [130.97027777777777, 32.718333333333334], [130.97166666666666, 32.72361111111111], [130.98555555555555, 32.72666666666667], [130.99194444444444, 32.7375], [130.99944444444444, 32.73777777777778], [131.0052777777778, 32.74944444444444], [131.01222222222222, 32.754444444444445], [131.01777777777778, 32.768055555555556], [131.02083333333334, 32.76888888888889], [131.01833333333335, 32.78611111111111], [131.00666666666666, 32.786944444444444], [130.99805555555557, 32.791666666666664], [130.9947222222222, 32.8025]]]}}, {"type": "Feature", "properties": {"id": "309121289918020", "name": "上真幸（かみまさき）", "track": "gauge", "area_km2": 227.43, "n_rain_in": 4, "n_amedas_in": 1}, "geometry": {"type": "Polygon", "coordinates": [[[130.91083333333333, 32.16972222222222], [130.90333333333334, 32.16722222222222], [130.90777777777777, 32.160555555555554], [130.89805555555554, 32.1475], [130.8852777777778, 32.145], [130.8761111111111, 32.14666666666667], [130.8661111111111, 32.1375], [130.87805555555556, 32.12027777777778], [130.87222222222223, 32.12083333333333], [130.86583333333334, 32.11666666666667], [130.86694444444444, 32.10333333333333], [130.85666666666665, 32.09861111111111], [130.85083333333333, 32.10305555555556], [130.8475, 32.10111111111111], [130.84444444444443, 32.096111111111114], [130.84972222222223, 32.0925], [130.84194444444444, 32.08305555555555], [130.82777777777778, 32.08083333333333], [130.82083333333333, 32.09], [130.8163888888889, 32.08583333333333], [130.81, 32.089166666666664], [130.80527777777777, 32.098333333333336], [130.79972222222221, 32.09305555555556], [130.79166666666666, 32.09888888888889], [130.7722222222222, 32.08972222222222], [130.77027777777778, 32.084722222222226], [130.78027777777777, 32.07194444444445], [130.77944444444444, 32.059444444444445], [130.78583333333333, 32.05638888888889], [130.78527777777776, 32.05111111111111], [130.7913888888889, 32.04833333333333], [130.7902777777778, 32.04194444444445], [130.80416666666667, 32.03333333333333], [130.8022222222222, 32.03138888888889], [130.81027777777777, 32.021388888888886], [130.79694444444445, 32.003055555555555], [130.8, 31.988888888888887], [130.79472222222222, 31.977222222222224], [130.79638888888888, 31.965555555555554], [130.78833333333333, 31.961111111111112], [130.79555555555555, 31.947777777777777], [130.805, 31.951666666666668], [130.81583333333333, 31.941388888888888], [130.82416666666666, 31.941388888888888], [130.83416666666668, 31.93611111111111], [130.84083333333334, 31.940277777777776], [130.86638888888888, 31.934722222222224], [130.8661111111111, 31.940277777777776], [130.85472222222222, 31.945], [130.8513888888889, 31.95111111111111], [130.85777777777778, 31.96], [130.8563888888889, 31.964444444444446], [130.86916666666667, 31.979166666666668], [130.8786111111111, 31.98472222222222], [130.87944444444443, 31.988611111111112], [130.88944444444445, 31.99], [130.9, 32.01444444444444], [130.91194444444446, 32.02638888888889], [130.9025, 32.0425], [130.91861111111112, 32.03888888888889], [130.92166666666665, 32.04333333333334], [130.94027777777777, 32.05138888888889], [130.945, 32.0625], [130.95027777777779, 32.06388888888889], [130.95666666666668, 32.0725], [130.95472222222222, 32.08416666666667], [130.94833333333332, 32.08638888888889], [130.94472222222223, 32.09361111111111], [130.94972222222222, 32.10916666666667], [130.94222222222223, 32.117222222222225], [130.94166666666666, 32.12444444444444], [130.94416666666666, 32.13361111111111], [130.95305555555555, 32.138888888888886], [130.95138888888889, 32.14388888888889], [130.94305555555556, 32.150555555555556], [130.93972222222223, 32.158611111111114], [130.92388888888888, 32.165], [130.92222222222222, 32.16833333333334], [130.91083333333333, 32.16972222222222]]]}}, {"type": "Feature", "properties": {"id": "309121289918060", "name": "吉松（よしまつ）", "track": "gauge", "area_km2": 285.35, "n_rain_in": 5, "n_amedas_in": 1}, "geometry": {"type": "Polygon", "coordinates": [[[130.91083333333333, 32.16972222222222], [130.90333333333334, 32.16722222222222], [130.90777777777777, 32.160555555555554], [130.89805555555554, 32.1475], [130.8852777777778, 32.145], [130.8761111111111, 32.14666666666667], [130.8661111111111, 32.1375], [130.87805555555556, 32.12027777777778], [130.87222222222223, 32.12083333333333], [130.86583333333334, 32.11666666666667], [130.86694444444444, 32.10333333333333], [130.85666666666665, 32.09861111111111], [130.85083333333333, 32.10305555555556], [130.8475, 32.10111111111111], [130.84444444444443, 32.096111111111114], [130.84972222222223, 32.0925], [130.8413888888889, 32.08277777777778], [130.82777777777778, 32.08083333333333], [130.82083333333333, 32.09], [130.8163888888889, 32.08583333333333], [130.81, 32.089166666666664], [130.80527777777777, 32.098333333333336], [130.79972222222221, 32.09305555555556], [130.79166666666666, 32.09888888888889], [130.76305555555555, 32.08555555555556], [130.7511111111111, 32.085], [130.7486111111111, 32.0875], [130.74166666666667, 32.085], [130.73361111111112, 32.08888888888889], [130.73, 32.085], [130.71277777777777, 32.0825], [130.7125, 32.079166666666666], [130.71722222222223, 32.07611111111111], [130.71138888888888, 32.06944444444444], [130.71583333333334, 32.062777777777775], [130.72583333333333, 32.06194444444444], [130.71916666666667, 32.05416666666667], [130.72722222222222, 32.05361111111111], [130.71666666666667, 32.02027777777778], [130.72222222222223, 32.013333333333335], [130.73555555555555, 32.014722222222225], [130.7422222222222, 32.01083333333333], [130.74722222222223, 32.02305555555556], [130.75555555555556, 32.01888888888889], [130.76444444444445, 32.02194444444444], [130.76583333333335, 32.018055555555556], [130.77722222222224, 32.01638888888889], [130.7761111111111, 32.01166666666667], [130.78027777777777, 32.007777777777775], [130.7775, 31.998055555555556], [130.7836111111111, 31.986666666666668], [130.78944444444446, 31.981666666666666], [130.79694444444445, 31.98138888888889], [130.79472222222222, 31.977222222222224], [130.79638888888888, 31.965555555555554], [130.78833333333333, 31.961111111111112], [130.79555555555555, 31.947777777777777], [130.805, 31.951666666666668], [130.81583333333333, 31.941388888888888], [130.82416666666666, 31.941388888888888], [130.83416666666668, 31.93611111111111], [130.84083333333334, 31.940277777777776], [130.86638888888888, 31.934722222222224], [130.8661111111111, 31.940277777777776], [130.85472222222222, 31.945], [130.8513888888889, 31.95111111111111], [130.85777777777778, 31.96], [130.8563888888889, 31.964444444444446], [130.86916666666667, 31.979166666666668], [130.8786111111111, 31.98472222222222], [130.87944444444443, 31.988611111111112], [130.88944444444445, 31.99], [130.9, 32.01444444444444], [130.91194444444446, 32.02638888888889], [130.9025, 32.0425], [130.91861111111112, 32.03888888888889], [130.92166666666665, 32.04333333333334], [130.94027777777777, 32.05138888888889], [130.945, 32.0625], [130.95027777777779, 32.06388888888889], [130.95666666666668, 32.0725], [130.95472222222222, 32.08416666666667], [130.94833333333332, 32.08638888888889], [130.94472222222223, 32.09361111111111], [130.94972222222222, 32.10916666666667], [130.94222222222223, 32.117222222222225], [130.94166666666666, 32.12444444444444], [130.94416666666666, 32.13361111111111], [130.95305555555555, 32.138888888888886], [130.95138888888889, 32.14388888888889], [130.94305555555556, 32.150555555555556], [130.93972222222223, 32.158611111111114], [130.92388888888888, 32.165], [130.92222222222222, 32.16833333333334], [130.91083333333333, 32.16972222222222]]]}}, {"type": "Feature", "properties": {"id": "309121289918100", "name": "荒田（あらた）", "track": "gauge", "area_km2": 409.04, "n_rain_in": 8, "n_amedas_in": 1}, "geometry": {"type": "MultiPolygon", "coordinates": [[[[130.72194444444443, 31.914722222222224], [130.72166666666666, 31.914444444444445], [130.72166666666666, 31.914722222222224], [130.72194444444443, 31.914722222222224]]], [[[130.72194444444443, 31.914722222222224], [130.72166666666666, 31.920555555555556], [130.71805555555557, 31.919444444444444], [130.7175, 31.92388888888889], [130.69583333333333, 31.925555555555555], [130.69694444444445, 31.929166666666667], [130.69055555555556, 31.93], [130.68833333333333, 31.933333333333334], [130.67888888888888, 31.932222222222222], [130.67777777777778, 31.928333333333335], [130.6677777777778, 31.930833333333332], [130.66083333333333, 31.926944444444445], [130.66, 31.922777777777778], [130.645, 31.920277777777777], [130.63722222222222, 31.925833333333333], [130.63666666666666, 31.933333333333334], [130.6275, 31.933611111111112], [130.61333333333334, 31.954166666666666], [130.62055555555557, 31.95861111111111], [130.63444444444445, 31.95861111111111], [130.63916666666665, 31.968333333333334], [130.63111111111112, 31.970277777777778], [130.62777777777777, 31.978055555555557], [130.63305555555556, 31.99138888888889], [130.62722222222223, 32.007222222222225], [130.63694444444445, 32.005833333333335], [130.6425, 31.99527777777778], [130.64638888888888, 31.99361111111111], [130.66833333333332, 31.9975], [130.67555555555555, 31.9925], [130.68472222222223, 31.995833333333334], [130.6886111111111, 32.00388888888889], [130.69666666666666, 32.00861111111111], [130.71083333333334, 32.00472222222222], [130.7213888888889, 32.015], [130.71666666666667, 32.02027777777778], [130.71805555555557, 32.030277777777776], [130.7213888888889, 32.03388888888889], [130.72, 32.036944444444444], [130.72472222222223, 32.04], [130.72722222222222, 32.053333333333335], [130.7188888888889, 32.05444444444444], [130.72583333333333, 32.06194444444444], [130.71583333333334, 32.062777777777775], [130.71138888888888, 32.06944444444444], [130.71722222222223, 32.07611111111111], [130.71194444444444, 32.08], [130.7136111111111, 32.08305555555555], [130.73, 32.085], [130.73361111111112, 32.08888888888889], [130.74166666666667, 32.085], [130.7486111111111, 32.0875], [130.7511111111111, 32.085], [130.76305555555555, 32.08555555555556], [130.79194444444445, 32.09888888888889], [130.79972222222221, 32.09305555555556], [130.80527777777777, 32.098333333333336], [130.81, 32.089166666666664], [130.8163888888889, 32.08583333333333], [130.82083333333333, 32.09], [130.82777777777778, 32.08083333333333], [130.8413888888889, 32.08277777777778], [130.84972222222223, 32.0925], [130.84444444444443, 32.096111111111114], [130.8475, 32.10111111111111], [130.85083333333333, 32.10305555555556], [130.85666666666665, 32.09861111111111], [130.86694444444444, 32.10333333333333], [130.86583333333334, 32.11666666666667], [130.87222222222223, 32.12083333333333], [130.87805555555556, 32.12027777777778], [130.8661111111111, 32.1375], [130.8761111111111, 32.14666666666667], [130.8852777777778, 32.145], [130.89805555555554, 32.1475], [130.90777777777777, 32.160555555555554], [130.9036111111111, 32.1675], [130.92138888888888, 32.16861111111111], [130.9427777777778, 32.15638888888889], [130.94305555555556, 32.150555555555556], [130.95305555555555, 32.13916666666667], [130.9413888888889, 32.12888888888889], [130.94222222222223, 32.117222222222225], [130.94972222222222, 32.10916666666667], [130.94472222222223, 32.09361111111111], [130.94833333333332, 32.08638888888889], [130.95472222222222, 32.08416666666667], [130.95666666666668, 32.0725], [130.95027777777779, 32.06388888888889], [130.945, 32.0625], [130.94027777777777, 32.05138888888889], [130.92166666666665, 32.04333333333334], [130.91861111111112, 32.03888888888889], [130.9025, 32.0425], [130.91194444444446, 32.02638888888889], [130.9, 32.01444444444444], [130.88944444444445, 31.99], [130.87944444444443, 31.988611111111112], [130.8786111111111, 31.98472222222222], [130.86916666666667, 31.979166666666668], [130.8563888888889, 31.964444444444446], [130.85777777777778, 31.96], [130.8513888888889, 31.95111111111111], [130.85472222222222, 31.945], [130.8661111111111, 31.940277777777776], [130.86666666666667, 31.935], [130.86111111111111, 31.933888888888887], [130.8563888888889, 31.93861111111111], [130.8513888888889, 31.93638888888889], [130.84083333333334, 31.940277777777776], [130.83416666666668, 31.93611111111111], [130.82416666666666, 31.941388888888888], [130.81583333333333, 31.941388888888888], [130.805, 31.951666666666668], [130.79638888888888, 31.9475], [130.79361111111112, 31.953611111111112], [130.78305555555556, 31.953055555555554], [130.735, 31.94], [130.72916666666666, 31.925], [130.72444444444446, 31.923333333333332], [130.725, 31.916666666666668], [130.72222222222223, 31.914722222222224], [130.72194444444443, 31.914722222222224]]]]}}, {"type": "Feature", "properties": {"id": "309061289920010", "name": "杖立（つえたて）", "track": "gauge", "area_km2": 281.39, "n_rain_in": 10, "n_amedas_in": 1}, "geometry": {"type": "Polygon", "coordinates": [[[131.07361111111112, 33.20444444444445], [131.06555555555556, 33.19916666666667], [131.06527777777777, 33.1925], [131.05194444444444, 33.185833333333335], [131.03944444444446, 33.1875], [131.0288888888889, 33.18361111111111], [131.02444444444444, 33.17444444444445], [131.0338888888889, 33.15833333333333], [131.01333333333332, 33.155833333333334], [131.0102777777778, 33.15222222222222], [131.01416666666665, 33.1475], [131.00916666666666, 33.14805555555556], [131.00833333333333, 33.14361111111111], [131.0013888888889, 33.14111111111111], [131.0013888888889, 33.13638888888889], [131.0175, 33.124722222222225], [131.01555555555555, 33.11194444444445], [131.0197222222222, 33.10027777777778], [131.01805555555555, 33.09111111111111], [131.0222222222222, 33.091388888888886], [131.02388888888888, 33.0875], [131.01416666666665, 33.0775], [131.02, 33.073055555555555], [131.0186111111111, 33.068333333333335], [131.02694444444444, 33.05972222222222], [131.0197222222222, 33.055], [131.01916666666668, 33.049166666666665], [131.01416666666665, 33.05027777777778], [131.0125, 33.04333333333334], [131.00416666666666, 33.03861111111111], [131.0036111111111, 33.03277777777778], [130.99555555555557, 33.02638888888889], [131.00333333333333, 33.019444444444446], [131.00833333333333, 33.01888888888889], [131.00444444444443, 33.00833333333333], [131.0113888888889, 32.992777777777775], [131.02527777777777, 33.00861111111111], [131.0286111111111, 33.00694444444444], [131.03666666666666, 33.01138888888889], [131.0661111111111, 33.00972222222222], [131.07333333333332, 32.99944444444444], [131.09944444444446, 33.0], [131.10111111111112, 32.99583333333333], [131.10444444444445, 32.995555555555555], [131.1075, 32.999722222222225], [131.11277777777778, 32.996944444444445], [131.11527777777778, 33.00944444444445], [131.12416666666667, 33.00611111111111], [131.1313888888889, 33.01611111111111], [131.13944444444445, 33.01694444444445], [131.14166666666668, 33.02111111111111], [131.14888888888888, 33.019444444444446], [131.1511111111111, 33.024166666666666], [131.16166666666666, 33.02638888888889], [131.16861111111112, 33.05], [131.20444444444445, 33.083888888888886], [131.20916666666668, 33.08694444444444], [131.21694444444444, 33.08138888888889], [131.2263888888889, 33.08444444444444], [131.2161111111111, 33.09444444444444], [131.19805555555556, 33.095555555555556], [131.19083333333333, 33.0925], [131.18694444444444, 33.098333333333336], [131.17694444444444, 33.10111111111111], [131.17361111111111, 33.09888888888889], [131.17361111111111, 33.10527777777778], [131.16694444444445, 33.10888888888889], [131.16694444444445, 33.11416666666667], [131.16305555555556, 33.117222222222225], [131.17166666666665, 33.1275], [131.1613888888889, 33.12972222222222], [131.16416666666666, 33.140277777777776], [131.1511111111111, 33.15361111111111], [131.1338888888889, 33.16], [131.13416666666666, 33.166111111111114], [131.12222222222223, 33.16916666666667], [131.12, 33.17805555555555], [131.09916666666666, 33.17888888888889], [131.09444444444443, 33.18972222222222], [131.09472222222223, 33.19722222222222], [131.07361111111112, 33.20444444444445]]]}}, {"type": "Feature", "properties": {"id": "308031288809202", "name": "秋田（あいだ）", "track": "gauge", "area_km2": 133.19, "n_rain_in": 2, "n_amedas_in": 0}, "geometry": {"type": "Polygon", "coordinates": [[[132.9725, 33.160833333333336], [132.96555555555557, 33.15472222222222], [132.96305555555554, 33.1475], [132.95027777777779, 33.149166666666666], [132.94027777777777, 33.14527777777778], [132.93555555555557, 33.1375], [132.91027777777776, 33.144444444444446], [132.89888888888888, 33.14416666666666], [132.89055555555555, 33.15277777777778], [132.88361111111112, 33.15361111111111], [132.87666666666667, 33.159166666666664], [132.8713888888889, 33.15694444444444], [132.87166666666667, 33.14944444444444], [132.86138888888888, 33.1375], [132.85555555555555, 33.13611111111111], [132.855, 33.13027777777778], [132.86055555555555, 33.12027777777778], [132.85916666666665, 33.11361111111111], [132.86916666666667, 33.106944444444444], [132.87527777777777, 33.096111111111114], [132.88416666666666, 33.091388888888886], [132.88861111111112, 33.081944444444446], [132.89305555555555, 33.081944444444446], [132.90555555555557, 33.07083333333333], [132.9152777777778, 33.06944444444444], [132.92527777777778, 33.0625], [132.92333333333335, 33.05388888888889], [132.9311111111111, 33.05027777777778], [132.93027777777777, 33.0425], [132.92583333333334, 33.0375], [132.9311111111111, 33.02527777777778], [132.93944444444443, 33.03194444444444], [132.94333333333333, 33.026666666666664], [132.95055555555555, 33.02611111111111], [132.95555555555555, 33.02111111111111], [132.96333333333334, 33.028888888888886], [132.96166666666667, 33.047222222222224], [132.97027777777777, 33.06666666666667], [132.96916666666667, 33.07138888888889], [132.9736111111111, 33.07416666666667], [132.97166666666666, 33.086666666666666], [132.98305555555555, 33.088055555555556], [132.9886111111111, 33.09888888888889], [132.99694444444444, 33.09916666666667], [133.0063888888889, 33.11055555555556], [133.01944444444445, 33.11388888888889], [133.03027777777777, 33.11], [133.04416666666665, 33.11083333333333], [133.0575, 33.13111111111111], [133.05555555555554, 33.13444444444445], [133.035, 33.13944444444444], [133.02277777777778, 33.15027777777778], [133.00444444444443, 33.14666666666667], [132.99944444444444, 33.15833333333333], [132.99388888888888, 33.16027777777778], [132.98472222222222, 33.157222222222224], [132.9725, 33.160833333333336]]]}}, {"type": "Feature", "properties": {"id": "307061287707020", "name": "日原（にちはら）", "track": "gauge", "area_km2": 537.45, "n_rain_in": 6, "n_amedas_in": 2}, "geometry": {"type": "Polygon", "coordinates": [[[131.87444444444444, 34.57861111111111], [131.8636111111111, 34.579166666666666], [131.86305555555555, 34.57194444444445], [131.8552777777778, 34.562777777777775], [131.8461111111111, 34.55972222222222], [131.8375, 34.54805555555556], [131.8311111111111, 34.54638888888889], [131.82916666666668, 34.535], [131.82361111111112, 34.52972222222222], [131.8213888888889, 34.522222222222226], [131.8113888888889, 34.514722222222225], [131.81027777777777, 34.509166666666665], [131.79472222222222, 34.50277777777778], [131.79111111111112, 34.49388888888889], [131.78277777777777, 34.495], [131.7825, 34.50055555555556], [131.7763888888889, 34.50611111111111], [131.76361111111112, 34.50694444444444], [131.75305555555556, 34.51722222222222], [131.75722222222223, 34.526944444444446], [131.74416666666667, 34.529444444444444], [131.73527777777778, 34.53805555555556], [131.73388888888888, 34.5425], [131.73888888888888, 34.55555555555556], [131.73194444444445, 34.56666666666667], [131.7275, 34.56666666666667], [131.72166666666666, 34.5725], [131.71666666666667, 34.57055555555556], [131.7125, 34.5625], [131.70277777777778, 34.565], [131.70527777777778, 34.55916666666667], [131.70111111111112, 34.55083333333333], [131.70555555555555, 34.54472222222222], [131.70083333333332, 34.53722222222222], [131.70638888888888, 34.532222222222224], [131.68777777777777, 34.521388888888886], [131.68694444444444, 34.5175], [131.68138888888888, 34.51861111111111], [131.67277777777778, 34.510555555555555], [131.6688888888889, 34.510555555555555], [131.66555555555556, 34.50222222222222], [131.67361111111111, 34.50222222222222], [131.6822222222222, 34.49305555555556], [131.68138888888888, 34.478611111111114], [131.69361111111112, 34.48166666666667], [131.70027777777779, 34.475], [131.6938888888889, 34.465833333333336], [131.69555555555556, 34.45444444444445], [131.6988888888889, 34.450833333333335], [131.6925, 34.44305555555555], [131.69722222222222, 34.43527777777778], [131.70305555555555, 34.43638888888889], [131.7125, 34.42861111111111], [131.7225, 34.42861111111111], [131.72861111111112, 34.4325], [131.7386111111111, 34.42861111111111], [131.7552777777778, 34.440555555555555], [131.7563888888889, 34.43638888888889], [131.76166666666666, 34.43361111111111], [131.77055555555555, 34.437222222222225], [131.77388888888888, 34.43472222222222], [131.79361111111112, 34.43611111111111], [131.79416666666665, 34.425], [131.78694444444446, 34.41305555555556], [131.78472222222223, 34.39972222222222], [131.7747222222222, 34.395], [131.77277777777778, 34.38722222222222], [131.76527777777778, 34.38388888888889], [131.76361111111112, 34.376666666666665], [131.76722222222222, 34.375], [131.76555555555555, 34.36361111111111], [131.7788888888889, 34.35111111111111], [131.77944444444444, 34.34388888888889], [131.77444444444444, 34.33722222222222], [131.7775, 34.33277777777778], [131.79611111111112, 34.32666666666667], [131.79777777777778, 34.31722222222222], [131.8025, 34.316944444444445], [131.80694444444444, 34.31194444444444], [131.81555555555556, 34.31111111111111], [131.8202777777778, 34.30277777777778], [131.82416666666666, 34.305277777777775], [131.83138888888888, 34.3025], [131.83527777777778, 34.31138888888889], [131.8411111111111, 34.308055555555555], [131.84555555555556, 34.310833333333335], [131.85083333333333, 34.30638888888889], [131.8697222222222, 34.304722222222225], [131.87305555555557, 34.30861111111111], [131.88555555555556, 34.310833333333335], [131.8838888888889, 34.32138888888889], [131.8875, 34.327222222222225], [131.8997222222222, 34.31861111111111], [131.91972222222222, 34.338055555555556], [131.93, 34.33361111111111], [131.93305555555557, 34.327777777777776], [131.93944444444443, 34.327777777777776], [131.94555555555556, 34.32361111111111], [131.94472222222223, 34.32083333333333], [131.95916666666668, 34.306111111111115], [131.9636111111111, 34.3125], [131.9625, 34.323055555555555], [131.97055555555556, 34.32361111111111], [131.975, 34.33027777777778], [131.9738888888889, 34.341388888888886], [131.98055555555555, 34.343333333333334], [131.98194444444445, 34.34972222222222], [131.98944444444444, 34.352222222222224], [131.99444444444444, 34.361666666666665], [132.0038888888889, 34.36972222222222], [132.0011111111111, 34.37305555555555], [132.00055555555556, 34.385], [131.99277777777777, 34.3875], [131.98944444444444, 34.397777777777776], [131.97305555555556, 34.403055555555554], [131.97472222222223, 34.40833333333333], [131.97, 34.414722222222224], [131.97083333333333, 34.42444444444445], [131.97944444444445, 34.42805555555555], [131.98527777777778, 34.43416666666667], [131.9875, 34.44222222222222], [131.99583333333334, 34.44722222222222], [131.995, 34.452777777777776], [131.9897222222222, 34.45444444444445], [131.9947222222222, 34.46333333333333], [131.99527777777777, 34.473333333333336], [131.98388888888888, 34.47472222222222], [131.9738888888889, 34.471111111111114], [131.96694444444444, 34.47527777777778], [131.96944444444443, 34.484722222222224], [131.96555555555557, 34.48972222222222], [131.9661111111111, 34.505833333333335], [131.9572222222222, 34.51638888888889], [131.94805555555556, 34.51555555555556], [131.9425, 34.50805555555556], [131.93333333333334, 34.509166666666665], [131.92277777777778, 34.51111111111111], [131.91972222222222, 34.516666666666666], [131.90527777777777, 34.52444444444444], [131.90805555555556, 34.53611111111111], [131.9038888888889, 34.54416666666667], [131.91, 34.55111111111111], [131.8975, 34.555], [131.8972222222222, 34.55777777777778], [131.88416666666666, 34.555277777777775], [131.87972222222223, 34.56055555555555], [131.87944444444443, 34.56666666666667], [131.87333333333333, 34.56638888888889], [131.87444444444444, 34.57861111111111]]]}}, {"type": "Feature", "properties": {"id": "307061287707030", "name": "神田（かんだ）", "track": "gauge", "area_km2": 616.45, "n_rain_in": 6, "n_amedas_in": 2}, "geometry": {"type": "Polygon", "coordinates": [[[131.79888888888888, 34.60944444444444], [131.79638888888888, 34.6025], [131.79861111111111, 34.596111111111114], [131.79555555555555, 34.590555555555554], [131.79055555555556, 34.59], [131.7875, 34.58222222222222], [131.77527777777777, 34.57944444444445], [131.76416666666665, 34.58305555555555], [131.74916666666667, 34.577777777777776], [131.7463888888889, 34.57416666666667], [131.7488888888889, 34.56888888888889], [131.73944444444444, 34.56138888888889], [131.735, 34.56138888888889], [131.73194444444445, 34.56666666666667], [131.7275, 34.56666666666667], [131.72166666666666, 34.5725], [131.71666666666667, 34.57055555555556], [131.7125, 34.5625], [131.70277777777778, 34.565], [131.70527777777778, 34.55916666666667], [131.70111111111112, 34.55083333333333], [131.70555555555555, 34.54472222222222], [131.70083333333332, 34.53722222222222], [131.70638888888888, 34.532222222222224], [131.68777777777777, 34.521388888888886], [131.68694444444444, 34.5175], [131.68138888888888, 34.51861111111111], [131.67277777777778, 34.510555555555555], [131.6688888888889, 34.510555555555555], [131.66555555555556, 34.5025], [131.67361111111111, 34.50222222222222], [131.6822222222222, 34.49305555555556], [131.68138888888888, 34.478611111111114], [131.69361111111112, 34.48166666666667], [131.70027777777779, 34.475], [131.6938888888889, 34.465833333333336], [131.69555555555556, 34.45444444444445], [131.6988888888889, 34.450833333333335], [131.6925, 34.44305555555555], [131.69722222222222, 34.43527777777778], [131.70305555555555, 34.43638888888889], [131.7125, 34.42861111111111], [131.7225, 34.42861111111111], [131.72861111111112, 34.4325], [131.7386111111111, 34.42861111111111], [131.7552777777778, 34.440555555555555], [131.7563888888889, 34.43638888888889], [131.76166666666666, 34.43361111111111], [131.77055555555555, 34.437222222222225], [131.77388888888888, 34.43472222222222], [131.79361111111112, 34.43611111111111], [131.79416666666665, 34.425], [131.78694444444446, 34.41305555555556], [131.78472222222223, 34.39972222222222], [131.7786111111111, 34.39861111111111], [131.7736111111111, 34.39361111111111], [131.77277777777778, 34.38722222222222], [131.76361111111112, 34.38111111111111], [131.76361111111112, 34.376666666666665], [131.76722222222222, 34.375], [131.76555555555555, 34.36361111111111], [131.77166666666668, 34.35527777777778], [131.77777777777777, 34.354166666666664], [131.77944444444444, 34.34388888888889], [131.77444444444444, 34.3375], [131.77694444444444, 34.333333333333336], [131.7927777777778, 34.329166666666666], [131.79638888888888, 34.326388888888886], [131.79777777777778, 34.31722222222222], [131.8025, 34.316944444444445], [131.80694444444444, 34.31194444444444], [131.81555555555556, 34.31111111111111], [131.81944444444446, 34.30305555555555], [131.82416666666666, 34.305277777777775], [131.83138888888888, 34.3025], [131.83527777777778, 34.31138888888889], [131.8411111111111, 34.308055555555555], [131.84555555555556, 34.310833333333335], [131.85944444444445, 34.304722222222225], [131.8825, 34.30916666666667], [131.8863888888889, 34.31305555555556], [131.8838888888889, 34.32138888888889], [131.88666666666666, 34.32666666666667], [131.8997222222222, 34.31861111111111], [131.9113888888889, 34.327222222222225], [131.91861111111112, 34.338055555555556], [131.93, 34.33361111111111], [131.93305555555557, 34.327777777777776], [131.93944444444443, 34.327777777777776], [131.94555555555556, 34.32361111111111], [131.94472222222223, 34.32083333333333], [131.9597222222222, 34.30638888888889], [131.9636111111111, 34.3125], [131.9625, 34.323055555555555], [131.97055555555556, 34.32361111111111], [131.975, 34.33027777777778], [131.9738888888889, 34.341388888888886], [131.98055555555555, 34.343333333333334], [131.98194444444445, 34.34972222222222], [131.98944444444444, 34.352222222222224], [131.99444444444444, 34.361666666666665], [132.0038888888889, 34.36972222222222], [132.0011111111111, 34.37305555555555], [132.00055555555556, 34.385], [131.99277777777777, 34.3875], [131.98944444444444, 34.397777777777776], [131.97305555555556, 34.403055555555554], [131.97472222222223, 34.40833333333333], [131.97, 34.414722222222224], [131.97083333333333, 34.42444444444445], [131.97944444444445, 34.42805555555555], [131.98527777777778, 34.43416666666667], [131.9875, 34.44222222222222], [131.99583333333334, 34.44722222222222], [131.995, 34.452777777777776], [131.9897222222222, 34.45444444444445], [131.9947222222222, 34.46333333333333], [131.99527777777777, 34.473333333333336], [131.98388888888888, 34.47472222222222], [131.9738888888889, 34.471111111111114], [131.96694444444444, 34.47527777777778], [131.96944444444443, 34.484722222222224], [131.96555555555557, 34.48972222222222], [131.9661111111111, 34.505833333333335], [131.9572222222222, 34.51638888888889], [131.94805555555556, 34.51555555555556], [131.9425, 34.50805555555556], [131.93333333333334, 34.509166666666665], [131.92277777777778, 34.51111111111111], [131.91972222222222, 34.516666666666666], [131.90527777777777, 34.52444444444444], [131.90805555555556, 34.53611111111111], [131.9038888888889, 34.54416666666667], [131.91, 34.55111111111111], [131.8975, 34.555], [131.8972222222222, 34.55777777777778], [131.88416666666666, 34.555277777777775], [131.87972222222223, 34.56055555555555], [131.87944444444443, 34.56666666666667], [131.87333333333333, 34.56638888888889], [131.87416666666667, 34.57888888888889], [131.8436111111111, 34.583888888888886], [131.83972222222224, 34.594722222222224], [131.83166666666668, 34.590833333333336], [131.82111111111112, 34.59972222222222], [131.81555555555556, 34.602777777777774], [131.80972222222223, 34.60111111111111], [131.79888888888888, 34.60944444444444]]]}}, {"type": "Feature", "properties": {"id": "307061287707060", "name": "隅村（すみむら）", "track": "gauge", "area_km2": 355.52, "n_rain_in": 3, "n_amedas_in": 0}, "geometry": {"type": "MultiPolygon", "coordinates": [[[[132.12833333333333, 34.592777777777776], [132.1238888888889, 34.58777777777778], [132.12527777777777, 34.584722222222226], [132.11777777777777, 34.57833333333333], [132.11888888888888, 34.57194444444445], [132.11388888888888, 34.5625], [132.10083333333333, 34.55555555555556], [132.0836111111111, 34.53722222222222], [132.0525, 34.53], [132.04777777777778, 34.521388888888886], [132.0475, 34.51277777777778], [132.0363888888889, 34.50194444444445], [132.05027777777778, 34.5], [132.06, 34.492222222222225], [132.05777777777777, 34.48027777777778], [132.06527777777777, 34.47527777777778], [132.06833333333333, 34.46805555555556], [132.05638888888888, 34.4675], [132.04972222222221, 34.474444444444444], [132.0388888888889, 34.475], [132.02083333333334, 34.466388888888886], [132.01638888888888, 34.4675], [132.00694444444446, 34.45916666666667], [132.0063888888889, 34.45361111111111], [131.995, 34.45055555555555], [131.9897222222222, 34.45472222222222], [131.9947222222222, 34.46333333333333], [131.99527777777777, 34.473333333333336], [131.98388888888888, 34.47472222222222], [131.9738888888889, 34.471111111111114], [131.96694444444444, 34.47527777777778], [131.96944444444443, 34.484722222222224], [131.96555555555557, 34.48972222222222], [131.9661111111111, 34.505833333333335], [131.9572222222222, 34.51638888888889], [131.94805555555556, 34.51555555555556], [131.9425, 34.50805555555556], [131.92277777777778, 34.51111111111111], [131.91972222222222, 34.516666666666666], [131.90527777777777, 34.52444444444444], [131.90805555555556, 34.53611111111111], [131.9038888888889, 34.54416666666667], [131.91, 34.55111111111111], [131.8975, 34.555], [131.8972222222222, 34.55777777777778], [131.88416666666666, 34.555277777777775], [131.87972222222223, 34.56055555555555], [131.87944444444443, 34.56666666666667], [131.87333333333333, 34.56638888888889], [131.87416666666667, 34.57888888888889], [131.8436111111111, 34.583888888888886], [131.8388888888889, 34.595], [131.83194444444445, 34.590833333333336], [131.82555555555555, 34.59388888888889], [131.82527777777779, 34.59722222222222], [131.81972222222223, 34.60027777777778], [131.82222222222222, 34.60333333333333], [131.81916666666666, 34.613055555555555], [131.83305555555555, 34.61944444444445], [131.84444444444443, 34.61361111111111], [131.86166666666668, 34.61888888888889], [131.8736111111111, 34.61333333333333], [131.87916666666666, 34.62583333333333], [131.8827777777778, 34.62777777777778], [131.89666666666668, 34.6225], [131.9063888888889, 34.62444444444444], [131.91166666666666, 34.61972222222222], [131.91861111111112, 34.62166666666667], [131.92138888888888, 34.61361111111111], [131.9322222222222, 34.61222222222222], [131.94305555555556, 34.617222222222225], [131.94722222222222, 34.62444444444444], [131.96277777777777, 34.63027777777778], [131.96583333333334, 34.635555555555555], [131.98722222222221, 34.62694444444445], [131.995, 34.63138888888889], [132.0088888888889, 34.63111111111111], [132.0125, 34.62555555555556], [132.02194444444444, 34.63138888888889], [132.02722222222224, 34.62861111111111], [132.03555555555556, 34.630833333333335], [132.03916666666666, 34.62722222222222], [132.04805555555555, 34.63138888888889], [132.05444444444444, 34.62277777777778], [132.05666666666667, 34.62833333333333], [132.06555555555556, 34.632777777777775], [132.06833333333333, 34.63805555555555], [132.06555555555556, 34.64472222222222], [132.0688888888889, 34.653888888888886], [132.06694444444443, 34.66111111111111], [132.07777777777778, 34.665277777777774], [132.08194444444445, 34.67111111111111], [132.0822222222222, 34.67805555555555], [132.09277777777777, 34.685833333333335], [132.09694444444443, 34.701388888888886], [132.10111111111112, 34.702777777777776], [132.10166666666666, 34.715], [132.11, 34.71888888888889], [132.11527777777778, 34.71138888888889], [132.12305555555557, 34.71527777777778], [132.1286111111111, 34.71222222222222], [132.13194444444446, 34.70333333333333], [132.13, 34.69916666666667], [132.14111111111112, 34.691944444444445], [132.1586111111111, 34.6925], [132.16194444444446, 34.68333333333333], [132.1613888888889, 34.67888888888889], [132.15777777777777, 34.68138888888889], [132.155, 34.67944444444444], [132.15555555555557, 34.67638888888889], [132.14694444444444, 34.66583333333333], [132.1475, 34.661944444444444], [132.13722222222222, 34.651944444444446], [132.13722222222222, 34.64805555555556], [132.13361111111112, 34.64833333333333], [132.1338888888889, 34.64416666666666], [132.1263888888889, 34.64083333333333], [132.1302777777778, 34.62916666666667], [132.12277777777777, 34.62361111111111], [132.11666666666667, 34.60638888888889], [132.12833333333333, 34.592777777777776]]], [[[132.12833333333333, 34.59305555555556], [132.1286111111111, 34.593333333333334], [132.1286111111111, 34.59305555555556], [132.12833333333333, 34.59305555555556]]]]}}, {"type": "Feature", "properties": {"id": "308081288804006", "name": "明神（みょうじん）", "track": "gauge", "area_km2": 37.39, "n_rain_in": 3, "n_amedas_in": 0}, "geometry": {"type": "Polygon", "coordinates": [[[134.03444444444443, 34.1275], [134.0225, 34.11972222222222], [134.01277777777779, 34.1175], [134.00583333333333, 34.12555555555556], [133.99805555555557, 34.12416666666667], [133.98444444444445, 34.11527777777778], [133.95444444444445, 34.12111111111111], [133.93972222222223, 34.115], [133.93777777777777, 34.1075], [133.94472222222223, 34.10166666666667], [133.94555555555556, 34.09222222222222], [133.9561111111111, 34.08861111111111], [133.96027777777778, 34.08166666666666], [133.9688888888889, 34.08166666666666], [133.97305555555556, 34.07277777777778], [133.9777777777778, 34.07694444444444], [133.99444444444444, 34.0725], [134.00166666666667, 34.075], [134.00277777777777, 34.081944444444446], [134.00972222222222, 34.086666666666666], [134.0261111111111, 34.085], [134.02527777777777, 34.091944444444444], [134.0402777777778, 34.10111111111111], [134.04222222222222, 34.110277777777775], [134.04944444444445, 34.1175], [134.03444444444443, 34.1275]]]}}, {"type": "Feature", "properties": {"id": "306041286608010", "name": "南田原（みなみたはら）", "track": "gauge", "area_km2": 61.36, "n_rain_in": 2, "n_amedas_in": 0}, "geometry": {"type": "Polygon", "coordinates": [[[135.34666666666666, 35.026944444444446], [135.3275, 35.02333333333333], [135.3227777777778, 35.025], [135.32166666666666, 35.01416666666667], [135.31555555555556, 35.01583333333333], [135.31333333333333, 35.01], [135.29111111111112, 35.01], [135.28472222222223, 34.99888888888889], [135.30305555555555, 34.99527777777778], [135.30444444444444, 34.98972222222222], [135.31027777777777, 34.985], [135.30166666666668, 34.9825], [135.29777777777778, 34.97555555555556], [135.30166666666668, 34.96361111111111], [135.3113888888889, 34.958888888888886], [135.31416666666667, 34.960277777777776], [135.31444444444443, 34.94861111111111], [135.32666666666665, 34.94138888888889], [135.32555555555555, 34.93361111111111], [135.3202777777778, 34.93333333333333], [135.3213888888889, 34.91722222222222], [135.34, 34.91638888888889], [135.34083333333334, 34.913333333333334], [135.35166666666666, 34.91222222222222], [135.35111111111112, 34.89972222222222], [135.35722222222222, 34.899166666666666], [135.37444444444444, 34.9075], [135.36527777777778, 34.94027777777778], [135.37055555555557, 34.94166666666667], [135.37666666666667, 34.955555555555556], [135.36222222222221, 34.96111111111111], [135.36416666666668, 34.97], [135.36027777777778, 34.97416666666667], [135.36333333333334, 34.977222222222224], [135.3525, 34.99], [135.355, 35.02472222222222], [135.34666666666666, 35.026944444444446]]]}}, {"type": "Feature", "properties": {"id": "305101285514060", "name": "河原田（かわらだ）", "track": "gauge", "area_km2": 54.31, "n_rain_in": 1, "n_amedas_in": 0}, "geometry": {"type": "Polygon", "coordinates": [[[136.42944444444444, 35.00138888888889], [136.4138888888889, 34.99638888888889], [136.4152777777778, 34.98083333333334], [136.4311111111111, 34.975833333333334], [136.44027777777777, 34.97694444444444], [136.44861111111112, 34.97222222222222], [136.45111111111112, 34.965], [136.46083333333334, 34.95527777777778], [136.47472222222223, 34.95111111111111], [136.48361111111112, 34.955], [136.49277777777777, 34.954166666666666], [136.49722222222223, 34.94722222222222], [136.5, 34.94861111111111], [136.51361111111112, 34.94305555555555], [136.52777777777777, 34.929722222222225], [136.54916666666668, 34.922777777777775], [136.55777777777777, 34.916666666666664], [136.56444444444443, 34.9175], [136.57083333333333, 34.910555555555554], [136.57555555555555, 34.91138888888889], [136.57916666666668, 34.90777777777778], [136.5875, 34.908055555555556], [136.58777777777777, 34.916111111111114], [136.59777777777776, 34.91888888888889], [136.59277777777777, 34.9225], [136.58416666666668, 34.922777777777775], [136.5861111111111, 34.925555555555555], [136.58333333333334, 34.933055555555555], [136.57444444444445, 34.93611111111111], [136.5727777777778, 34.940555555555555], [136.55916666666667, 34.943333333333335], [136.5413888888889, 34.9575], [136.52527777777777, 34.965], [136.51777777777778, 34.973055555555554], [136.51833333333335, 34.97833333333333], [136.51361111111112, 34.975833333333334], [136.50833333333333, 34.98138888888889], [136.475, 34.995555555555555], [136.47166666666666, 34.99194444444444], [136.4611111111111, 34.99055555555555], [136.44722222222222, 35.000277777777775], [136.42944444444444, 35.00138888888889]], [[136.57305555555556, 34.91138888888889], [136.57333333333332, 34.91166666666667], [136.57333333333332, 34.91138888888889], [136.57305555555556, 34.91138888888889]]]}}, {"type": "Feature", "properties": {"id": "305051285510070", "name": "犬居（いぬい）", "track": "gauge", "area_km2": 303.49, "n_rain_in": 4, "n_amedas_in": 0}, "geometry": {"type": "MultiPolygon", "coordinates": [[[[137.96083333333334, 34.94722222222222], [137.9611111111111, 34.94694444444445], [137.96083333333334, 34.94694444444445], [137.96083333333334, 34.94722222222222]]], [[[137.96055555555554, 34.94722222222222], [137.9477777777778, 34.94972222222222], [137.9427777777778, 34.94611111111111], [137.93805555555556, 34.9475], [137.92888888888888, 34.94027777777778], [137.91555555555556, 34.945], [137.9086111111111, 34.952222222222225], [137.9013888888889, 34.95472222222222], [137.89111111111112, 34.95055555555555], [137.88222222222223, 34.95166666666667], [137.88472222222222, 34.960277777777776], [137.88944444444445, 34.96194444444444], [137.89305555555555, 34.968333333333334], [137.88611111111112, 34.97833333333333], [137.86527777777778, 34.98444444444444], [137.86083333333335, 35.001666666666665], [137.87, 35.01027777777778], [137.8763888888889, 35.011944444444445], [137.8788888888889, 35.02333333333333], [137.8827777777778, 35.02361111111111], [137.88611111111112, 35.03138888888889], [137.88861111111112, 35.041111111111114], [137.88111111111112, 35.05583333333333], [137.88083333333333, 35.065], [137.9011111111111, 35.09583333333333], [137.89527777777778, 35.12111111111111], [137.91861111111112, 35.13944444444444], [137.925, 35.151944444444446], [137.94444444444446, 35.151666666666664], [137.94694444444445, 35.15833333333333], [137.955, 35.16166666666667], [137.9572222222222, 35.16861111111111], [137.9688888888889, 35.17583333333333], [137.96833333333333, 35.19166666666667], [137.9713888888889, 35.1975], [137.97972222222222, 35.19777777777778], [137.99166666666667, 35.19222222222222], [138.00611111111112, 35.195], [138.01638888888888, 35.1875], [137.9988888888889, 35.163333333333334], [137.99833333333333, 35.15555555555556], [138.00166666666667, 35.153333333333336], [137.99916666666667, 35.14611111111111], [138.00666666666666, 35.143055555555556], [138.00666666666666, 35.13527777777778], [138.0113888888889, 35.12777777777778], [138.02833333333334, 35.129444444444445], [138.0586111111111, 35.10583333333334], [138.04944444444445, 35.098055555555554], [138.0438888888889, 35.085], [138.04527777777778, 35.07333333333333], [138.03833333333333, 35.06777777777778], [138.04861111111111, 35.04333333333334], [138.04444444444445, 35.036944444444444], [138.02305555555554, 35.02444444444444], [138.03583333333333, 35.01], [138.03333333333333, 35.00472222222222], [138.03555555555556, 34.99861111111111], [138.0288888888889, 34.99111111111111], [138.01444444444445, 34.98416666666667], [138.00972222222222, 34.97555555555556], [138.00083333333333, 34.97472222222222], [137.99388888888888, 34.968333333333334], [137.98111111111112, 34.96722222222222], [137.97555555555556, 34.95777777777778], [137.97055555555556, 34.958888888888886], [137.965, 34.95527777777778], [137.96055555555554, 34.94722222222222]], [[138.02305555555554, 35.024166666666666], [138.02277777777778, 35.02388888888889], [138.02305555555554, 35.02388888888889], [138.02305555555554, 35.024166666666666]], [[138.02277777777778, 35.02388888888889], [138.0225, 35.02361111111111], [138.02277777777778, 35.02361111111111], [138.02277777777778, 35.02388888888889]]]]}}, {"type": "Feature", "properties": {"id": "302011282225020", "name": "萩崎（はぎざき）", "track": "gauge", "area_km2": 47.35, "n_rain_in": 1, "n_amedas_in": 0}, "geometry": {"type": "Polygon", "coordinates": [[[140.44305555555556, 38.130833333333335], [140.4297222222222, 38.1275], [140.42472222222221, 38.1225], [140.42361111111111, 38.111666666666665], [140.41722222222222, 38.10333333333333], [140.42111111111112, 38.089166666666664], [140.4177777777778, 38.08027777777778], [140.42555555555555, 38.075], [140.43083333333334, 38.064166666666665], [140.4427777777778, 38.060833333333335], [140.44666666666666, 38.05277777777778], [140.45111111111112, 38.050555555555555], [140.45333333333335, 38.0375], [140.44611111111112, 38.028055555555554], [140.455, 38.01722222222222], [140.45638888888888, 38.01027777777778], [140.45194444444445, 38.0075], [140.4525, 37.99777777777778], [140.45777777777778, 37.99388888888889], [140.46305555555554, 38.0075], [140.47333333333333, 38.007222222222225], [140.4777777777778, 38.021388888888886], [140.485, 38.02638888888889], [140.48777777777778, 38.03527777777778], [140.48527777777778, 38.03666666666667], [140.48555555555555, 38.051944444444445], [140.49055555555555, 38.05972222222222], [140.48166666666665, 38.07472222222222], [140.4711111111111, 38.081944444444446], [140.47694444444446, 38.090833333333336], [140.47611111111112, 38.09583333333333], [140.45777777777778, 38.10583333333334], [140.45361111111112, 38.11972222222222], [140.44305555555556, 38.130833333333335]]]}}, {"type": "Feature", "properties": {"id": "302041282204440", "name": "五串（いつくし）", "track": "gauge", "area_km2": 168.65, "n_rain_in": 1, "n_amedas_in": 0}, "geometry": {"type": "MultiPolygon", "coordinates": [[[[140.86222222222221, 39.03944444444444], [140.86416666666668, 39.04694444444444], [140.87555555555556, 39.04277777777778], [140.89388888888888, 39.04972222222222], [140.90083333333334, 39.04638888888889], [140.9011111111111, 39.041666666666664], [140.90666666666667, 39.03722222222222], [140.90833333333333, 39.02361111111111], [140.9175, 39.01555555555556], [140.91583333333332, 39.00694444444444], [140.92083333333332, 38.99472222222222], [140.9338888888889, 38.99055555555555], [140.9586111111111, 38.996944444444445], [140.97583333333333, 38.99444444444445], [140.97916666666666, 38.9975], [140.98361111111112, 38.99666666666667], [140.9886111111111, 38.988055555555555], [141.00277777777777, 38.9875], [141.00944444444445, 38.983333333333334], [141.01, 38.97944444444445], [141.01388888888889, 38.97972222222222], [141.01361111111112, 38.975], [141.01, 38.97416666666667], [141.0175, 38.961666666666666], [141.02944444444444, 38.958333333333336], [141.0313888888889, 38.951388888888886], [141.05333333333334, 38.94277777777778], [141.05055555555555, 38.94111111111111], [141.03972222222222, 38.945277777777775], [141.01722222222222, 38.94138888888889], [141.01194444444445, 38.94444444444444], [141.00833333333333, 38.94111111111111], [141.00444444444443, 38.948055555555555], [141.0011111111111, 38.94555555555556], [140.99277777777777, 38.94638888888889], [140.99, 38.94305555555555], [140.98527777777778, 38.945], [140.9788888888889, 38.94111111111111], [140.97583333333333, 38.9425], [140.965, 38.935], [140.95666666666668, 38.93472222222222], [140.95166666666665, 38.939166666666665], [140.94472222222223, 38.934444444444445], [140.9363888888889, 38.93638888888889], [140.9272222222222, 38.923611111111114], [140.92888888888888, 38.920833333333334], [140.92444444444445, 38.92111111111111], [140.92166666666665, 38.91416666666667], [140.91416666666666, 38.91694444444445], [140.91083333333333, 38.9275], [140.8813888888889, 38.92777777777778], [140.86888888888888, 38.93944444444445], [140.84055555555557, 38.95027777777778], [140.83694444444444, 38.95777777777778], [140.82611111111112, 38.964166666666664], [140.81083333333333, 38.964444444444446], [140.8011111111111, 38.96055555555556], [140.79333333333332, 38.96388888888889], [140.78222222222223, 38.958333333333336], [140.7747222222222, 38.96055555555556], [140.77166666666668, 38.965555555555554], [140.775, 38.96888888888889], [140.7747222222222, 38.977777777777774], [140.76527777777778, 38.98416666666667], [140.76777777777778, 38.99444444444445], [140.76416666666665, 39.000277777777775], [140.77833333333334, 39.007777777777775], [140.77972222222223, 39.014722222222225], [140.785, 39.02], [140.79222222222222, 39.015], [140.8086111111111, 39.013888888888886], [140.83055555555555, 39.02333333333333], [140.84277777777777, 39.02111111111111], [140.84222222222223, 39.025], [140.85111111111112, 39.035833333333336], [140.86222222222221, 39.03944444444444]]], [[[140.86083333333335, 39.04416666666667], [140.86055555555555, 39.044444444444444], [140.86083333333335, 39.044444444444444], [140.86083333333335, 39.04416666666667]]]]}}, {"type": "Feature", "properties": {"id": "302041282204450", "name": "釣山（つりやま）", "track": "gauge", "area_km2": 268.48, "n_rain_in": 3, "n_amedas_in": 0}, "geometry": {"type": "MultiPolygon", "coordinates": [[[[140.86222222222221, 39.03944444444444], [140.86416666666668, 39.04694444444444], [140.87555555555556, 39.04277777777778], [140.89388888888888, 39.04972222222222], [140.90083333333334, 39.04638888888889], [140.9011111111111, 39.041666666666664], [140.90666666666667, 39.03722222222222], [140.90833333333333, 39.02361111111111], [140.9175, 39.01555555555556], [140.91583333333332, 39.00694444444444], [140.92361111111111, 38.99333333333333], [140.9338888888889, 38.99055555555555], [140.9586111111111, 38.996944444444445], [140.97583333333333, 38.99444444444445], [140.97916666666666, 38.9975], [140.98361111111112, 38.99666666666667], [140.9886111111111, 38.988055555555555], [141.00277777777777, 38.9875], [141.00944444444445, 38.983333333333334], [141.01, 38.97944444444445], [141.01388888888889, 38.97972222222222], [141.01361111111112, 38.975], [141.01, 38.97416666666667], [141.0175, 38.961666666666666], [141.02805555555557, 38.95805555555555], [141.03055555555557, 38.96055555555556], [141.04055555555556, 38.95805555555555], [141.04722222222222, 38.96], [141.05277777777778, 38.955], [141.0636111111111, 38.95305555555556], [141.0775, 38.95583333333333], [141.08, 38.950833333333335], [141.08777777777777, 38.950833333333335], [141.08972222222224, 38.9475], [141.09416666666667, 38.951388888888886], [141.0986111111111, 38.950833333333335], [141.0988888888889, 38.94583333333333], [141.11194444444445, 38.93055555555556], [141.11694444444444, 38.92777777777778], [141.12833333333333, 38.92916666666667], [141.12944444444443, 38.925555555555555], [141.12583333333333, 38.91861111111111], [141.11388888888888, 38.91305555555556], [141.1147222222222, 38.90777777777778], [141.10444444444445, 38.90611111111111], [141.09916666666666, 38.90111111111111], [141.0925, 38.901666666666664], [141.09555555555556, 38.895833333333336], [141.10055555555556, 38.894444444444446], [141.10055555555556, 38.88444444444445], [141.0975, 38.88305555555556], [141.08444444444444, 38.88388888888889], [141.07527777777779, 38.87888888888889], [141.06166666666667, 38.88388888888889], [141.05138888888888, 38.88305555555556], [141.04361111111112, 38.876666666666665], [141.03722222222223, 38.876666666666665], [141.0325, 38.87777777777778], [141.03, 38.88333333333333], [141.0222222222222, 38.880833333333335], [141.02055555555555, 38.88666666666667], [141.00583333333333, 38.87861111111111], [141.0011111111111, 38.88166666666667], [140.99555555555557, 38.88055555555555], [140.98944444444444, 38.87416666666667], [140.98388888888888, 38.876666666666665], [140.98, 38.88388888888889], [140.97083333333333, 38.88805555555555], [140.9711111111111, 38.89472222222222], [140.95555555555555, 38.909444444444446], [140.94694444444445, 38.91027777777778], [140.94, 38.916111111111114], [140.93444444444444, 38.915], [140.92916666666667, 38.92111111111111], [140.92444444444445, 38.92111111111111], [140.92222222222222, 38.91416666666667], [140.91416666666666, 38.91694444444445], [140.91083333333333, 38.9275], [140.8813888888889, 38.92777777777778], [140.86888888888888, 38.93944444444445], [140.84055555555557, 38.95027777777778], [140.83694444444444, 38.95777777777778], [140.82611111111112, 38.964166666666664], [140.81083333333333, 38.964444444444446], [140.8011111111111, 38.96055555555556], [140.79333333333332, 38.96388888888889], [140.78222222222223, 38.958333333333336], [140.7747222222222, 38.96055555555556], [140.77166666666668, 38.965555555555554], [140.775, 38.96888888888889], [140.7747222222222, 38.977777777777774], [140.76527777777778, 38.98416666666667], [140.76777777777778, 38.99444444444445], [140.76416666666665, 39.000277777777775], [140.77833333333334, 39.007777777777775], [140.77972222222223, 39.014722222222225], [140.785, 39.02], [140.79222222222222, 39.015], [140.8086111111111, 39.013888888888886], [140.83055555555555, 39.02333333333333], [140.84277777777777, 39.02111111111111], [140.84222222222223, 39.025], [140.85111111111112, 39.035833333333336], [140.86222222222221, 39.03944444444444]]], [[[140.86083333333335, 39.04416666666667], [140.86055555555555, 39.044444444444444], [140.86083333333335, 39.044444444444444], [140.86083333333335, 39.04416666666667]]]]}}, {"type": "Feature", "properties": {"id": "302041282204460", "name": "妻神（さいじん）", "track": "gauge", "area_km2": 374.11, "n_rain_in": 3, "n_amedas_in": 0}, "geometry": {"type": "Polygon", "coordinates": [[[141.3838888888889, 39.1625], [141.37805555555556, 39.151666666666664], [141.3713888888889, 39.14861111111111], [141.36444444444444, 39.151944444444446], [141.35611111111112, 39.147777777777776], [141.3527777777778, 39.14111111111111], [141.35666666666665, 39.13583333333333], [141.355, 39.13166666666667], [141.3502777777778, 39.130833333333335], [141.34055555555557, 39.138888888888886], [141.32555555555555, 39.131388888888885], [141.30194444444444, 39.13194444444444], [141.30416666666667, 39.120555555555555], [141.30138888888888, 39.11944444444445], [141.30583333333334, 39.11416666666667], [141.30194444444444, 39.102777777777774], [141.31333333333333, 39.083333333333336], [141.30027777777778, 39.08305555555555], [141.2877777777778, 39.09], [141.26916666666668, 39.090833333333336], [141.26, 39.08111111111111], [141.25277777777777, 39.081944444444446], [141.25055555555556, 39.07138888888889], [141.24333333333334, 39.07083333333333], [141.24, 39.06361111111111], [141.23, 39.06194444444444], [141.2263888888889, 39.05833333333333], [141.21805555555557, 39.05888888888889], [141.21333333333334, 39.05305555555555], [141.2075, 39.051944444444445], [141.20472222222222, 39.04527777777778], [141.2075, 39.039722222222224], [141.19861111111112, 39.03888888888889], [141.205, 39.0325], [141.19083333333333, 39.02638888888889], [141.18472222222223, 39.0275], [141.18333333333334, 39.02166666666667], [141.17777777777778, 39.01861111111111], [141.19222222222223, 39.0], [141.21138888888888, 38.99305555555556], [141.21472222222224, 38.98361111111111], [141.22555555555556, 38.97944444444445], [141.22861111111112, 38.97527777777778], [141.2277777777778, 38.964444444444446], [141.23305555555555, 38.95916666666667], [141.22944444444445, 38.95111111111111], [141.23333333333332, 38.94388888888889], [141.23, 38.939166666666665], [141.23583333333335, 38.93083333333333], [141.24444444444444, 38.92722222222222], [141.25444444444443, 38.9275], [141.25583333333333, 38.93], [141.25694444444446, 38.918055555555554], [141.26638888888888, 38.91861111111111], [141.27416666666667, 38.92444444444445], [141.29555555555555, 38.925555555555555], [141.29777777777778, 38.93666666666667], [141.29416666666665, 38.949444444444445], [141.29666666666665, 38.9525], [141.29333333333332, 38.95333333333333], [141.30972222222223, 38.96611111111111], [141.33416666666668, 38.96861111111111], [141.34666666666666, 38.965555555555554], [141.3475, 38.971944444444446], [141.35305555555556, 38.975], [141.35583333333332, 38.9725], [141.35805555555555, 38.975], [141.3788888888889, 38.97416666666667], [141.38722222222222, 38.96944444444444], [141.4011111111111, 38.970555555555556], [141.41194444444446, 38.977777777777774], [141.41944444444445, 38.97638888888889], [141.4275, 38.981944444444444], [141.44333333333333, 38.981944444444444], [141.44666666666666, 38.97611111111111], [141.45777777777778, 38.98388888888889], [141.45805555555555, 38.99111111111111], [141.46972222222223, 38.993611111111115], [141.4711111111111, 38.99722222222222], [141.46805555555557, 39.00277777777778], [141.45833333333334, 39.01166666666667], [141.46666666666667, 39.02], [141.4663888888889, 39.02583333333333], [141.46138888888888, 39.030833333333334], [141.46027777777778, 39.04277777777778], [141.46555555555557, 39.045], [141.46805555555557, 39.05166666666667], [141.47972222222222, 39.05638888888889], [141.47833333333332, 39.07], [141.48305555555555, 39.07666666666667], [141.4752777777778, 39.086666666666666], [141.4625, 39.095], [141.46444444444444, 39.10027777777778], [141.45083333333332, 39.106944444444444], [141.44611111111112, 39.10583333333334], [141.435, 39.111666666666665], [141.41444444444446, 39.10583333333334], [141.40527777777777, 39.117777777777775], [141.41027777777776, 39.12555555555556], [141.40722222222223, 39.13611111111111], [141.39305555555555, 39.14083333333333], [141.39, 39.1475], [141.3947222222222, 39.153888888888886], [141.39138888888888, 39.159166666666664], [141.3838888888889, 39.1625]]]}}, {"type": "Feature", "properties": {"id": "302041282204490", "name": "十二木橋（じゅうにきばし）", "track": "gauge", "area_km2": 346.87, "n_rain_in": 3, "n_amedas_in": 0}, "geometry": {"type": "Polygon", "coordinates": [[[141.3838888888889, 39.1625], [141.37805555555556, 39.151666666666664], [141.3713888888889, 39.14861111111111], [141.36444444444444, 39.151944444444446], [141.35611111111112, 39.147777777777776], [141.3527777777778, 39.14111111111111], [141.35666666666665, 39.13583333333333], [141.355, 39.13166666666667], [141.3502777777778, 39.130833333333335], [141.34055555555557, 39.138888888888886], [141.32555555555555, 39.131388888888885], [141.3022222222222, 39.132222222222225], [141.30416666666667, 39.120555555555555], [141.30138888888888, 39.11944444444445], [141.30583333333334, 39.11333333333333], [141.30194444444444, 39.102777777777774], [141.3138888888889, 39.083888888888886], [141.29722222222222, 39.08361111111111], [141.2877777777778, 39.09], [141.28, 39.089166666666664], [141.2747222222222, 39.09222222222222], [141.26916666666668, 39.090833333333336], [141.26, 39.08111111111111], [141.25277777777777, 39.081944444444446], [141.25055555555556, 39.07138888888889], [141.24333333333334, 39.07083333333333], [141.24, 39.06361111111111], [141.23, 39.06194444444444], [141.2263888888889, 39.05833333333333], [141.21805555555557, 39.05888888888889], [141.21333333333334, 39.05305555555555], [141.20666666666668, 39.05111111111111], [141.20472222222222, 39.044444444444444], [141.2075, 39.039722222222224], [141.19861111111112, 39.03888888888889], [141.20472222222222, 39.032222222222224], [141.19083333333333, 39.02638888888889], [141.18444444444444, 39.02722222222222], [141.18333333333334, 39.02166666666667], [141.17777777777778, 39.01833333333333], [141.1886111111111, 39.00388888888889], [141.20666666666668, 38.99305555555556], [141.21138888888888, 38.99305555555556], [141.215, 38.98861111111111], [141.21444444444444, 38.98388888888889], [141.21916666666667, 38.98361111111111], [141.22833333333332, 38.97527777777778], [141.2313888888889, 38.979166666666664], [141.2397222222222, 38.9775], [141.23944444444444, 38.97416666666667], [141.25194444444443, 38.977777777777774], [141.2538888888889, 38.97027777777778], [141.27, 38.97], [141.29194444444445, 38.95305555555556], [141.3061111111111, 38.964444444444446], [141.3161111111111, 38.96805555555556], [141.33416666666668, 38.96861111111111], [141.34666666666666, 38.965555555555554], [141.3475, 38.971944444444446], [141.35305555555556, 38.975], [141.35583333333332, 38.9725], [141.35805555555555, 38.975], [141.3788888888889, 38.97416666666667], [141.38805555555555, 38.96944444444444], [141.4011111111111, 38.970555555555556], [141.41194444444446, 38.977777777777774], [141.41944444444445, 38.97638888888889], [141.4275, 38.981944444444444], [141.44333333333333, 38.981944444444444], [141.44666666666666, 38.97611111111111], [141.4572222222222, 38.983333333333334], [141.45805555555555, 38.99111111111111], [141.46944444444443, 38.99333333333333], [141.4711111111111, 38.996944444444445], [141.45833333333334, 39.01166666666667], [141.46666666666667, 39.02], [141.4663888888889, 39.02583333333333], [141.46138888888888, 39.030833333333334], [141.46027777777778, 39.04277777777778], [141.46555555555557, 39.045], [141.46805555555557, 39.05166666666667], [141.47972222222222, 39.05638888888889], [141.47833333333332, 39.07], [141.48305555555555, 39.07666666666667], [141.4752777777778, 39.086666666666666], [141.4625, 39.095], [141.46444444444444, 39.10027777777778], [141.45083333333332, 39.106944444444444], [141.44611111111112, 39.10583333333334], [141.435, 39.111666666666665], [141.41444444444446, 39.10583333333334], [141.40527777777777, 39.117777777777775], [141.41027777777776, 39.12555555555556], [141.40722222222223, 39.13611111111111], [141.39305555555555, 39.14083333333333], [141.39, 39.1475], [141.3947222222222, 39.153888888888886], [141.39138888888888, 39.159166666666664], [141.3838888888889, 39.1625]]]}}, {"type": "Feature", "properties": {"id": "302091282210150", "name": "川井（かわい）", "track": "gauge", "area_km2": 144.92, "n_rain_in": 1, "n_amedas_in": 1}, "geometry": {"type": "Polygon", "coordinates": [[[140.52, 39.02055555555555], [140.5077777777778, 39.00833333333333], [140.49388888888888, 39.01166666666667], [140.47305555555556, 39.003055555555555], [140.4675, 39.004444444444445], [140.47, 38.99638888888889], [140.44555555555556, 38.980555555555554], [140.44611111111112, 38.973333333333336], [140.45111111111112, 38.971944444444446], [140.44972222222222, 38.963055555555556], [140.45361111111112, 38.958888888888886], [140.45416666666668, 38.9525], [140.44972222222222, 38.94583333333333], [140.45138888888889, 38.937777777777775], [140.45805555555555, 38.934444444444445], [140.46166666666667, 38.91972222222222], [140.47083333333333, 38.915], [140.4825, 38.916666666666664], [140.50027777777777, 38.89472222222222], [140.51555555555555, 38.90027777777778], [140.52583333333334, 38.8975], [140.53833333333333, 38.90027777777778], [140.54777777777778, 38.89083333333333], [140.55416666666667, 38.876111111111115], [140.56166666666667, 38.87305555555555], [140.58055555555555, 38.88138888888889], [140.58416666666668, 38.87833333333333], [140.59, 38.89], [140.59722222222223, 38.88444444444445], [140.60722222222222, 38.88666666666667], [140.60944444444445, 38.8925], [140.6147222222222, 38.89388888888889], [140.61805555555554, 38.90416666666667], [140.61138888888888, 38.90222222222222], [140.60583333333332, 38.905], [140.59583333333333, 38.91916666666667], [140.6002777777778, 38.92777777777778], [140.59944444444446, 38.933055555555555], [140.6063888888889, 38.943333333333335], [140.6025, 38.9525], [140.60611111111112, 38.95722222222222], [140.60611111111112, 38.96722222222222], [140.58833333333334, 38.973333333333336], [140.57416666666666, 38.97416666666667], [140.55416666666667, 38.99027777777778], [140.55305555555555, 38.99472222222222], [140.55027777777778, 38.99333333333333], [140.5427777777778, 38.99944444444444], [140.53972222222222, 39.005], [140.53194444444443, 39.00555555555555], [140.53055555555557, 39.01222222222222], [140.52, 39.02055555555555]], [[140.58972222222224, 38.89], [140.59, 38.890277777777776], [140.59, 38.89], [140.58972222222224, 38.89]]]}}, {"type": "Feature", "properties": {"id": "301031281101550", "name": "大鳳橋（おおほうばし）", "track": "gauge", "area_km2": 76.95, "n_rain_in": 1, "n_amedas_in": 1}, "geometry": {"type": "Polygon", "coordinates": [[[141.96138888888888, 43.78861111111111], [141.96194444444444, 43.784166666666664], [141.95027777777779, 43.780833333333334], [141.9425, 43.7725], [141.93583333333333, 43.77361111111111], [141.93555555555557, 43.76305555555555], [141.92833333333334, 43.76277777777778], [141.92944444444444, 43.740833333333335], [141.91555555555556, 43.740833333333335], [141.91666666666666, 43.73166666666667], [141.92472222222221, 43.72083333333333], [141.92333333333335, 43.71666666666667], [141.9177777777778, 43.71527777777778], [141.92361111111111, 43.7075], [141.93333333333334, 43.708333333333336], [141.94722222222222, 43.70305555555556], [141.95277777777778, 43.70944444444444], [141.95694444444445, 43.70805555555555], [141.96027777777778, 43.71222222222222], [141.97277777777776, 43.713055555555556], [141.97722222222222, 43.715], [141.97694444444446, 43.717777777777776], [141.98194444444445, 43.715833333333336], [141.98388888888888, 43.72027777777778], [141.98611111111111, 43.7175], [141.99416666666667, 43.717777777777776], [141.99444444444444, 43.721111111111114], [142.0, 43.72138888888889], [142.00027777777777, 43.718333333333334], [142.0063888888889, 43.718333333333334], [142.01111111111112, 43.71277777777778], [142.03861111111112, 43.723333333333336], [142.06416666666667, 43.72555555555556], [142.06194444444444, 43.73138888888889], [142.06444444444443, 43.73638888888889], [142.05694444444444, 43.74194444444444], [142.05833333333334, 43.76083333333333], [142.055, 43.76277777777778], [142.04888888888888, 43.77861111111111], [142.02805555555557, 43.7825], [142.02305555555554, 43.77916666666667], [142.01083333333332, 43.78], [142.0036111111111, 43.77583333333333], [141.98611111111111, 43.78527777777778], [141.97972222222222, 43.78388888888889], [141.96972222222223, 43.786944444444444], [141.96583333333334, 43.78472222222222], [141.96138888888888, 43.78861111111111]]]}}]}