{"type": "FeatureCollection", "features": [{"type": "Feature", "properties": {"id": "601290190001010", "name": "漢那ダム（かんなだむ）", "track": "dam_pending", "area_km2": 8.51, "phase": "augmentation", "n_rain_in": 2}, "geometry": {"type": "Polygon", "coordinates": [[[127.94972222222222, 26.5125], [127.93611111111112, 26.508333333333333], [127.92722222222223, 26.497222222222224], [127.93888888888888, 26.48361111111111], [127.94, 26.4775], [127.9425, 26.479166666666668], [127.94833333333334, 26.475555555555555], [127.95222222222222, 26.4775], [127.95027777777777, 26.48138888888889], [127.96, 26.489722222222223], [127.9588888888889, 26.496944444444445], [127.96194444444444, 26.49972222222222], [127.95777777777778, 26.501944444444444], [127.95388888888888, 26.511111111111113], [127.94972222222222, 26.5125]]]}}, {"type": "Feature", "properties": {"id": "601380190001010", "name": "金武ダム（きんだむ）", "track": "dam_pending", "area_km2": 14.78, "phase": "augmentation", "n_rain_in": 2}, "geometry": {"type": "Polygon", "coordinates": [[[127.9225, 26.502222222222223], [127.90972222222223, 26.496944444444445], [127.9036111111111, 26.5], [127.89888888888889, 26.498333333333335], [127.89138888888888, 26.482777777777777], [127.89305555555555, 26.478055555555557], [127.9036111111111, 26.475555555555555], [127.91416666666667, 26.455555555555556], [127.9186111111111, 26.453611111111112], [127.92305555555555, 26.455277777777777], [127.92361111111111, 26.459722222222222], [127.93444444444444, 26.465], [127.93638888888889, 26.473055555555554], [127.9336111111111, 26.476944444444445], [127.935, 26.4875], [127.92777777777778, 26.494444444444444], [127.92805555555556, 26.50027777777778], [127.9225, 26.502222222222223]]]}}, {"type": "Feature", "properties": {"id": "601010190001010", "name": "辺野喜ダム（べのきだむ）", "track": "dam_pending", "area_km2": 8.22, "phase": "augmentation", "n_rain_in": 2}, "geometry": {"type": "Polygon", "coordinates": [[[128.27333333333334, 26.80388888888889], [128.255, 26.79611111111111], [128.2525, 26.78638888888889], [128.2588888888889, 26.780277777777776], [128.26333333333332, 26.76861111111111], [128.26722222222222, 26.76861111111111], [128.27027777777778, 26.776666666666667], [128.28083333333333, 26.78388888888889], [128.29111111111112, 26.78527777777778], [128.28694444444446, 26.798055555555557], [128.28055555555557, 26.801666666666666], [128.2761111111111, 26.80027777777778], [128.27333333333334, 26.80388888888889]]]}}, {"type": "Feature", "properties": {"id": "601070190002010", "name": "羽地ダム（はねじだむ）", "track": "dam_pending", "area_km2": 10.97, "phase": "augmentation", "n_rain_in": 2}, "geometry": {"type": "Polygon", "coordinates": [[[128.0197222222222, 26.611944444444443], [128.01611111111112, 26.609166666666667], [128.0211111111111, 26.601388888888888], [128.01944444444445, 26.594722222222224], [128.00833333333333, 26.583333333333332], [128.01305555555555, 26.56972222222222], [128.01888888888888, 26.566111111111113], [128.0211111111111, 26.56972222222222], [128.02805555555557, 26.57027777777778], [128.02916666666667, 26.576666666666668], [128.0413888888889, 26.583333333333332], [128.04416666666665, 26.59138888888889], [128.04916666666668, 26.594722222222224], [128.04333333333332, 26.605], [128.03916666666666, 26.60388888888889], [128.02916666666667, 26.610277777777778], [128.025, 26.608888888888888], [128.0197222222222, 26.611944444444443]]]}}, {"type": "Feature", "properties": {"id": "601320190001010", "name": "福地ダム（ふくじだむ）", "track": "dam_pending", "area_km2": 0.97, "phase": "augmentation", "n_rain_in": 1}, "geometry": {"type": "Polygon", "coordinates": [[[128.1725, 26.66], [128.17, 26.650555555555556], [128.18055555555554, 26.64361111111111], [128.1822222222222, 26.648333333333333], [128.17555555555555, 26.653055555555557], [128.1725, 26.66]]]}}, {"type": "Feature", "properties": {"id": "601330190001010", "name": "新川ダム（あらかわだむ）", "track": "dam_pending", "area_km2": 7.97, "phase": "augmentation", "n_rain_in": 2}, "geometry": {"type": "Polygon", "coordinates": [[[128.22194444444443, 26.708333333333332], [128.2213888888889, 26.704722222222223], [128.2086111111111, 26.699166666666667], [128.20638888888888, 26.689722222222223], [128.22277777777776, 26.689166666666665], [128.24, 26.683611111111112], [128.23916666666668, 26.676944444444445], [128.24444444444444, 26.671666666666667], [128.24944444444444, 26.67222222222222], [128.25027777777777, 26.68611111111111], [128.2436111111111, 26.689722222222223], [128.2425, 26.703055555555554], [128.22194444444443, 26.708333333333332]]]}}, {"type": "Feature", "properties": {"id": "601340190001010", "name": "安波ダム（あはだむ）", "track": "dam_pending", "area_km2": 23.82, "phase": "augmentation", "n_rain_in": 4}, "geometry": {"type": "Polygon", "coordinates": [[[128.25611111111112, 26.761388888888888], [128.24972222222223, 26.759444444444444], [128.2486111111111, 26.754722222222224], [128.23916666666668, 26.74972222222222], [128.2375, 26.737222222222222], [128.2313888888889, 26.736944444444443], [128.22916666666666, 26.73111111111111], [128.2186111111111, 26.727222222222224], [128.21833333333333, 26.71527777777778], [128.22194444444443, 26.708333333333332], [128.23333333333332, 26.703611111111112], [128.26, 26.699444444444445], [128.26416666666665, 26.691944444444445], [128.27388888888888, 26.700277777777778], [128.2747222222222, 26.714166666666667], [128.26638888888888, 26.72222222222222], [128.265, 26.73111111111111], [128.2588888888889, 26.733888888888888], [128.26, 26.745555555555555], [128.265, 26.755277777777778], [128.25611111111112, 26.761388888888888]]]}}, {"type": "Feature", "properties": {"id": "601340190001020", "name": "普久川ダム（ふんがわだむ）", "track": "dam_pending", "area_km2": 10.55, "phase": "augmentation", "n_rain_in": 1}, "geometry": {"type": "Polygon", "coordinates": [[[128.28472222222223, 26.785], [128.27305555555554, 26.779166666666665], [128.26722222222222, 26.76861111111111], [128.26194444444445, 26.767777777777777], [128.25861111111112, 26.76222222222222], [128.26472222222222, 26.75638888888889], [128.26305555555555, 26.74888888888889], [128.2788888888889, 26.73611111111111], [128.28722222222223, 26.740555555555556], [128.28527777777776, 26.753888888888888], [128.29222222222222, 26.761111111111113], [128.28805555555556, 26.765833333333333], [128.2913888888889, 26.780277777777776], [128.28472222222223, 26.785]], [[128.28805555555556, 26.774722222222223], [128.28861111111112, 26.775], [128.28861111111112, 26.774722222222223], [128.28805555555556, 26.774722222222223]]]}}, {"type": "Feature", "properties": {"id": "609999999999002", "name": "大保ダム（たいほだむ）", "track": "dam_pending", "area_km2": 14.15, "phase": "augmentation", "n_rain_in": 1}, "geometry": {"type": "Polygon", "coordinates": [[[128.17111111111112, 26.691388888888888], [128.1588888888889, 26.684166666666666], [128.13861111111112, 26.68138888888889], [128.1475, 26.675555555555555], [128.1447222222222, 26.66861111111111], [128.14638888888888, 26.663611111111113], [128.14166666666668, 26.654166666666665], [128.15583333333333, 26.642222222222223], [128.16222222222223, 26.650555555555556], [128.16861111111112, 26.65138888888889], [128.17555555555555, 26.665277777777778], [128.18805555555556, 26.672777777777778], [128.1772222222222, 26.68138888888889], [128.17111111111112, 26.691388888888888]]]}}, {"type": "Feature", "properties": {"id": "1368080364010", "name": "中筋川ダム（なかすじがわだむ）", "track": "dam_pending", "area_km2": 21.55, "phase": "augmentation", "n_rain_in": 4}, "geometry": {"type": "Polygon", "coordinates": [[[132.8311111111111, 32.94083333333333], [132.82472222222222, 32.93666666666667], [132.8136111111111, 32.93555555555555], [132.805, 32.92666666666667], [132.79805555555555, 32.928333333333335], [132.795, 32.93277777777778], [132.76694444444445, 32.937222222222225], [132.76055555555556, 32.934444444444445], [132.7602777777778, 32.92777777777778], [132.76638888888888, 32.923611111111114], [132.76944444444445, 32.91583333333333], [132.7836111111111, 32.910833333333336], [132.78305555555556, 32.903333333333336], [132.80416666666667, 32.899166666666666], [132.80666666666667, 32.90611111111111], [132.82833333333335, 32.91], [132.8372222222222, 32.91888888888889], [132.84555555555556, 32.92027777777778], [132.8461111111111, 32.923611111111114], [132.8413888888889, 32.9275], [132.84555555555556, 32.94], [132.8311111111111, 32.94083333333333]]]}}, {"type": "Feature", "properties": {"id": "1368090235070", "name": "厳木ダム（きゅうらぎだむ）", "track": "dam_pending", "area_km2": 33.55, "phase": "augmentation", "n_rain_in": 4}, "geometry": {"type": "Polygon", "coordinates": [[[130.11638888888888, 33.410833333333336], [130.11, 33.40694444444444], [130.09527777777777, 33.40611111111111], [130.09472222222223, 33.39388888888889], [130.0775, 33.38333333333333], [130.0822222222222, 33.37722222222222], [130.0847222222222, 33.36527777777778], [130.08833333333334, 33.365], [130.08944444444444, 33.35722222222222], [130.09722222222223, 33.35027777777778], [130.09777777777776, 33.3425], [130.09444444444443, 33.338055555555556], [130.0988888888889, 33.325833333333335], [130.1075, 33.32194444444445], [130.11694444444444, 33.327222222222225], [130.12722222222223, 33.34305555555556], [130.14083333333335, 33.34638888888889], [130.14694444444444, 33.35527777777778], [130.13888888888889, 33.37305555555555], [130.14111111111112, 33.38111111111111], [130.13805555555555, 33.384166666666665], [130.13305555555556, 33.38472222222222], [130.12555555555556, 33.37583333333333], [130.11583333333334, 33.382222222222225], [130.1147222222222, 33.38777777777778], [130.12083333333334, 33.39277777777778], [130.12472222222223, 33.40361111111111], [130.12333333333333, 33.409166666666664], [130.11638888888888, 33.410833333333336]]]}}, {"type": "Feature", "properties": {"id": "1368090600040", "name": "江川ダム（えがわだむ）", "track": "dam_pending", "area_km2": 30.25, "phase": "augmentation", "n_rain_in": 0}, "geometry": {"type": "Polygon", "coordinates": [[[130.81916666666666, 33.48972222222222], [130.80944444444444, 33.485], [130.80972222222223, 33.475833333333334], [130.80555555555554, 33.471666666666664], [130.79111111111112, 33.471111111111114], [130.7861111111111, 33.48111111111111], [130.76611111111112, 33.48777777777778], [130.75027777777777, 33.48638888888889], [130.73777777777778, 33.47277777777778], [130.73777777777778, 33.467777777777776], [130.72944444444445, 33.46222222222222], [130.73194444444445, 33.44861111111111], [130.74194444444444, 33.448055555555555], [130.74944444444444, 33.452222222222225], [130.7588888888889, 33.44861111111111], [130.76472222222222, 33.45472222222222], [130.77805555555557, 33.45055555555555], [130.79527777777778, 33.45722222222222], [130.805, 33.45444444444445], [130.81027777777777, 33.45805555555555], [130.8177777777778, 33.456944444444446], [130.83166666666668, 33.466944444444444], [130.8425, 33.46277777777778], [130.83555555555554, 33.47083333333333], [130.84666666666666, 33.4775], [130.84666666666666, 33.48138888888889], [130.84277777777777, 33.485277777777775], [130.8372222222222, 33.48416666666667], [130.83416666666668, 33.48722222222222], [130.82333333333332, 33.48694444444445], [130.81916666666666, 33.48972222222222]]]}}, {"type": "Feature", "properties": {"id": "609051289901010", "name": "嘉瀬川ダム（かせがわだむ）", "track": "dam_pending", "area_km2": 128.57, "phase": "augmentation", "n_rain_in": 5}, "geometry": {"type": "Polygon", "coordinates": [[[130.20361111111112, 33.48166666666667], [130.1888888888889, 33.475], [130.1888888888889, 33.47083333333333], [130.18277777777777, 33.466388888888886], [130.16861111111112, 33.46722222222222], [130.17, 33.46361111111111], [130.16444444444446, 33.45583333333333], [130.17027777777778, 33.449444444444445], [130.16666666666666, 33.437777777777775], [130.1677777777778, 33.43055555555556], [130.1638888888889, 33.42333333333333], [130.15666666666667, 33.41972222222222], [130.15944444444443, 33.41583333333333], [130.17055555555555, 33.41555555555556], [130.16472222222222, 33.409444444444446], [130.15583333333333, 33.408611111111114], [130.15777777777777, 33.40027777777778], [130.15416666666667, 33.391666666666666], [130.14083333333335, 33.380833333333335], [130.14694444444444, 33.373333333333335], [130.15944444444443, 33.373333333333335], [130.16305555555556, 33.38194444444444], [130.17361111111111, 33.38944444444444], [130.1761111111111, 33.395], [130.18305555555557, 33.39361111111111], [130.18166666666667, 33.38916666666667], [130.19611111111112, 33.38777777777778], [130.20333333333335, 33.39277777777778], [130.20444444444445, 33.38916666666667], [130.2225, 33.38388888888889], [130.235, 33.39888888888889], [130.24777777777777, 33.405277777777776], [130.25416666666666, 33.40416666666667], [130.25444444444443, 33.40833333333333], [130.26666666666668, 33.40138888888889], [130.27027777777778, 33.404444444444444], [130.27694444444444, 33.40111111111111], [130.29361111111112, 33.40277777777778], [130.3022222222222, 33.41138888888889], [130.31305555555556, 33.41166666666667], [130.31805555555556, 33.425555555555555], [130.32777777777778, 33.42472222222222], [130.33027777777778, 33.42861111111111], [130.34305555555557, 33.42805555555555], [130.34694444444443, 33.4325], [130.35472222222222, 33.43333333333333], [130.34555555555556, 33.444722222222225], [130.33666666666667, 33.445], [130.33444444444444, 33.45055555555555], [130.32111111111112, 33.458333333333336], [130.3138888888889, 33.45805555555555], [130.30638888888888, 33.46333333333333], [130.2975, 33.4625], [130.27527777777777, 33.47972222222222], [130.2575, 33.47611111111111], [130.24916666666667, 33.47027777777778], [130.24277777777777, 33.47472222222222], [130.2375, 33.47416666666667], [130.23333333333332, 33.47888888888889], [130.2263888888889, 33.47694444444444], [130.20361111111112, 33.48166666666667]]]}}, {"type": "Feature", "properties": {"id": "1368080255010", "name": "鹿野川ダム（かのがわだむ）", "track": "dam_pending", "area_km2": 452.66, "phase": "augmentation", "n_rain_in": 12}, "geometry": {"type": "Polygon", "coordinates": [[[132.83972222222224, 33.52194444444444], [132.83388888888888, 33.51888888888889], [132.82944444444445, 33.50694444444444], [132.80555555555554, 33.50416666666667], [132.80333333333334, 33.49777777777778], [132.77583333333334, 33.483333333333334], [132.76361111111112, 33.48583333333333], [132.75416666666666, 33.48277777777778], [132.7513888888889, 33.47027777777778], [132.73388888888888, 33.468333333333334], [132.73222222222222, 33.46111111111111], [132.72444444444446, 33.45472222222222], [132.69944444444445, 33.449444444444445], [132.69916666666666, 33.44694444444445], [132.68305555555557, 33.45333333333333], [132.68, 33.44694444444445], [132.66916666666665, 33.44083333333333], [132.66333333333333, 33.443888888888885], [132.65722222222223, 33.440555555555555], [132.63861111111112, 33.44833333333333], [132.6327777777778, 33.44222222222222], [132.61555555555555, 33.445], [132.61083333333335, 33.44138888888889], [132.61055555555555, 33.43694444444444], [132.59972222222223, 33.43861111111111], [132.59027777777777, 33.434444444444445], [132.57361111111112, 33.45361111111111], [132.56027777777777, 33.440555555555555], [132.54416666666665, 33.43861111111111], [132.5313888888889, 33.43888888888889], [132.52916666666667, 33.44972222222222], [132.51583333333335, 33.4525], [132.50444444444443, 33.450833333333335], [132.48777777777778, 33.44222222222222], [132.48694444444445, 33.435], [132.48194444444445, 33.431111111111115], [132.4825, 33.425555555555555], [132.4763888888889, 33.420833333333334], [132.48277777777778, 33.408055555555556], [132.45083333333332, 33.40083333333333], [132.45083333333332, 33.39055555555556], [132.44666666666666, 33.38638888888889], [132.45777777777778, 33.378055555555555], [132.45416666666668, 33.36666666666667], [132.47083333333333, 33.36055555555556], [132.47055555555556, 33.349444444444444], [132.49694444444444, 33.341944444444444], [132.49694444444444, 33.33861111111111], [132.5063888888889, 33.335], [132.52555555555554, 33.33861111111111], [132.53416666666666, 33.32888888888889], [132.5536111111111, 33.32416666666667], [132.57472222222222, 33.32944444444445], [132.59916666666666, 33.32611111111111], [132.60777777777778, 33.33166666666666], [132.63, 33.33111111111111], [132.64388888888888, 33.327222222222225], [132.65694444444443, 33.33222222222222], [132.6613888888889, 33.348055555555554], [132.66944444444445, 33.34972222222222], [132.6938888888889, 33.34916666666667], [132.71444444444444, 33.344722222222224], [132.72083333333333, 33.350833333333334], [132.72555555555556, 33.344166666666666], [132.74944444444444, 33.34583333333333], [132.75472222222223, 33.34305555555556], [132.77416666666667, 33.350833333333334], [132.78027777777777, 33.35638888888889], [132.785, 33.346111111111114], [132.8036111111111, 33.34305555555556], [132.8213888888889, 33.35666666666667], [132.82611111111112, 33.373333333333335], [132.8436111111111, 33.37888888888889], [132.8563888888889, 33.39138888888889], [132.85472222222222, 33.39888888888889], [132.83555555555554, 33.40027777777778], [132.83166666666668, 33.408611111111114], [132.83305555555555, 33.41833333333334], [132.825, 33.42333333333333], [132.82361111111112, 33.42916666666667], [132.82777777777778, 33.437777777777775], [132.82666666666665, 33.44555555555556], [132.80833333333334, 33.45333333333333], [132.80638888888888, 33.45722222222222], [132.80944444444444, 33.46472222222222], [132.8188888888889, 33.46611111111111], [132.82083333333333, 33.47277777777778], [132.8375, 33.47361111111111], [132.84555555555556, 33.47944444444445], [132.87222222222223, 33.471111111111114], [132.87666666666667, 33.471666666666664], [132.8786111111111, 33.47638888888889], [132.8697222222222, 33.48888888888889], [132.86416666666668, 33.49027777777778], [132.86583333333334, 33.50416666666667], [132.84666666666666, 33.51138888888889], [132.84472222222223, 33.52], [132.83972222222224, 33.52194444444444]]]}}, {"type": "Feature", "properties": {"id": "1368080276020", "name": "野村ダム（のむらだむ）", "track": "dam_pending", "area_km2": 169.07, "phase": "augmentation", "n_rain_in": 5}, "geometry": {"type": "Polygon", "coordinates": [[[132.5725, 33.45361111111111], [132.5636111111111, 33.44638888888889], [132.56416666666667, 33.44305555555555], [132.55694444444444, 33.439166666666665], [132.55138888888888, 33.44138888888889], [132.5313888888889, 33.43888888888889], [132.52916666666667, 33.44972222222222], [132.51583333333335, 33.4525], [132.50444444444443, 33.450833333333335], [132.48916666666668, 33.443333333333335], [132.48694444444445, 33.435], [132.48194444444445, 33.431111111111115], [132.4825, 33.425555555555555], [132.47583333333333, 33.41916666666667], [132.48277777777778, 33.408055555555556], [132.46444444444444, 33.405277777777776], [132.44944444444445, 33.39861111111111], [132.45083333333332, 33.39055555555556], [132.44666666666666, 33.38638888888889], [132.45805555555555, 33.37694444444445], [132.45416666666668, 33.36666666666667], [132.47083333333333, 33.36055555555556], [132.47055555555556, 33.349444444444444], [132.49694444444444, 33.341944444444444], [132.49694444444444, 33.33861111111111], [132.5063888888889, 33.335], [132.52555555555554, 33.33861111111111], [132.53416666666666, 33.32888888888889], [132.5536111111111, 33.32416666666667], [132.57472222222222, 33.32944444444445], [132.59916666666666, 33.32611111111111], [132.6052777777778, 33.33138888888889], [132.62916666666666, 33.33111111111111], [132.62944444444443, 33.3475], [132.635, 33.35805555555555], [132.62694444444443, 33.36194444444445], [132.62055555555557, 33.37166666666667], [132.61833333333334, 33.37888888888889], [132.62083333333334, 33.38666666666667], [132.61555555555555, 33.39833333333333], [132.60222222222222, 33.405833333333334], [132.5975, 33.431111111111115], [132.5938888888889, 33.435], [132.59027777777777, 33.434444444444445], [132.5725, 33.45361111111111]]]}}, {"type": "Feature", "properties": {"id": "1368080700010", "name": "早明浦ダム（機構）（さめうらだむ）", "track": "dam_pending", "area_km2": 415.23, "phase": "augmentation", "n_rain_in": 17}, "geometry": {"type": "Polygon", "coordinates": [[[133.41472222222222, 33.84], [133.4011111111111, 33.836666666666666], [133.39166666666668, 33.824444444444445], [133.35472222222222, 33.83416666666667], [133.3463888888889, 33.825], [133.3336111111111, 33.82138888888889], [133.32666666666665, 33.81472222222222], [133.31, 33.81611111111111], [133.29361111111112, 33.82888888888889], [133.2775, 33.83111111111111], [133.2675, 33.82388888888889], [133.26083333333332, 33.81111111111111], [133.26111111111112, 33.800555555555555], [133.2513888888889, 33.78888888888889], [133.24555555555557, 33.78888888888889], [133.23722222222221, 33.78277777777778], [133.2302777777778, 33.78388888888889], [133.22027777777777, 33.780277777777776], [133.20583333333335, 33.79472222222222], [133.19305555555556, 33.794444444444444], [133.19027777777777, 33.78333333333333], [133.1822222222222, 33.771388888888886], [133.18305555555557, 33.76694444444445], [133.15805555555556, 33.75], [133.15944444444443, 33.73361111111111], [133.1677777777778, 33.727777777777774], [133.16611111111112, 33.719722222222224], [133.17416666666668, 33.7075], [133.20694444444445, 33.693333333333335], [133.21166666666667, 33.68638888888889], [133.25555555555556, 33.67861111111111], [133.26638888888888, 33.681111111111115], [133.2836111111111, 33.67861111111111], [133.29416666666665, 33.68277777777778], [133.30583333333334, 33.691944444444445], [133.3136111111111, 33.693333333333335], [133.32083333333333, 33.70055555555555], [133.3175, 33.70666666666666], [133.32361111111112, 33.71722222222222], [133.36527777777778, 33.72833333333333], [133.3697222222222, 33.725833333333334], [133.36888888888888, 33.71861111111111], [133.38055555555556, 33.71388888888889], [133.385, 33.7075], [133.38305555555556, 33.70305555555556], [133.39333333333335, 33.70166666666667], [133.39916666666667, 33.6975], [133.40055555555554, 33.69361111111111], [133.39638888888888, 33.684444444444445], [133.39833333333334, 33.680277777777775], [133.40472222222223, 33.685], [133.40805555555556, 33.68388888888889], [133.435, 33.693888888888885], [133.43416666666667, 33.708333333333336], [133.43805555555556, 33.710277777777776], [133.4361111111111, 33.717777777777776], [133.44944444444445, 33.72416666666667], [133.47194444444443, 33.74638888888889], [133.48888888888888, 33.75138888888889], [133.50083333333333, 33.73972222222222], [133.51777777777778, 33.7425], [133.52138888888888, 33.74583333333333], [133.5375, 33.74527777777778], [133.5536111111111, 33.756388888888885], [133.54611111111112, 33.772222222222226], [133.5313888888889, 33.783611111111114], [133.53527777777776, 33.793055555555554], [133.53444444444443, 33.805277777777775], [133.52916666666667, 33.80861111111111], [133.52972222222223, 33.814166666666665], [133.52305555555554, 33.823055555555555], [133.51472222222222, 33.826388888888886], [133.50916666666666, 33.83583333333333], [133.4986111111111, 33.82888888888889], [133.4936111111111, 33.83222222222222], [133.49, 33.831944444444446], [133.4886111111111, 33.83138888888889], [133.48805555555555, 33.830555555555556], [133.4875, 33.830555555555556], [133.4875, 33.83027777777778], [133.48722222222221, 33.83027777777778], [133.48722222222221, 33.83], [133.48694444444445, 33.83], [133.47083333333333, 33.836666666666666], [133.43805555555556, 33.833888888888886], [133.41472222222222, 33.84]], [[133.48666666666668, 33.82972222222222], [133.48694444444445, 33.83], [133.48694444444445, 33.82972222222222], [133.48666666666668, 33.82972222222222]]]}}, {"type": "Feature", "properties": {"id": "1368080700030", "name": "新宮ダム（機構）（しんぐうだむ）", "track": "dam_pending", "area_km2": 214.62, "phase": "augmentation", "n_rain_in": 4}, "geometry": {"type": "MultiPolygon", "coordinates": [[[[133.48694444444445, 33.83], [133.48666666666668, 33.82972222222222], [133.48666666666668, 33.83], [133.48694444444445, 33.83]]], [[[133.48694444444445, 33.83], [133.47083333333333, 33.836666666666666], [133.43805555555556, 33.833888888888886], [133.41472222222222, 33.84], [133.4011111111111, 33.836666666666666], [133.39083333333335, 33.824444444444445], [133.35583333333332, 33.83444444444444], [133.3463888888889, 33.825], [133.3336111111111, 33.82138888888889], [133.32666666666665, 33.81472222222222], [133.31, 33.81611111111111], [133.29361111111112, 33.82861111111111], [133.30583333333334, 33.835], [133.3088888888889, 33.846111111111114], [133.31972222222223, 33.8525], [133.3188888888889, 33.859722222222224], [133.33277777777778, 33.86472222222222], [133.33916666666667, 33.87555555555556], [133.35416666666666, 33.87972222222222], [133.3713888888889, 33.875277777777775], [133.38416666666666, 33.87583333333333], [133.38666666666666, 33.87972222222222], [133.39527777777778, 33.88194444444444], [133.3986111111111, 33.88722222222222], [133.435, 33.89055555555556], [133.43916666666667, 33.89222222222222], [133.4388888888889, 33.896388888888886], [133.45083333333332, 33.907222222222224], [133.45777777777778, 33.919444444444444], [133.47055555555556, 33.92472222222222], [133.4988888888889, 33.92944444444444], [133.5125, 33.939166666666665], [133.53944444444446, 33.94277777777778], [133.54222222222222, 33.94777777777778], [133.59333333333333, 33.95666666666666], [133.60444444444445, 33.96083333333333], [133.61222222222221, 33.97], [133.6338888888889, 33.96861111111111], [133.62916666666666, 33.95666666666666], [133.6327777777778, 33.95166666666667], [133.625, 33.9475], [133.61138888888888, 33.928333333333335], [133.61583333333334, 33.916666666666664], [133.5986111111111, 33.90638888888889], [133.59583333333333, 33.88861111111111], [133.59833333333333, 33.88027777777778], [133.58305555555555, 33.867777777777775], [133.5613888888889, 33.87555555555556], [133.55694444444444, 33.8825], [133.5402777777778, 33.87888888888889], [133.53583333333333, 33.86527777777778], [133.52527777777777, 33.861111111111114], [133.5261111111111, 33.85333333333333], [133.51833333333335, 33.8475], [133.50805555555556, 33.846944444444446], [133.5077777777778, 33.83555555555556], [133.49916666666667, 33.82888888888889], [133.4936111111111, 33.83222222222222], [133.49083333333334, 33.83222222222222], [133.48722222222221, 33.83], [133.48694444444445, 33.83]]]]}}, {"type": "Feature", "properties": {"id": "1368080700050", "name": "富郷ダム（機構）（とみさとだむ）", "track": "dam_pending", "area_km2": 100.36, "phase": "augmentation", "n_rain_in": 2}, "geometry": {"type": "MultiPolygon", "coordinates": [[[[133.48694444444445, 33.83], [133.48666666666668, 33.82972222222222], [133.48666666666668, 33.83], [133.48694444444445, 33.83]]], [[[133.48694444444445, 33.83], [133.47083333333333, 33.836666666666666], [133.43805555555556, 33.833888888888886], [133.41472222222222, 33.84], [133.4011111111111, 33.836666666666666], [133.39083333333335, 33.824444444444445], [133.35583333333332, 33.83444444444444], [133.3463888888889, 33.825], [133.3336111111111, 33.82138888888889], [133.32666666666665, 33.81472222222222], [133.31, 33.81611111111111], [133.29361111111112, 33.82861111111111], [133.30583333333334, 33.835], [133.3088888888889, 33.846111111111114], [133.31972222222223, 33.8525], [133.3188888888889, 33.859722222222224], [133.33277777777778, 33.86472222222222], [133.33916666666667, 33.87555555555556], [133.35416666666666, 33.87972222222222], [133.3713888888889, 33.875277777777775], [133.38416666666666, 33.87583333333333], [133.38666666666666, 33.87972222222222], [133.39527777777778, 33.88194444444444], [133.3986111111111, 33.88722222222222], [133.42333333333335, 33.88805555555555], [133.43833333333333, 33.89222222222222], [133.44333333333333, 33.8875], [133.45277777777778, 33.88722222222222], [133.46583333333334, 33.89277777777778], [133.47666666666666, 33.8925], [133.48527777777778, 33.886944444444445], [133.49194444444444, 33.889722222222225], [133.49027777777778, 33.875], [133.4947222222222, 33.861111111111114], [133.50194444444443, 33.85805555555555], [133.50833333333333, 33.84722222222222], [133.50805555555556, 33.83583333333333], [133.5052777777778, 33.833333333333336], [133.49916666666667, 33.82888888888889], [133.4936111111111, 33.83222222222222], [133.49083333333334, 33.83222222222222], [133.48722222222221, 33.83], [133.48694444444445, 33.83]]]]}}, {"type": "Feature", "properties": {"id": "1368080775010", "name": "柳瀬ダム（やなせだむ）", "track": "dam_pending", "area_km2": 172.14, "phase": "augmentation", "n_rain_in": 4}, "geometry": {"type": "MultiPolygon", "coordinates": [[[[133.48694444444445, 33.83], [133.48666666666668, 33.82972222222222], [133.48666666666668, 33.83], [133.48694444444445, 33.83]]], [[[133.48694444444445, 33.83], [133.47083333333333, 33.836666666666666], [133.43805555555556, 33.833888888888886], [133.41472222222222, 33.84], [133.4011111111111, 33.836666666666666], [133.39083333333335, 33.824444444444445], [133.35583333333332, 33.83444444444444], [133.3463888888889, 33.825], [133.3336111111111, 33.82138888888889], [133.32666666666665, 33.81472222222222], [133.31, 33.81611111111111], [133.29361111111112, 33.82861111111111], [133.30583333333334, 33.835], [133.3088888888889, 33.846111111111114], [133.31972222222223, 33.8525], [133.3188888888889, 33.859722222222224], [133.33277777777778, 33.86472222222222], [133.33916666666667, 33.87555555555556], [133.35416666666666, 33.87972222222222], [133.3713888888889, 33.875277777777775], [133.38416666666666, 33.87583333333333], [133.38666666666666, 33.87972222222222], [133.39527777777778, 33.88194444444444], [133.3986111111111, 33.88722222222222], [133.435, 33.89055555555556], [133.43916666666667, 33.89222222222222], [133.4388888888889, 33.896388888888886], [133.45083333333332, 33.907222222222224], [133.45777777777778, 33.919444444444444], [133.4788888888889, 33.92777777777778], [133.4988888888889, 33.92944444444444], [133.5125, 33.939166666666665], [133.53944444444446, 33.94277777777778], [133.54222222222222, 33.94777777777778], [133.56861111111112, 33.951388888888886], [133.57555555555555, 33.943333333333335], [133.57361111111112, 33.94], [133.5825, 33.93555555555555], [133.57416666666666, 33.926944444444445], [133.56944444444446, 33.91638888888889], [133.56194444444444, 33.91694444444445], [133.555, 33.91166666666667], [133.55527777777777, 33.90777777777778], [133.54722222222222, 33.89666666666667], [133.55083333333334, 33.882222222222225], [133.53972222222222, 33.87833333333333], [133.53583333333333, 33.86527777777778], [133.52527777777777, 33.861111111111114], [133.5261111111111, 33.85333333333333], [133.51833333333335, 33.8475], [133.50805555555556, 33.846944444444446], [133.50805555555556, 33.83583333333333], [133.5052777777778, 33.833333333333336], [133.49916666666667, 33.82888888888889], [133.4936111111111, 33.83222222222222], [133.49083333333334, 33.83222222222222], [133.48722222222221, 33.83], [133.48694444444445, 33.83]]]]}}, {"type": "Feature", "properties": {"id": "1368060778090", "name": "真名川ダム（まながわだむ）", "track": "dam_pending", "area_km2": 222.53, "phase": "augmentation", "n_rain_in": 8}, "geometry": {"type": "Polygon", "coordinates": [[[136.53861111111112, 35.925555555555555], [136.535, 35.92138888888889], [136.52, 35.92], [136.515, 35.91166666666667], [136.50277777777777, 35.909444444444446], [136.485, 35.89361111111111], [136.47861111111112, 35.89416666666666], [136.4638888888889, 35.88611111111111], [136.45111111111112, 35.886944444444445], [136.44444444444446, 35.89138888888889], [136.44, 35.88722222222222], [136.43972222222223, 35.87777777777778], [136.43305555555557, 35.87222222222222], [136.4361111111111, 35.868611111111115], [136.42777777777778, 35.85916666666667], [136.435, 35.85111111111111], [136.4311111111111, 35.85027777777778], [136.43194444444444, 35.844722222222224], [136.42333333333335, 35.833888888888886], [136.42805555555555, 35.82333333333333], [136.42277777777778, 35.82083333333333], [136.42305555555555, 35.81305555555556], [136.43333333333334, 35.805277777777775], [136.4311111111111, 35.797777777777775], [136.4225, 35.793055555555554], [136.41611111111112, 35.782222222222224], [136.43055555555554, 35.775], [136.44555555555556, 35.77305555555556], [136.4586111111111, 35.77916666666667], [136.4686111111111, 35.772777777777776], [136.485, 35.775], [136.49694444444444, 35.765], [136.49944444444444, 35.75527777777778], [136.5063888888889, 35.750277777777775], [136.5077777777778, 35.75666666666667], [136.51361111111112, 35.76222222222222], [136.51194444444445, 35.772222222222226], [136.52277777777778, 35.78805555555556], [136.5438888888889, 35.778888888888886], [136.5561111111111, 35.78111111111111], [136.5713888888889, 35.7775], [136.58583333333334, 35.784166666666664], [136.585, 35.789722222222224], [136.58944444444444, 35.79555555555555], [136.59944444444446, 35.798611111111114], [136.61138888888888, 35.78861111111111], [136.62194444444444, 35.7875], [136.6275, 35.79055555555556], [136.6263888888889, 35.79666666666667], [136.63833333333332, 35.7975], [136.64527777777778, 35.809444444444445], [136.62722222222223, 35.82361111111111], [136.62583333333333, 35.84722222222222], [136.5963888888889, 35.846111111111114], [136.5938888888889, 35.85305555555556], [136.57916666666668, 35.85111111111111], [136.57527777777779, 35.86055555555556], [136.56333333333333, 35.868611111111115], [136.5677777777778, 35.888888888888886], [136.57694444444445, 35.90138888888889], [136.58694444444444, 35.903333333333336], [136.57888888888888, 35.90972222222222], [136.57944444444445, 35.91416666666667], [136.56222222222223, 35.91916666666667], [136.54694444444445, 35.91694444444445], [136.54638888888888, 35.922222222222224], [136.53861111111112, 35.925555555555555]]]}}, {"type": "Feature", "properties": {"id": "1368050900080", "name": "牧尾ダム（利水）（まきおだむ）", "track": "dam_pending", "area_km2": 310.02, "phase": "augmentation", "n_rain_in": 2}, "geometry": {"type": "Polygon", "coordinates": [[[137.4286111111111, 35.906666666666666], [137.38111111111112, 35.8925], [137.3647222222222, 35.87916666666667], [137.36833333333334, 35.87444444444444], [137.36555555555555, 35.85333333333333], [137.35666666666665, 35.841944444444444], [137.33583333333334, 35.84444444444444], [137.3322222222222, 35.84111111111111], [137.32527777777779, 35.812222222222225], [137.3325, 35.80888888888889], [137.33777777777777, 35.79805555555556], [137.35194444444446, 35.8025], [137.35972222222222, 35.79611111111111], [137.38055555555556, 35.80138888888889], [137.39222222222222, 35.798611111111114], [137.39666666666668, 35.78527777777778], [137.39111111111112, 35.780277777777776], [137.39583333333334, 35.77638888888889], [137.41027777777776, 35.7775], [137.43444444444444, 35.77111111111111], [137.4375, 35.76138888888889], [137.44361111111112, 35.7575], [137.45, 35.759166666666665], [137.45222222222222, 35.76305555555555], [137.4597222222222, 35.76138888888889], [137.46805555555557, 35.74722222222222], [137.4663888888889, 35.74111111111111], [137.47805555555556, 35.730555555555554], [137.4788888888889, 35.72638888888889], [137.48527777777778, 35.72472222222222], [137.48777777777778, 35.716388888888886], [137.50583333333333, 35.714444444444446], [137.51194444444445, 35.70861111111111], [137.5325, 35.708888888888886], [137.54222222222222, 35.7125], [137.54444444444445, 35.71888888888889], [137.5536111111111, 35.71888888888889], [137.5511111111111, 35.72888888888889], [137.54111111111112, 35.73277777777778], [137.53972222222222, 35.7475], [137.5311111111111, 35.7525], [137.5336111111111, 35.754444444444445], [137.56666666666666, 35.75111111111111], [137.56944444444446, 35.76], [137.58194444444445, 35.76083333333333], [137.5847222222222, 35.766666666666666], [137.59805555555556, 35.76861111111111], [137.595, 35.77722222222222], [137.58083333333335, 35.77861111111111], [137.5825, 35.78916666666667], [137.5775, 35.7925], [137.58333333333334, 35.797222222222224], [137.59444444444443, 35.7975], [137.60416666666666, 35.80305555555555], [137.60777777777778, 35.81666666666667], [137.61444444444444, 35.818888888888885], [137.61416666666668, 35.82194444444445], [137.6, 35.83555555555556], [137.595, 35.83611111111111], [137.58805555555554, 35.844166666666666], [137.58833333333334, 35.85], [137.57, 35.85333333333333], [137.52194444444444, 35.87083333333333], [137.5038888888889, 35.870555555555555], [137.4802777777778, 35.893055555555556], [137.465, 35.89277777777778], [137.4575, 35.88944444444444], [137.4388888888889, 35.9], [137.43777777777777, 35.905], [137.4286111111111, 35.906666666666666]]]}}, {"type": "Feature", "properties": {"id": "1368050931320", "name": "阿木川ダム（あぎがわだむ）", "track": "dam_pending", "area_km2": 83.0, "phase": "augmentation", "n_rain_in": 0}, "geometry": {"type": "MultiPolygon", "coordinates": [[[[137.39333333333335, 35.409166666666664], [137.40833333333333, 35.419444444444444], [137.41611111111112, 35.41833333333334], [137.42138888888888, 35.4225], [137.42194444444445, 35.42888888888889], [137.43027777777777, 35.431111111111115], [137.435, 35.42611111111111], [137.44833333333332, 35.4275], [137.46305555555554, 35.41], [137.46972222222223, 35.4075], [137.47944444444445, 35.41027777777778], [137.48888888888888, 35.405277777777776], [137.49583333333334, 35.411944444444444], [137.50472222222223, 35.41361111111111], [137.52944444444444, 35.410555555555554], [137.53444444444443, 35.40472222222222], [137.54611111111112, 35.4025], [137.55194444444444, 35.405833333333334], [137.56194444444444, 35.40555555555556], [137.56416666666667, 35.401944444444446], [137.55833333333334, 35.396388888888886], [137.55805555555557, 35.389722222222225], [137.54416666666665, 35.384166666666665], [137.53972222222222, 35.37777777777778], [137.53444444444443, 35.3775], [137.52972222222223, 35.37305555555555], [137.5247222222222, 35.37583333333333], [137.50972222222222, 35.37361111111111], [137.4925, 35.363055555555555], [137.4825, 35.35111111111111], [137.47277777777776, 35.352777777777774], [137.45333333333335, 35.3475], [137.4477777777778, 35.3425], [137.44166666666666, 35.346944444444446], [137.42583333333334, 35.346111111111114], [137.42111111111112, 35.35388888888889], [137.42305555555555, 35.360277777777775], [137.41611111111112, 35.36972222222222], [137.40527777777777, 35.367222222222225], [137.40527777777777, 35.37111111111111], [137.4025, 35.370555555555555], [137.4038888888889, 35.376666666666665], [137.3961111111111, 35.38638888888889], [137.39805555555554, 35.3925], [137.39444444444445, 35.39555555555555], [137.39777777777778, 35.39972222222222], [137.39333333333335, 35.409166666666664]]], [[[137.39305555555555, 35.409166666666664], [137.39277777777778, 35.409444444444446], [137.39305555555555, 35.409444444444446], [137.39305555555555, 35.409166666666664]]]]}}, {"type": "Feature", "properties": {"id": "605081285511350", "name": "小里川ダム（おりがわだむ）", "track": "dam_pending", "area_km2": 55.82, "phase": "augmentation", "n_rain_in": 2}, "geometry": {"type": "Polygon", "coordinates": [[[137.39555555555555, 35.3875], [137.395, 35.37916666666667], [137.38694444444445, 35.3825], [137.37916666666666, 35.38166666666667], [137.37194444444444, 35.368611111111115], [137.35722222222222, 35.36833333333333], [137.355, 35.36416666666667], [137.3425, 35.36333333333333], [137.33944444444444, 35.3575], [137.3347222222222, 35.35916666666667], [137.3311111111111, 35.35388888888889], [137.3022222222222, 35.33611111111111], [137.29805555555555, 35.32861111111111], [137.3022222222222, 35.32666666666667], [137.30388888888888, 35.318333333333335], [137.31972222222223, 35.31138888888889], [137.31583333333333, 35.30138888888889], [137.32805555555555, 35.304722222222225], [137.3375, 35.31361111111111], [137.3413888888889, 35.31166666666667], [137.34444444444443, 35.31666666666667], [137.3538888888889, 35.3175], [137.35916666666665, 35.32138888888889], [137.36416666666668, 35.31944444444444], [137.36638888888888, 35.324444444444445], [137.3827777777778, 35.33305555555555], [137.39416666666668, 35.33222222222222], [137.4063888888889, 35.326388888888886], [137.425, 35.329166666666666], [137.42944444444444, 35.32611111111111], [137.43194444444444, 35.33583333333333], [137.4463888888889, 35.339444444444446], [137.44472222222223, 35.34638888888889], [137.4338888888889, 35.345], [137.4225, 35.34888888888889], [137.42305555555555, 35.360277777777775], [137.41583333333332, 35.37], [137.40527777777777, 35.367222222222225], [137.40527777777777, 35.37111111111111], [137.4025, 35.370555555555555], [137.4036111111111, 35.3775], [137.39555555555555, 35.3875]]]}}, {"type": "Feature", "properties": {"id": "1365150315010", "name": "長島ダム（ながしまだむ）", "track": "dam_pending", "area_km2": 535.49, "phase": "augmentation", "n_rain_in": 5}, "geometry": {"type": "Polygon", "coordinates": [[[138.2277777777778, 35.645833333333336], [138.21833333333333, 35.64416666666666], [138.21083333333334, 35.63444444444445], [138.20333333333335, 35.63194444444444], [138.2025, 35.61833333333333], [138.2061111111111, 35.60777777777778], [138.1952777777778, 35.594722222222224], [138.19472222222223, 35.58833333333333], [138.1888888888889, 35.580555555555556], [138.19, 35.577222222222225], [138.1836111111111, 35.573055555555555], [138.17777777777778, 35.575], [138.1725, 35.58166666666666], [138.16194444444446, 35.58138888888889], [138.15916666666666, 35.57472222222222], [138.15166666666667, 35.57083333333333], [138.14305555555555, 35.555277777777775], [138.15444444444444, 35.553333333333335], [138.15916666666666, 35.54555555555555], [138.13833333333332, 35.52111111111111], [138.14638888888888, 35.51861111111111], [138.14055555555555, 35.503055555555555], [138.15527777777777, 35.495], [138.16472222222222, 35.494166666666665], [138.1586111111111, 35.48722222222222], [138.15666666666667, 35.47805555555556], [138.16027777777776, 35.4675], [138.155, 35.458888888888886], [138.14111111111112, 35.458888888888886], [138.13222222222223, 35.452777777777776], [138.12194444444444, 35.45638888888889], [138.11916666666667, 35.44694444444445], [138.12416666666667, 35.435833333333335], [138.12083333333334, 35.42944444444444], [138.13972222222222, 35.422777777777775], [138.13444444444445, 35.408611111111114], [138.14444444444445, 35.40611111111111], [138.15305555555557, 35.397777777777776], [138.15166666666667, 35.39083333333333], [138.1447222222222, 35.382777777777775], [138.14083333333335, 35.369166666666665], [138.12972222222223, 35.365], [138.12, 35.36694444444444], [138.09694444444443, 35.354166666666664], [138.09416666666667, 35.350833333333334], [138.09694444444443, 35.34722222222222], [138.0961111111111, 35.340555555555554], [138.0872222222222, 35.33777777777778], [138.08277777777778, 35.32527777777778], [138.09722222222223, 35.31166666666667], [138.0986111111111, 35.30388888888889], [138.11333333333334, 35.301944444444445], [138.115, 35.29805555555556], [138.12694444444443, 35.293055555555554], [138.1375, 35.28333333333333], [138.13694444444445, 35.27], [138.14555555555555, 35.263888888888886], [138.145, 35.25666666666667], [138.1611111111111, 35.256388888888885], [138.1675, 35.24888888888889], [138.1613888888889, 35.2325], [138.16666666666666, 35.22388888888889], [138.16555555555556, 35.216388888888886], [138.16833333333332, 35.213055555555556], [138.16861111111112, 35.204166666666666], [138.16305555555556, 35.19638888888889], [138.1663888888889, 35.1775], [138.1538888888889, 35.17583333333333], [138.14805555555554, 35.16388888888889], [138.1627777777778, 35.15], [138.18333333333334, 35.13666666666667], [138.19583333333333, 35.14388888888889], [138.20916666666668, 35.144444444444446], [138.22083333333333, 35.159166666666664], [138.23111111111112, 35.15972222222222], [138.23805555555555, 35.16972222222222], [138.23944444444444, 35.17777777777778], [138.24583333333334, 35.17944444444444], [138.25722222222223, 35.19833333333333], [138.26388888888889, 35.20388888888889], [138.27555555555554, 35.20666666666666], [138.27972222222223, 35.2125], [138.28527777777776, 35.2525], [138.2825, 35.265], [138.2761111111111, 35.271388888888886], [138.28444444444443, 35.279444444444444], [138.28555555555556, 35.30416666666667], [138.2761111111111, 35.3075], [138.27055555555555, 35.314166666666665], [138.2577777777778, 35.31638888888889], [138.25472222222223, 35.32], [138.255, 35.324444444444445], [138.24916666666667, 35.331944444444446], [138.25694444444446, 35.33888888888889], [138.2511111111111, 35.36333333333333], [138.23222222222222, 35.37083333333333], [138.23694444444445, 35.38444444444445], [138.2461111111111, 35.39138888888889], [138.2463888888889, 35.39972222222222], [138.25805555555556, 35.410555555555554], [138.25944444444445, 35.43194444444445], [138.25555555555556, 35.445], [138.24805555555557, 35.44722222222222], [138.24416666666667, 35.45944444444444], [138.2552777777778, 35.46944444444444], [138.26, 35.48916666666667], [138.2602777777778, 35.50611111111111], [138.26888888888888, 35.51444444444444], [138.26361111111112, 35.521388888888886], [138.26361111111112, 35.526666666666664], [138.25722222222223, 35.53055555555556], [138.26083333333332, 35.54416666666667], [138.25972222222222, 35.55277777777778], [138.2525, 35.555277777777775], [138.24416666666667, 35.56361111111111], [138.24527777777777, 35.570277777777775], [138.24166666666667, 35.5725], [138.23916666666668, 35.583888888888886], [138.24305555555554, 35.59777777777778], [138.24055555555555, 35.605], [138.23527777777778, 35.606944444444444], [138.23638888888888, 35.62222222222222], [138.22861111111112, 35.625], [138.23166666666665, 35.64138888888889], [138.2277777777778, 35.645833333333336]]]}}, {"type": "Feature", "properties": {"id": "1368030478030", "name": "二瀬ダム（ふたせ）", "track": "dam_pending", "area_km2": 170.53, "phase": "augmentation", "n_rain_in": 6}, "geometry": {"type": "Polygon", "coordinates": [[[138.79722222222222, 35.96194444444444], [138.78194444444443, 35.958333333333336], [138.7747222222222, 35.96083333333333], [138.75305555555556, 35.955555555555556], [138.74694444444444, 35.944722222222225], [138.7386111111111, 35.93861111111111], [138.73833333333334, 35.92861111111111], [138.7288888888889, 35.91722222222222], [138.7288888888889, 35.90888888888889], [138.73222222222222, 35.905], [138.75833333333333, 35.9025], [138.76555555555555, 35.89888888888889], [138.78, 35.89972222222222], [138.79111111111112, 35.891666666666666], [138.79194444444445, 35.875277777777775], [138.80833333333334, 35.87027777777778], [138.81333333333333, 35.8625], [138.82805555555555, 35.865833333333335], [138.83305555555555, 35.86222222222222], [138.84527777777777, 35.8675], [138.85555555555555, 35.86527777777778], [138.85888888888888, 35.8575], [138.8697222222222, 35.85722222222222], [138.87777777777777, 35.8475], [138.88583333333332, 35.84722222222222], [138.89194444444445, 35.83972222222222], [138.91083333333333, 35.852777777777774], [138.92666666666668, 35.84861111111111], [138.94416666666666, 35.85444444444445], [138.945, 35.86805555555556], [138.95444444444445, 35.87416666666667], [138.94916666666666, 35.88916666666667], [138.95333333333335, 35.904444444444444], [138.9425, 35.91694444444445], [138.92666666666668, 35.928333333333335], [138.9261111111111, 35.9325], [138.91916666666665, 35.935833333333335], [138.91611111111112, 35.9425], [138.9013888888889, 35.94916666666666], [138.84805555555556, 35.95], [138.8227777777778, 35.95333333333333], [138.81944444444446, 35.95722222222222], [138.80833333333334, 35.95944444444444], [138.80083333333334, 35.956944444444446], [138.79722222222222, 35.96194444444444]]]}}, {"type": "Feature", "properties": {"id": "1368040646030", "name": "宇奈月ダム（うなづきだむ）", "track": "dam_pending", "area_km2": 609.86, "phase": "augmentation", "n_rain_in": 4}, "geometry": {"type": "Polygon", "coordinates": [[[137.70416666666668, 36.908055555555556], [137.70055555555555, 36.905], [137.6952777777778, 36.90638888888889], [137.68777777777777, 36.89666666666667], [137.68305555555557, 36.895833333333336], [137.68055555555554, 36.88472222222222], [137.67638888888888, 36.882777777777775], [137.67638888888888, 36.8725], [137.66416666666666, 36.855555555555554], [137.65805555555556, 36.8575], [137.65694444444443, 36.85444444444445], [137.64583333333334, 36.85055555555556], [137.64888888888888, 36.841388888888886], [137.64638888888888, 36.82888888888889], [137.64944444444444, 36.82333333333333], [137.64416666666668, 36.816944444444445], [137.63944444444445, 36.81361111111111], [137.6325, 36.81722222222222], [137.61916666666667, 36.815], [137.60916666666665, 36.80694444444445], [137.59777777777776, 36.81388888888889], [137.5888888888889, 36.815], [137.57083333333333, 36.79361111111111], [137.5588888888889, 36.77361111111111], [137.56416666666667, 36.76138888888889], [137.5836111111111, 36.753055555555555], [137.59083333333334, 36.73833333333334], [137.61138888888888, 36.72611111111111], [137.60777777777778, 36.71388888888889], [137.58694444444444, 36.69888888888889], [137.5861111111111, 36.689166666666665], [137.59083333333334, 36.68], [137.60694444444445, 36.66694444444445], [137.61388888888888, 36.65555555555556], [137.62055555555557, 36.653888888888886], [137.62722222222223, 36.63944444444444], [137.62, 36.63388888888889], [137.62277777777777, 36.62722222222222], [137.615, 36.621944444444445], [137.61416666666668, 36.6125], [137.60805555555555, 36.60722222222222], [137.61, 36.596111111111114], [137.61777777777777, 36.595555555555556], [137.6211111111111, 36.57861111111111], [137.6172222222222, 36.5725], [137.60583333333332, 36.56666666666667], [137.60583333333332, 36.551944444444445], [137.59805555555556, 36.54416666666667], [137.5872222222222, 36.54194444444445], [137.58805555555554, 36.536944444444444], [137.5836111111111, 36.53277777777778], [137.58138888888888, 36.520833333333336], [137.58194444444445, 36.507222222222225], [137.57361111111112, 36.50527777777778], [137.56305555555556, 36.49194444444444], [137.54833333333335, 36.48305555555555], [137.5427777777778, 36.4725], [137.54305555555555, 36.46472222222222], [137.50972222222222, 36.4425], [137.515, 36.430277777777775], [137.51166666666666, 36.42305555555556], [137.51527777777778, 36.411944444444444], [137.52, 36.40611111111111], [137.53083333333333, 36.403333333333336], [137.545, 36.39], [137.5613888888889, 36.38638888888889], [137.5702777777778, 36.388333333333335], [137.57555555555555, 36.393055555555556], [137.59166666666667, 36.389722222222225], [137.605, 36.40222222222222], [137.60361111111112, 36.410833333333336], [137.60833333333332, 36.41972222222222], [137.61777777777777, 36.41861111111111], [137.62305555555557, 36.42388888888889], [137.63333333333333, 36.425], [137.63805555555555, 36.43138888888889], [137.64, 36.44555555555556], [137.645, 36.454166666666666], [137.65527777777777, 36.45916666666667], [137.65666666666667, 36.470555555555556], [137.65083333333334, 36.48], [137.6513888888889, 36.488055555555555], [137.65722222222223, 36.492777777777775], [137.66694444444445, 36.494166666666665], [137.66944444444445, 36.51027777777778], [137.67694444444444, 36.51416666666667], [137.68916666666667, 36.513888888888886], [137.69416666666666, 36.510555555555555], [137.70527777777778, 36.51777777777778], [137.70277777777778, 36.52472222222222], [137.71027777777778, 36.535833333333336], [137.68472222222223, 36.53777777777778], [137.68944444444443, 36.55361111111111], [137.6875, 36.56194444444444], [137.69361111111112, 36.568888888888885], [137.71333333333334, 36.57694444444444], [137.72472222222223, 36.586666666666666], [137.7475, 36.58638888888889], [137.75305555555556, 36.593333333333334], [137.74416666666667, 36.6125], [137.74444444444444, 36.61833333333333], [137.7475, 36.62555555555556], [137.75194444444443, 36.62694444444445], [137.7563888888889, 36.647777777777776], [137.75333333333333, 36.65777777777778], [137.75916666666666, 36.660833333333336], [137.76166666666666, 36.666666666666664], [137.75833333333333, 36.67583333333334], [137.75944444444445, 36.685833333333335], [137.7538888888889, 36.6875], [137.7563888888889, 36.69555555555556], [137.75, 36.704166666666666], [137.75277777777777, 36.71888888888889], [137.75083333333333, 36.72666666666667], [137.7552777777778, 36.72944444444445], [137.75444444444443, 36.73361111111111], [137.75861111111112, 36.73916666666667], [137.75166666666667, 36.75222222222222], [137.76277777777779, 36.76777777777778], [137.76083333333332, 36.7725], [137.74972222222223, 36.77916666666667], [137.75027777777777, 36.79138888888889], [137.75444444444443, 36.79638888888889], [137.74916666666667, 36.80416666666667], [137.74916666666667, 36.81], [137.7302777777778, 36.82527777777778], [137.73444444444445, 36.83083333333333], [137.7325, 36.84722222222222], [137.735, 36.85444444444445], [137.73083333333332, 36.856944444444444], [137.73444444444445, 36.860277777777775], [137.73222222222222, 36.87361111111111], [137.715, 36.88861111111111], [137.7138888888889, 36.90555555555556], [137.70416666666668, 36.908055555555556]]]}}, {"type": "Feature", "properties": {"id": "1368030375090", "name": "相俣ダム（あいまただむ）", "track": "dam_pending", "area_km2": 111.6, "phase": "augmentation", "n_rain_in": 3}, "geometry": {"type": "MultiPolygon", "coordinates": [[[[138.91194444444446, 36.8275], [138.91166666666666, 36.82055555555556], [138.89666666666668, 36.812222222222225], [138.89027777777778, 36.8025], [138.91305555555556, 36.795], [138.91305555555556, 36.763333333333335], [138.91861111111112, 36.755833333333335], [138.9177777777778, 36.7525], [138.92555555555555, 36.74583333333333], [138.92166666666665, 36.74055555555555], [138.925, 36.73305555555555], [138.91861111111112, 36.735], [138.90777777777777, 36.72833333333333], [138.90416666666667, 36.718333333333334], [138.8961111111111, 36.7175], [138.89555555555555, 36.70861111111111], [138.8827777777778, 36.714444444444446], [138.87027777777777, 36.70583333333333], [138.86277777777778, 36.70666666666666], [138.84277777777777, 36.69083333333333], [138.82638888888889, 36.69583333333333], [138.82111111111112, 36.70777777777778], [138.80277777777778, 36.71888888888889], [138.7975, 36.735277777777775], [138.78944444444446, 36.74388888888889], [138.79527777777778, 36.75833333333333], [138.80694444444444, 36.765], [138.8177777777778, 36.76166666666666], [138.82694444444445, 36.772222222222226], [138.825, 36.77611111111111], [138.8311111111111, 36.794444444444444], [138.82666666666665, 36.79944444444445], [138.82166666666666, 36.81777777777778], [138.83555555555554, 36.81527777777778], [138.83972222222224, 36.8175], [138.85583333333332, 36.81166666666667], [138.8761111111111, 36.81861111111111], [138.88194444444446, 36.825833333333335], [138.91194444444446, 36.8275]]], [[[138.91194444444446, 36.82805555555556], [138.91222222222223, 36.82833333333333], [138.91222222222223, 36.82805555555556], [138.91194444444446, 36.82805555555556]]]]}}, {"type": "Feature", "properties": {"id": "303031283317025", "name": "八ッ場ダム（やんばだむ）", "track": "dam_pending", "area_km2": 709.85, "phase": "augmentation", "n_rain_in": 23}, "geometry": {"type": "Polygon", "coordinates": [[[138.72666666666666, 36.76416666666667], [138.7213888888889, 36.75944444444445], [138.72166666666666, 36.74944444444444], [138.71555555555557, 36.74583333333333], [138.71305555555554, 36.73888888888889], [138.70333333333335, 36.73638888888889], [138.69, 36.73777777777778], [138.6761111111111, 36.73083333333334], [138.67527777777778, 36.71222222222222], [138.66416666666666, 36.70472222222222], [138.6586111111111, 36.693888888888885], [138.64916666666667, 36.69138888888889], [138.64111111111112, 36.69694444444445], [138.63222222222223, 36.69583333333333], [138.6286111111111, 36.702777777777776], [138.6175, 36.709722222222226], [138.6147222222222, 36.71083333333333], [138.60944444444445, 36.70638888888889], [138.59666666666666, 36.71527777777778], [138.58388888888888, 36.701388888888886], [138.57472222222222, 36.70777777777778], [138.54361111111112, 36.70388888888889], [138.53666666666666, 36.69722222222222], [138.52805555555557, 36.69694444444445], [138.51638888888888, 36.69083333333333], [138.52, 36.68666666666667], [138.5186111111111, 36.675555555555555], [138.53472222222223, 36.66555555555556], [138.52416666666667, 36.65], [138.50416666666666, 36.64666666666667], [138.49083333333334, 36.64083333333333], [138.48166666666665, 36.645], [138.47305555555556, 36.64416666666666], [138.46777777777777, 36.63722222222222], [138.4575, 36.63305555555556], [138.46083333333334, 36.62638888888889], [138.45527777777778, 36.615], [138.45055555555555, 36.61083333333333], [138.4411111111111, 36.610277777777775], [138.44, 36.6], [138.42805555555555, 36.596944444444446], [138.4272222222222, 36.58694444444444], [138.42055555555555, 36.577222222222225], [138.42083333333332, 36.57333333333333], [138.42888888888888, 36.56861111111111], [138.42666666666668, 36.55972222222222], [138.42916666666667, 36.556111111111115], [138.41833333333332, 36.543055555555554], [138.4111111111111, 36.54083333333333], [138.41361111111112, 36.53111111111111], [138.40416666666667, 36.52194444444444], [138.40555555555557, 36.505], [138.3972222222222, 36.48916666666667], [138.4011111111111, 36.47805555555556], [138.39916666666667, 36.473333333333336], [138.40333333333334, 36.46722222222222], [138.39888888888888, 36.45333333333333], [138.40444444444444, 36.45111111111111], [138.4011111111111, 36.44694444444445], [138.4013888888889, 36.43388888888889], [138.41555555555556, 36.431666666666665], [138.43527777777777, 36.41388888888889], [138.4411111111111, 36.41277777777778], [138.44666666666666, 36.419444444444444], [138.45666666666668, 36.42055555555555], [138.4572222222222, 36.41222222222222], [138.46277777777777, 36.40416666666667], [138.48833333333334, 36.40694444444444], [138.49166666666667, 36.413333333333334], [138.50583333333333, 36.415], [138.51583333333335, 36.401944444444446], [138.52527777777777, 36.408055555555556], [138.52944444444444, 36.40277777777778], [138.54083333333332, 36.40222222222222], [138.55444444444444, 36.4175], [138.58388888888888, 36.4225], [138.58777777777777, 36.42027777777778], [138.5938888888889, 36.42444444444445], [138.61083333333335, 36.41972222222222], [138.61333333333334, 36.4225], [138.625, 36.41555555555556], [138.63611111111112, 36.4175], [138.64416666666668, 36.41166666666667], [138.64638888888888, 36.42611111111111], [138.64222222222222, 36.43805555555556], [138.65472222222223, 36.45166666666667], [138.64805555555554, 36.45916666666667], [138.6472222222222, 36.465833333333336], [138.63944444444445, 36.47027777777778], [138.64416666666668, 36.48388888888889], [138.63972222222222, 36.48916666666667], [138.63972222222222, 36.50555555555555], [138.6447222222222, 36.51555555555556], [138.6497222222222, 36.52111111111111], [138.65916666666666, 36.518055555555556], [138.6638888888889, 36.52361111111111], [138.68166666666667, 36.52], [138.6825, 36.52333333333333], [138.6875, 36.52361111111111], [138.7, 36.535], [138.7136111111111, 36.534444444444446], [138.7238888888889, 36.54888888888889], [138.71555555555557, 36.56722222222222], [138.69166666666666, 36.56805555555555], [138.6875, 36.573055555555555], [138.6822222222222, 36.57361111111111], [138.68055555555554, 36.577222222222225], [138.6838888888889, 36.58083333333333], [138.67416666666668, 36.59444444444444], [138.6886111111111, 36.60583333333334], [138.6875, 36.61888888888889], [138.70361111111112, 36.630833333333335], [138.69444444444446, 36.6375], [138.70305555555555, 36.63944444444444], [138.70555555555555, 36.64416666666666], [138.70444444444445, 36.651666666666664], [138.70694444444445, 36.654444444444444], [138.70194444444445, 36.6575], [138.70027777777779, 36.66305555555556], [138.70555555555555, 36.666111111111114], [138.70472222222222, 36.6725], [138.71055555555554, 36.67722222222222], [138.70777777777778, 36.68944444444445], [138.73222222222222, 36.702222222222225], [138.73416666666665, 36.72027777777778], [138.7447222222222, 36.72416666666667], [138.73361111111112, 36.73361111111111], [138.73944444444444, 36.7475], [138.73777777777778, 36.75333333333333], [138.74055555555555, 36.75944444444445], [138.72666666666666, 36.76416666666667]]]}}, {"type": "Feature", "properties": {"id": "1368030375130", "name": "薗原ダム（そのはらだむ）", "track": "dam_pending", "area_km2": 492.22, "phase": "augmentation", "n_rain_in": 18}, "geometry": {"type": "Polygon", "coordinates": [[[139.33972222222224, 36.92916666666667], [139.33277777777778, 36.92444444444445], [139.32777777777778, 36.92583333333334], [139.31805555555556, 36.91638888888889], [139.32, 36.90888888888889], [139.31555555555556, 36.906666666666666], [139.31277777777777, 36.90611111111111], [139.31083333333333, 36.9125], [139.30388888888888, 36.9175], [139.2925, 36.922777777777775], [139.2861111111111, 36.922222222222224], [139.27527777777777, 36.91166666666667], [139.27666666666667, 36.90833333333333], [139.26722222222222, 36.90138888888889], [139.26666666666668, 36.89555555555555], [139.26083333333332, 36.895833333333336], [139.25444444444443, 36.904444444444444], [139.23527777777778, 36.896388888888886], [139.21277777777777, 36.89277777777778], [139.2072222222222, 36.894444444444446], [139.1888888888889, 36.884166666666665], [139.17916666666667, 36.88472222222222], [139.17277777777778, 36.890277777777776], [139.15305555555557, 36.873333333333335], [139.1575, 36.86222222222222], [139.1652777777778, 36.86555555555555], [139.1952777777778, 36.85611111111111], [139.19361111111112, 36.85027777777778], [139.19805555555556, 36.84166666666667], [139.18972222222223, 36.83444444444444], [139.1836111111111, 36.83722222222222], [139.17555555555555, 36.835277777777776], [139.15833333333333, 36.82138888888889], [139.1588888888889, 36.81472222222222], [139.1511111111111, 36.8075], [139.13944444444445, 36.80388888888889], [139.14388888888888, 36.7925], [139.15333333333334, 36.786944444444444], [139.16194444444446, 36.77583333333333], [139.15805555555556, 36.76694444444445], [139.1586111111111, 36.757777777777775], [139.15277777777777, 36.75388888888889], [139.15277777777777, 36.74472222222222], [139.15833333333333, 36.74], [139.16722222222222, 36.74472222222222], [139.17583333333334, 36.742777777777775], [139.1836111111111, 36.73444444444444], [139.195, 36.73361111111111], [139.19194444444443, 36.73083333333334], [139.19472222222223, 36.72694444444444], [139.1927777777778, 36.71472222222222], [139.1761111111111, 36.708333333333336], [139.17638888888888, 36.70333333333333], [139.18666666666667, 36.695], [139.18416666666667, 36.68527777777778], [139.16972222222222, 36.672222222222224], [139.17277777777778, 36.66166666666667], [139.16944444444445, 36.64333333333333], [139.17694444444444, 36.63472222222222], [139.1836111111111, 36.64138888888889], [139.19222222222223, 36.64361111111111], [139.1975, 36.65083333333333], [139.2125, 36.65027777777778], [139.22916666666666, 36.65638888888889], [139.25972222222222, 36.64416666666666], [139.2877777777778, 36.65611111111111], [139.3025, 36.65555555555556], [139.30694444444444, 36.650555555555556], [139.32722222222222, 36.64944444444444], [139.32694444444445, 36.6575], [139.3347222222222, 36.66555555555556], [139.33444444444444, 36.67472222222222], [139.33944444444444, 36.67805555555555], [139.33694444444444, 36.69166666666667], [139.34944444444446, 36.70055555555555], [139.36055555555555, 36.71388888888889], [139.35972222222222, 36.716944444444444], [139.3647222222222, 36.71944444444444], [139.36805555555554, 36.74166666666667], [139.3725, 36.74638888888889], [139.35583333333332, 36.75055555555556], [139.355, 36.760555555555555], [139.35083333333333, 36.763333333333335], [139.35444444444445, 36.76888888888889], [139.35305555555556, 36.77388888888889], [139.35972222222222, 36.775], [139.36694444444444, 36.783611111111114], [139.38333333333333, 36.78861111111111], [139.39194444444445, 36.79944444444445], [139.38861111111112, 36.80444444444444], [139.39305555555555, 36.80916666666667], [139.39111111111112, 36.81472222222222], [139.4063888888889, 36.82666666666667], [139.40027777777777, 36.83416666666667], [139.39111111111112, 36.8325], [139.37416666666667, 36.838055555555556], [139.36666666666667, 36.84111111111111], [139.36388888888888, 36.84722222222222], [139.3527777777778, 36.84888888888889], [139.34916666666666, 36.852777777777774], [139.35555555555555, 36.858333333333334], [139.35777777777778, 36.86555555555555], [139.35666666666665, 36.878055555555555], [139.36083333333335, 36.87416666666667], [139.3686111111111, 36.8775], [139.37416666666667, 36.89472222222222], [139.3936111111111, 36.903055555555554], [139.39555555555555, 36.9075], [139.39333333333335, 36.910833333333336], [139.38222222222223, 36.91138888888889], [139.37305555555557, 36.91833333333334], [139.35083333333333, 36.91638888888889], [139.33972222222224, 36.92916666666667]]]}}, {"type": "Feature", "properties": {"id": "1368030376090", "name": "川治ダム（かわじ）", "track": "dam_pending", "area_km2": 320.84, "phase": "augmentation", "n_rain_in": 8}, "geometry": {"type": "Polygon", "coordinates": [[[139.48388888888888, 36.975833333333334], [139.47194444444443, 36.97083333333333], [139.46, 36.97], [139.4575, 36.95444444444445], [139.435, 36.94222222222222], [139.435, 36.93611111111111], [139.4272222222222, 36.924166666666665], [139.41166666666666, 36.92777777777778], [139.4, 36.92111111111111], [139.39333333333335, 36.91111111111111], [139.39583333333334, 36.90555555555556], [139.37416666666667, 36.89472222222222], [139.3686111111111, 36.8775], [139.36083333333335, 36.87416666666667], [139.35666666666665, 36.878055555555555], [139.35777777777778, 36.86555555555555], [139.35555555555555, 36.858333333333334], [139.34916666666666, 36.85305555555556], [139.35166666666666, 36.84972222222222], [139.36388888888888, 36.84722222222222], [139.36666666666667, 36.84111111111111], [139.39111111111112, 36.8325], [139.40027777777777, 36.83416666666667], [139.41305555555556, 36.82805555555556], [139.41861111111112, 36.82888888888889], [139.41805555555555, 36.83166666666666], [139.42472222222221, 36.835277777777776], [139.44194444444443, 36.8275], [139.455, 36.8275], [139.4622222222222, 36.81805555555555], [139.47944444444445, 36.81472222222222], [139.48888888888888, 36.818888888888885], [139.4963888888889, 36.81305555555556], [139.5025, 36.81444444444445], [139.51055555555556, 36.80694444444445], [139.52083333333334, 36.81194444444444], [139.53694444444446, 36.81138888888889], [139.5413888888889, 36.818333333333335], [139.5713888888889, 36.81472222222222], [139.59194444444444, 36.82111111111111], [139.6038888888889, 36.83277777777778], [139.60666666666665, 36.840555555555554], [139.6147222222222, 36.8425], [139.6211111111111, 36.85027777777778], [139.62916666666666, 36.848333333333336], [139.64027777777778, 36.85722222222222], [139.64944444444444, 36.85583333333334], [139.65916666666666, 36.861111111111114], [139.66333333333333, 36.856944444444444], [139.6772222222222, 36.865], [139.6888888888889, 36.88944444444444], [139.69916666666666, 36.90111111111111], [139.69333333333333, 36.91166666666667], [139.67833333333334, 36.92138888888889], [139.67027777777778, 36.919444444444444], [139.66611111111112, 36.92166666666667], [139.66472222222222, 36.916111111111114], [139.65916666666666, 36.911944444444444], [139.6511111111111, 36.913333333333334], [139.64444444444445, 36.92333333333333], [139.62166666666667, 36.92583333333334], [139.60555555555555, 36.923611111111114], [139.6, 36.92944444444444], [139.595, 36.92777777777778], [139.58388888888888, 36.91138888888889], [139.57333333333332, 36.91694444444445], [139.55944444444444, 36.91138888888889], [139.54361111111112, 36.91277777777778], [139.53472222222223, 36.91861111111111], [139.53305555555556, 36.92472222222222], [139.53666666666666, 36.93388888888889], [139.51916666666668, 36.96222222222222], [139.50444444444443, 36.96944444444444], [139.49305555555554, 36.96805555555556], [139.48388888888888, 36.975833333333334]]]}}, {"type": "Feature", "properties": {"id": "602111282217030", "name": "長井ダム（ながいだむ）", "track": "dam_pending", "area_km2": 101.98, "phase": "augmentation", "n_rain_in": 4}, "geometry": {"type": "Polygon", "coordinates": [[[139.91583333333332, 38.24666666666667], [139.90222222222224, 38.235], [139.89916666666667, 38.216388888888886], [139.89166666666668, 38.213055555555556], [139.87777777777777, 38.199444444444445], [139.8825, 38.19083333333333], [139.8786111111111, 38.17916666666667], [139.87916666666666, 38.16861111111111], [139.8838888888889, 38.16222222222222], [139.88194444444446, 38.1575], [139.89305555555555, 38.153055555555554], [139.89638888888888, 38.14861111111111], [139.88694444444445, 38.136944444444445], [139.88722222222222, 38.13111111111111], [139.89444444444445, 38.12111111111111], [139.89805555555554, 38.10722222222222], [139.9038888888889, 38.10638888888889], [139.90666666666667, 38.09972222222222], [139.91361111111112, 38.098333333333336], [139.91611111111112, 38.093333333333334], [139.94611111111112, 38.099444444444444], [139.96083333333334, 38.096111111111114], [139.96555555555557, 38.10055555555556], [139.96333333333334, 38.104166666666664], [139.96694444444444, 38.1075], [139.96694444444444, 38.11694444444444], [139.9597222222222, 38.12555555555556], [139.96027777777778, 38.13444444444445], [139.96416666666667, 38.140277777777776], [139.98277777777778, 38.1475], [139.98, 38.15138888888889], [139.98777777777778, 38.158611111111114], [139.98416666666665, 38.163333333333334], [139.98472222222222, 38.16916666666667], [139.98083333333332, 38.17194444444444], [139.98333333333332, 38.179722222222225], [139.9777777777778, 38.179722222222225], [139.97472222222223, 38.184444444444445], [139.96944444444443, 38.18527777777778], [139.9675, 38.19138888888889], [139.95777777777778, 38.19888888888889], [139.96055555555554, 38.20361111111111], [139.94083333333333, 38.208888888888886], [139.945, 38.21861111111111], [139.9411111111111, 38.2225], [139.94444444444446, 38.230555555555554], [139.9325, 38.23388888888889], [139.91583333333332, 38.24666666666667]]]}}, {"type": "Feature", "properties": {"id": "602041282223010", "name": "鳴子ダム（なるこだむ）", "track": "dam_pending", "area_km2": 209.31, "phase": "augmentation", "n_rain_in": 5}, "geometry": {"type": "MultiPolygon", "coordinates": [[[[140.59027777777777, 38.89], [140.5975, 38.88444444444445], [140.60722222222222, 38.88666666666666], [140.60944444444445, 38.8925], [140.61555555555555, 38.89388888888889], [140.63888888888889, 38.88305555555556], [140.645, 38.88861111111111], [140.65277777777777, 38.88861111111111], [140.65333333333334, 38.891666666666666], [140.67138888888888, 38.897222222222226], [140.67277777777778, 38.903333333333336], [140.68583333333333, 38.91777777777778], [140.7, 38.92388888888889], [140.7125, 38.91777777777778], [140.72027777777777, 38.908055555555556], [140.72972222222222, 38.905833333333334], [140.7375, 38.89972222222222], [140.73638888888888, 38.895833333333336], [140.75, 38.8775], [140.74555555555557, 38.86805555555556], [140.74944444444444, 38.86222222222222], [140.74583333333334, 38.84222222222222], [140.74694444444444, 38.838055555555556], [140.7536111111111, 38.83833333333333], [140.75805555555556, 38.83444444444444], [140.7511111111111, 38.82805555555556], [140.75472222222223, 38.82083333333333], [140.74944444444444, 38.814166666666665], [140.75055555555556, 38.803333333333335], [140.74805555555557, 38.79805555555556], [140.75277777777777, 38.79472222222222], [140.73694444444445, 38.782222222222224], [140.73111111111112, 38.772222222222226], [140.72444444444446, 38.7725], [140.7238888888889, 38.76555555555556], [140.70638888888888, 38.74944444444444], [140.68833333333333, 38.76], [140.68027777777777, 38.757222222222225], [140.67, 38.76694444444445], [140.65194444444444, 38.763333333333335], [140.64083333333335, 38.77611111111111], [140.63611111111112, 38.77777777777778], [140.62694444444443, 38.77388888888889], [140.60361111111112, 38.783611111111114], [140.59583333333333, 38.80277777777778], [140.59777777777776, 38.809444444444445], [140.59555555555556, 38.81305555555556], [140.59972222222223, 38.81861111111111], [140.5986111111111, 38.826388888888886], [140.59277777777777, 38.827777777777776], [140.59055555555557, 38.83611111111111], [140.56666666666666, 38.848055555555554], [140.55916666666667, 38.84722222222222], [140.55305555555555, 38.85916666666667], [140.54055555555556, 38.86138888888889], [140.53916666666666, 38.86416666666667], [140.53861111111112, 38.87138888888889], [140.54777777777778, 38.88055555555555], [140.54666666666665, 38.888888888888886], [140.55305555555555, 38.882777777777775], [140.55416666666667, 38.87611111111111], [140.56222222222223, 38.87305555555555], [140.58055555555555, 38.881388888888885], [140.58416666666668, 38.87833333333333], [140.59027777777777, 38.89]]], [[[140.59, 38.89], [140.58972222222224, 38.890277777777776], [140.59, 38.890277777777776], [140.59, 38.89]]]]}}, {"type": "Feature", "properties": {"id": "302071282203001", "name": "津軽ダム（つがるだむ）", "track": "dam_pending", "area_km2": 170.77, "phase": "augmentation", "n_rain_in": 4}, "geometry": {"type": "Polygon", "coordinates": [[[140.175, 40.5675], [140.16361111111112, 40.558055555555555], [140.16333333333333, 40.54972222222222], [140.15944444444443, 40.54388888888889], [140.14583333333334, 40.54416666666667], [140.13833333333332, 40.54083333333333], [140.13361111111112, 40.52638888888889], [140.1363888888889, 40.51888888888889], [140.12944444444443, 40.51361111111111], [140.11944444444444, 40.51222222222222], [140.1211111111111, 40.50333333333333], [140.1327777777778, 40.49333333333333], [140.13166666666666, 40.48555555555556], [140.14333333333335, 40.475833333333334], [140.14944444444444, 40.474444444444444], [140.15277777777777, 40.464166666666664], [140.15166666666667, 40.4425], [140.1472222222222, 40.43972222222222], [140.14916666666667, 40.43555555555555], [140.16222222222223, 40.43944444444445], [140.17111111111112, 40.43805555555556], [140.18583333333333, 40.443333333333335], [140.1975, 40.43333333333333], [140.20944444444444, 40.43861111111111], [140.2211111111111, 40.431111111111115], [140.24555555555557, 40.43805555555556], [140.25, 40.44305555555555], [140.2675, 40.44083333333333], [140.2788888888889, 40.44611111111111], [140.29888888888888, 40.44638888888889], [140.3072222222222, 40.44222222222222], [140.31083333333333, 40.43611111111111], [140.31722222222223, 40.43972222222222], [140.33555555555554, 40.43944444444445], [140.34055555555557, 40.44277777777778], [140.3438888888889, 40.452222222222225], [140.34277777777777, 40.46083333333333], [140.34833333333333, 40.464444444444446], [140.34527777777777, 40.471666666666664], [140.3375, 40.474444444444444], [140.3325, 40.481944444444444], [140.30833333333334, 40.48], [140.29722222222222, 40.48722222222222], [140.29222222222222, 40.50361111111111], [140.27083333333334, 40.51555555555556], [140.2675, 40.52472222222222], [140.26194444444445, 40.528888888888886], [140.26083333333332, 40.53333333333333], [140.26583333333335, 40.54083333333333], [140.25972222222222, 40.54833333333333], [140.24444444444444, 40.55388888888889], [140.23194444444445, 40.5425], [140.22027777777777, 40.53944444444444], [140.20805555555555, 40.545833333333334], [140.20777777777778, 40.55222222222222], [140.18027777777777, 40.56], [140.1786111111111, 40.56666666666667], [140.175, 40.5675]]]}}, {"type": "Feature", "properties": {"id": "1368010325190", "name": "忠別ダム（ちゅうべつだむ）", "track": "dam_pending", "area_km2": 1.57, "phase": "augmentation", "n_rain_in": 1}, "geometry": {"type": "MultiPolygon", "coordinates": [[[[142.63194444444446, 43.64138888888889], [142.63472222222222, 43.64527777777778], [142.64138888888888, 43.645], [142.65027777777777, 43.638333333333335], [142.63972222222222, 43.63638888888889], [142.63694444444445, 43.63111111111111], [142.62722222222223, 43.62638888888889], [142.63444444444445, 43.63805555555555], [142.63194444444446, 43.64138888888889]]], [[[142.63194444444446, 43.64111111111111], [142.63166666666666, 43.64083333333333], [142.63166666666666, 43.64111111111111], [142.63194444444446, 43.64111111111111]]]]}}, {"type": "Feature", "properties": {"id": "1368010332170", "name": "滝里ダム（たきさとだむ）", "track": "dam_pending", "area_km2": 1677.54, "phase": "augmentation", "n_rain_in": 17}, "geometry": {"type": "Polygon", "coordinates": [[[142.4311111111111, 43.554722222222225], [142.4272222222222, 43.54944444444445], [142.4311111111111, 43.54388888888889], [142.4275, 43.534166666666664], [142.42027777777778, 43.536944444444444], [142.41666666666666, 43.533611111111114], [142.41083333333333, 43.54222222222222], [142.4025, 43.53805555555556], [142.40277777777777, 43.50555555555555], [142.3972222222222, 43.49666666666667], [142.3986111111111, 43.47416666666667], [142.39305555555555, 43.47027777777778], [142.385, 43.471666666666664], [142.3788888888889, 43.467777777777776], [142.3738888888889, 43.470555555555556], [142.33972222222224, 43.46138888888889], [142.33666666666667, 43.46861111111111], [142.32611111111112, 43.47388888888889], [142.3177777777778, 43.47], [142.31305555555556, 43.45944444444444], [142.30166666666668, 43.46138888888889], [142.2925, 43.45777777777778], [142.28666666666666, 43.45916666666667], [142.2825, 43.45472222222222], [142.2813888888889, 43.44722222222222], [142.2861111111111, 43.44083333333333], [142.305, 43.43277777777778], [142.30972222222223, 43.42611111111111], [142.32083333333333, 43.423611111111114], [142.32194444444445, 43.416111111111114], [142.2975, 43.40472222222222], [142.30055555555555, 43.3975], [142.29694444444445, 43.39388888888889], [142.29611111111112, 43.38444444444445], [142.28944444444446, 43.382222222222225], [142.29, 43.37694444444445], [142.28333333333333, 43.36888888888889], [142.28583333333333, 43.36222222222222], [142.2711111111111, 43.35777777777778], [142.26916666666668, 43.352777777777774], [142.26111111111112, 43.34777777777778], [142.26194444444445, 43.33444444444444], [142.26555555555555, 43.33222222222222], [142.26555555555555, 43.32805555555556], [142.27305555555554, 43.32555555555555], [142.26555555555555, 43.3025], [142.2686111111111, 43.29], [142.28583333333333, 43.27861111111111], [142.28694444444446, 43.272222222222226], [142.27805555555557, 43.25277777777778], [142.28027777777777, 43.235277777777775], [142.2763888888889, 43.23361111111111], [142.2836111111111, 43.21361111111111], [142.28166666666667, 43.20111111111111], [142.28416666666666, 43.198055555555555], [142.27027777777778, 43.18833333333333], [142.26611111111112, 43.17138888888889], [142.25555555555556, 43.160555555555554], [142.25722222222223, 43.15472222222222], [142.25333333333333, 43.150555555555556], [142.25666666666666, 43.14944444444444], [142.26388888888889, 43.13638888888889], [142.25444444444443, 43.132777777777775], [142.2552777777778, 43.12444444444444], [142.2447222222222, 43.1175], [142.24305555555554, 43.10583333333334], [142.25083333333333, 43.09972222222222], [142.25027777777777, 43.094166666666666], [142.26361111111112, 43.083333333333336], [142.26944444444445, 43.06583333333333], [142.29472222222222, 43.05083333333333], [142.31194444444444, 43.048611111111114], [142.32111111111112, 43.058055555555555], [142.33527777777778, 43.06194444444444], [142.33805555555554, 43.06777777777778], [142.33583333333334, 43.08027777777778], [142.33944444444444, 43.0825], [142.33805555555554, 43.08555555555556], [142.34333333333333, 43.08972222222222], [142.3527777777778, 43.090555555555554], [142.35444444444445, 43.10166666666667], [142.36222222222221, 43.10527777777778], [142.36444444444444, 43.09722222222222], [142.37472222222223, 43.09583333333333], [142.37833333333333, 43.099444444444444], [142.38888888888889, 43.1], [142.4063888888889, 43.08833333333333], [142.42055555555555, 43.089166666666664], [142.42694444444444, 43.09305555555556], [142.4411111111111, 43.08361111111111], [142.4475, 43.08305555555555], [142.4597222222222, 43.08638888888889], [142.4663888888889, 43.091944444444444], [142.46527777777777, 43.09722222222222], [142.48194444444445, 43.096111111111114], [142.4897222222222, 43.1], [142.49166666666667, 43.10388888888889], [142.48888888888888, 43.113055555555555], [142.50166666666667, 43.115833333333335], [142.51611111111112, 43.132777777777775], [142.5363888888889, 43.13194444444444], [142.55555555555554, 43.12694444444445], [142.55638888888888, 43.12222222222222], [142.56805555555556, 43.11361111111111], [142.57527777777779, 43.11361111111111], [142.5811111111111, 43.11138888888889], [142.58444444444444, 43.10583333333334], [142.59666666666666, 43.103611111111114], [142.59083333333334, 43.089444444444446], [142.59583333333333, 43.07861111111111], [142.62277777777777, 43.07972222222222], [142.63972222222222, 43.07333333333333], [142.64444444444445, 43.070277777777775], [142.6475, 43.06194444444444], [142.655, 43.05916666666667], [142.6561111111111, 43.053333333333335], [142.66305555555556, 43.04666666666667], [142.6797222222222, 43.04083333333333], [142.68722222222223, 43.03277777777778], [142.70555555555555, 43.02777777777778], [142.73416666666665, 43.006388888888885], [142.74416666666667, 43.006388888888885], [142.75416666666666, 43.01305555555555], [142.7536111111111, 43.02611111111111], [142.75055555555556, 43.02916666666667], [142.75333333333333, 43.03666666666667], [142.74805555555557, 43.04138888888889], [142.74722222222223, 43.056111111111115], [142.72694444444446, 43.07694444444444], [142.7436111111111, 43.08722222222222], [142.73666666666668, 43.09527777777778], [142.75055555555556, 43.110277777777775], [142.74555555555557, 43.11555555555555], [142.7525, 43.123333333333335], [142.7575, 43.12083333333333], [142.76527777777778, 43.12444444444444], [142.76777777777778, 43.15222222222222], [142.765, 43.161944444444444], [142.77833333333334, 43.17444444444445], [142.76694444444445, 43.18083333333333], [142.76916666666668, 43.18861111111111], [142.76194444444445, 43.19444444444444], [142.76333333333332, 43.20055555555555], [142.7488888888889, 43.21083333333333], [142.74027777777778, 43.21277777777778], [142.73638888888888, 43.219166666666666], [142.73361111111112, 43.23444444444444], [142.74194444444444, 43.24027777777778], [142.73388888888888, 43.249722222222225], [142.74055555555555, 43.253055555555555], [142.74083333333334, 43.25805555555556], [142.7513888888889, 43.261944444444445], [142.74194444444444, 43.2725], [142.7411111111111, 43.28138888888889], [142.73555555555555, 43.288333333333334], [142.7375, 43.30138888888889], [142.735, 43.30416666666667], [142.73944444444444, 43.309444444444445], [142.73666666666668, 43.31861111111111], [142.7422222222222, 43.32416666666667], [142.74916666666667, 43.32277777777778], [142.74833333333333, 43.34027777777778], [142.75666666666666, 43.34722222222222], [142.76805555555555, 43.34388888888889], [142.77777777777777, 43.3475], [142.76055555555556, 43.35305555555556], [142.76055555555556, 43.358333333333334], [142.75277777777777, 43.36138888888889], [142.74055555555555, 43.36083333333333], [142.73472222222222, 43.35722222222222], [142.72, 43.360277777777775], [142.705, 43.37888888888889], [142.67222222222222, 43.40472222222222], [142.67805555555555, 43.41388888888889], [142.68555555555557, 43.418055555555554], [142.67833333333334, 43.42027777777778], [142.67277777777778, 43.42805555555555], [142.65222222222224, 43.441944444444445], [142.6375, 43.458333333333336], [142.62166666666667, 43.466944444444444], [142.61777777777777, 43.46527777777778], [142.60611111111112, 43.47083333333333], [142.59194444444444, 43.48833333333333], [142.59083333333334, 43.49333333333333], [142.59555555555556, 43.49611111111111], [142.59416666666667, 43.5], [142.57805555555555, 43.51138888888889], [142.57111111111112, 43.51416666666667], [142.5611111111111, 43.50805555555556], [142.55277777777778, 43.50972222222222], [142.54555555555555, 43.50388888888889], [142.53833333333333, 43.50972222222222], [142.52444444444444, 43.511944444444445], [142.51916666666668, 43.5075], [142.51, 43.506388888888885], [142.5088888888889, 43.5025], [142.4975, 43.503055555555555], [142.49555555555557, 43.50888888888889], [142.4813888888889, 43.51305555555555], [142.47194444444443, 43.52333333333333], [142.46416666666667, 43.52777777777778], [142.46472222222224, 43.52472222222222], [142.46166666666667, 43.524166666666666], [142.45361111111112, 43.52861111111111], [142.44166666666666, 43.53888888888889], [142.4311111111111, 43.554722222222225]], [[142.73444444444445, 43.23583333333333], [142.73472222222222, 43.236111111111114], [142.73472222222222, 43.23583333333333], [142.73444444444445, 43.23583333333333]]]}}, {"type": "Feature", "properties": {"id": "609061289920020", "name": "松原ダム（まつばらだむ）", "track": "dam_pending", "area_km2": 491.79, "phase": "augmentation", "n_rain_in": 16}, "geometry": {"type": "Polygon", "coordinates": [[[131.0, 33.20444444444445], [130.9922222222222, 33.19583333333333], [130.98527777777778, 33.19722222222222], [130.97666666666666, 33.19416666666667], [130.97805555555556, 33.187777777777775], [130.9752777777778, 33.18222222222222], [130.9663888888889, 33.18055555555556], [130.95083333333332, 33.169444444444444], [130.9388888888889, 33.174166666666665], [130.92777777777778, 33.172222222222224], [130.9286111111111, 33.17777777777778], [130.92527777777778, 33.181111111111115], [130.90333333333334, 33.189166666666665], [130.88777777777779, 33.187222222222225], [130.8852777777778, 33.17611111111111], [130.87777777777777, 33.17444444444445], [130.8736111111111, 33.16861111111111], [130.87972222222223, 33.1525], [130.87055555555557, 33.14666666666667], [130.8661111111111, 33.126666666666665], [130.85972222222222, 33.12138888888889], [130.86138888888888, 33.117222222222225], [130.85333333333332, 33.10888888888889], [130.84027777777777, 33.10527777777778], [130.84, 33.099444444444444], [130.84527777777777, 33.094166666666666], [130.86194444444445, 33.09583333333333], [130.86694444444444, 33.090833333333336], [130.87694444444443, 33.091944444444444], [130.88666666666666, 33.08722222222222], [130.89083333333335, 33.07555555555555], [130.89694444444444, 33.073055555555555], [130.8972222222222, 33.06527777777778], [130.90694444444443, 33.065], [130.91694444444445, 33.05277777777778], [130.935, 33.055], [130.93805555555556, 33.05166666666667], [130.94722222222222, 33.05277777777778], [130.95944444444444, 33.04333333333334], [130.97166666666666, 33.044444444444444], [130.98722222222221, 33.029444444444444], [131.00833333333333, 33.01888888888889], [131.00444444444443, 33.00833333333333], [131.0113888888889, 32.992777777777775], [131.02527777777777, 33.00861111111111], [131.0286111111111, 33.00694444444444], [131.03666666666666, 33.01138888888889], [131.0661111111111, 33.00972222222222], [131.07333333333332, 32.99944444444444], [131.09944444444446, 33.0], [131.10111111111112, 32.99583333333333], [131.10444444444445, 32.995555555555555], [131.1075, 32.999722222222225], [131.11277777777778, 32.996944444444445], [131.11527777777778, 33.00944444444445], [131.12416666666667, 33.00611111111111], [131.1313888888889, 33.01611111111111], [131.13944444444445, 33.01694444444445], [131.14166666666668, 33.02111111111111], [131.14888888888888, 33.019444444444446], [131.1511111111111, 33.024166666666666], [131.16166666666666, 33.02638888888889], [131.16861111111112, 33.05], [131.20444444444445, 33.083888888888886], [131.20944444444444, 33.08694444444444], [131.21694444444444, 33.08138888888889], [131.22583333333333, 33.08305555555555], [131.2252777777778, 33.0875], [131.2161111111111, 33.09444444444444], [131.19805555555556, 33.095555555555556], [131.19083333333333, 33.0925], [131.18694444444444, 33.098333333333336], [131.17694444444444, 33.10111111111111], [131.17361111111111, 33.09888888888889], [131.17361111111111, 33.10527777777778], [131.16694444444445, 33.10888888888889], [131.16694444444445, 33.11416666666667], [131.16305555555556, 33.117222222222225], [131.17166666666668, 33.1275], [131.1613888888889, 33.12972222222222], [131.16416666666666, 33.140277777777776], [131.1511111111111, 33.15361111111111], [131.1338888888889, 33.16], [131.13416666666666, 33.166111111111114], [131.12222222222223, 33.16916666666667], [131.12, 33.17805555555555], [131.09916666666666, 33.17888888888889], [131.09444444444443, 33.18972222222222], [131.09583333333333, 33.195277777777775], [131.09, 33.20027777777778], [131.07361111111112, 33.20444444444445], [131.06694444444443, 33.200833333333335], [131.06416666666667, 33.19444444444444], [131.04805555555555, 33.19916666666667], [131.0236111111111, 33.1925], [131.01, 33.202777777777776], [131.0, 33.20444444444445]]]}}, {"type": "Feature", "properties": {"id": "609061289920060", "name": "下筌ダム（しもうけだむ）", "track": "dam_pending", "area_km2": 181.85, "phase": "augmentation", "n_rain_in": 5}, "geometry": {"type": "Polygon", "coordinates": [[[130.90166666666667, 33.18944444444445], [130.88777777777779, 33.187222222222225], [130.8852777777778, 33.17611111111111], [130.87777777777777, 33.17444444444445], [130.8736111111111, 33.16861111111111], [130.87972222222223, 33.1525], [130.87055555555557, 33.14666666666667], [130.8661111111111, 33.126666666666665], [130.85972222222222, 33.12138888888889], [130.86138888888888, 33.117222222222225], [130.85333333333332, 33.10888888888889], [130.84027777777777, 33.10527777777778], [130.84, 33.099444444444444], [130.84527777777777, 33.094166666666666], [130.86194444444445, 33.09583333333333], [130.86694444444444, 33.090833333333336], [130.87694444444443, 33.091944444444444], [130.88666666666666, 33.08722222222222], [130.89083333333335, 33.07555555555555], [130.89694444444444, 33.073055555555555], [130.8972222222222, 33.06527777777778], [130.90694444444443, 33.065], [130.91694444444445, 33.05277777777778], [130.935, 33.055], [130.93805555555556, 33.05166666666667], [130.94722222222222, 33.05277777777778], [130.95944444444444, 33.04333333333334], [130.9711111111111, 33.04472222222222], [130.97944444444445, 33.03916666666667], [130.9813888888889, 33.033611111111114], [130.99555555555557, 33.02611111111111], [131.0036111111111, 33.03277777777778], [131.00416666666666, 33.03861111111111], [131.0125, 33.04333333333334], [131.01416666666665, 33.05027777777778], [131.01916666666668, 33.049166666666665], [131.0197222222222, 33.055], [131.02694444444444, 33.059444444444445], [131.0186111111111, 33.068333333333335], [131.02, 33.073055555555555], [131.01416666666665, 33.0775], [131.02388888888888, 33.0875], [131.0222222222222, 33.091388888888886], [131.01805555555555, 33.09111111111111], [131.0197222222222, 33.10027777777778], [131.01555555555555, 33.11194444444445], [131.0175, 33.124722222222225], [131.0013888888889, 33.13638888888889], [131.0036111111111, 33.14388888888889], [131.0077777777778, 33.14333333333333], [131.00916666666666, 33.14805555555556], [131.01388888888889, 33.14833333333333], [131.005, 33.1525], [130.99277777777777, 33.153055555555554], [130.98833333333334, 33.155833333333334], [130.98638888888888, 33.163333333333334], [130.98166666666665, 33.16166666666667], [130.9661111111111, 33.16638888888889], [130.9663888888889, 33.16916666666667], [130.96055555555554, 33.16916666666667], [130.95666666666668, 33.17333333333333], [130.95083333333332, 33.169444444444444], [130.9388888888889, 33.174166666666665], [130.92777777777778, 33.172222222222224], [130.9286111111111, 33.17777777777778], [130.92527777777778, 33.181111111111115], [130.90166666666667, 33.18944444444445]]]}}, {"type": "Feature", "properties": {"id": "1368080477030", "name": "大渡ダム（おおどだむ）", "track": "dam_pending", "area_km2": 684.32, "phase": "augmentation", "n_rain_in": 16}, "geometry": {"type": "Polygon", "coordinates": [[[133.10777777777778, 33.772777777777776], [133.10194444444446, 33.76916666666666], [133.10055555555556, 33.76222222222222], [133.08416666666668, 33.75638888888889], [133.07333333333332, 33.75888888888889], [133.0586111111111, 33.755], [133.03194444444443, 33.76361111111111], [133.01083333333332, 33.75638888888889], [132.9922222222222, 33.75888888888889], [132.9925, 33.75222222222222], [132.98055555555555, 33.73972222222222], [132.97416666666666, 33.74472222222222], [132.9622222222222, 33.7475], [132.95333333333335, 33.74166666666667], [132.95388888888888, 33.73361111111111], [132.9325, 33.73305555555555], [132.9138888888889, 33.72638888888889], [132.90777777777777, 33.72805555555556], [132.90472222222223, 33.724444444444444], [132.89638888888888, 33.72388888888889], [132.8936111111111, 33.719166666666666], [132.87833333333333, 33.72222222222222], [132.87472222222223, 33.727777777777774], [132.8713888888889, 33.721666666666664], [132.87166666666667, 33.713055555555556], [132.85611111111112, 33.70388888888889], [132.8525, 33.69861111111111], [132.85305555555556, 33.69138888888889], [132.8488888888889, 33.68861111111111], [132.83305555555555, 33.68833333333333], [132.82194444444445, 33.68055555555556], [132.82555555555555, 33.670833333333334], [132.83166666666668, 33.67027777777778], [132.83583333333334, 33.666111111111114], [132.83138888888888, 33.657222222222224], [132.83555555555554, 33.65083333333333], [132.8311111111111, 33.64138888888889], [132.8375, 33.64055555555556], [132.84527777777777, 33.63388888888889], [132.85083333333333, 33.63444444444445], [132.85694444444445, 33.62166666666667], [132.85166666666666, 33.610277777777775], [132.84444444444443, 33.60722222222222], [132.84666666666666, 33.59444444444444], [132.86638888888888, 33.58861111111111], [132.88194444444446, 33.591388888888886], [132.8972222222222, 33.58833333333333], [132.8986111111111, 33.58027777777778], [132.9063888888889, 33.57527777777778], [132.89666666666668, 33.57055555555556], [132.8936111111111, 33.56361111111111], [132.88472222222222, 33.55833333333333], [132.87, 33.55416666666667], [132.86138888888888, 33.556111111111115], [132.8552777777778, 33.5525], [132.85555555555555, 33.54805555555556], [132.8425, 33.55027777777778], [132.825, 33.53888888888889], [132.83166666666668, 33.535], [132.83944444444444, 33.52166666666667], [132.84333333333333, 33.52194444444444], [132.84666666666666, 33.51138888888889], [132.86583333333334, 33.50416666666667], [132.86416666666668, 33.49027777777778], [132.8697222222222, 33.48888888888889], [132.87805555555556, 33.479166666666664], [132.87666666666667, 33.471944444444446], [132.89027777777778, 33.473333333333336], [132.9163888888889, 33.4675], [132.94027777777777, 33.47222222222222], [132.95138888888889, 33.46666666666667], [132.96055555555554, 33.466388888888886], [133.01583333333335, 33.48111111111111], [133.04888888888888, 33.47555555555556], [133.06861111111112, 33.485277777777775], [133.06805555555556, 33.49055555555555], [133.07527777777779, 33.49166666666667], [133.07944444444445, 33.50527777777778], [133.10083333333333, 33.50972222222222], [133.10194444444446, 33.52583333333333], [133.12194444444444, 33.54388888888889], [133.12083333333334, 33.55277777777778], [133.10805555555555, 33.55416666666667], [133.10111111111112, 33.55861111111111], [133.08194444444445, 33.55833333333333], [133.06805555555556, 33.56333333333333], [133.06194444444444, 33.56166666666667], [133.04638888888888, 33.57666666666667], [133.05694444444444, 33.596111111111114], [133.07, 33.600833333333334], [133.07888888888888, 33.60861111111111], [133.07916666666668, 33.611666666666665], [133.06722222222223, 33.62111111111111], [133.07472222222222, 33.65027777777778], [133.09027777777777, 33.65777777777778], [133.10694444444445, 33.656666666666666], [133.11638888888888, 33.66], [133.1213888888889, 33.67388888888889], [133.12, 33.690555555555555], [133.12583333333333, 33.69861111111111], [133.1447222222222, 33.70472222222222], [133.13972222222222, 33.715833333333336], [133.16083333333333, 33.73166666666667], [133.15722222222223, 33.75083333333333], [133.13555555555556, 33.760555555555555], [133.13361111111112, 33.764722222222225], [133.11666666666667, 33.76638888888889], [133.10777777777778, 33.772777777777776]], [[132.8936111111111, 33.71888888888889], [132.89388888888888, 33.719166666666666], [132.89388888888888, 33.71888888888889], [132.8936111111111, 33.71888888888889]], [[132.83444444444444, 33.544444444444444], [132.8347222222222, 33.54472222222222], [132.8347222222222, 33.544444444444444], [132.83444444444444, 33.544444444444444]]]}}, {"type": "Feature", "properties": {"id": "1368060260010", "name": "大滝ダム（おおたきだむ）", "track": "dam_pending", "area_km2": 258.5, "phase": "augmentation", "n_rain_in": 8}, "geometry": {"type": "Polygon", "coordinates": [[[136.07083333333333, 34.364444444444445], [136.06527777777777, 34.36055555555556], [136.06861111111112, 34.355], [136.0638888888889, 34.34638888888889], [136.04805555555555, 34.34388888888889], [136.03027777777777, 34.34583333333333], [136.02666666666667, 34.352222222222224], [136.01722222222222, 34.35638888888889], [136.01, 34.35305555555556], [136.00333333333333, 34.354166666666664], [135.99833333333333, 34.34972222222222], [135.9813888888889, 34.35444444444445], [135.9777777777778, 34.3525], [135.97944444444445, 34.34888888888889], [135.97666666666666, 34.34888888888889], [135.9688888888889, 34.35583333333334], [135.94083333333333, 34.355555555555554], [135.93333333333334, 34.358333333333334], [135.92222222222222, 34.340555555555554], [135.9088888888889, 34.334722222222226], [135.90472222222223, 34.329166666666666], [135.9127777777778, 34.31444444444445], [135.91083333333333, 34.310833333333335], [135.91666666666666, 34.29], [135.91472222222222, 34.28388888888889], [135.93805555555556, 34.27638888888889], [135.9388888888889, 34.27305555555556], [135.93277777777777, 34.26722222222222], [135.94083333333333, 34.25888888888889], [135.9386111111111, 34.25361111111111], [135.94416666666666, 34.24666666666667], [135.95055555555555, 34.24777777777778], [135.96722222222223, 34.242777777777775], [135.96305555555554, 34.23555555555556], [135.96555555555557, 34.22527777777778], [135.99583333333334, 34.228611111111114], [136.00277777777777, 34.233333333333334], [136.02027777777778, 34.236666666666665], [136.025, 34.234722222222224], [136.02694444444444, 34.227222222222224], [136.0247222222222, 34.224444444444444], [136.03472222222223, 34.20805555555555], [136.0575, 34.20722222222222], [136.0638888888889, 34.199444444444445], [136.07472222222222, 34.200833333333335], [136.0936111111111, 34.19555555555556], [136.09972222222223, 34.19972222222222], [136.0988888888889, 34.202777777777776], [136.10722222222222, 34.20666666666666], [136.10861111111112, 34.21111111111111], [136.11666666666667, 34.211666666666666], [136.1175, 34.22277777777778], [136.10972222222222, 34.224444444444444], [136.11, 34.22833333333333], [136.11583333333334, 34.22944444444445], [136.1225, 34.23972222222222], [136.1302777777778, 34.242777777777775], [136.13166666666666, 34.251666666666665], [136.12583333333333, 34.25833333333333], [136.11833333333334, 34.260555555555555], [136.12083333333334, 34.26972222222222], [136.11222222222221, 34.280833333333334], [136.09777777777776, 34.28888888888889], [136.095, 34.301944444444445], [136.1, 34.305277777777775], [136.11194444444445, 34.305], [136.12944444444443, 34.31638888888889], [136.1213888888889, 34.326388888888886], [136.10944444444445, 34.32888888888889], [136.10222222222222, 34.33611111111111], [136.10416666666666, 34.341944444444444], [136.09805555555556, 34.34527777777778], [136.09472222222223, 34.36138888888889], [136.07083333333333, 34.364444444444445]]]}}, {"type": "Feature", "properties": {"id": "1368060475060", "name": "天ヶ瀬ダム（あまがせだむ）", "track": "dam_pending", "area_km2": 4097.76, "phase": "augmentation", "n_rain_in": 44}, "geometry": {"type": "Polygon", "coordinates": [[[136.18333333333334, 35.70361111111111], [136.18138888888888, 35.701388888888886], [136.1677777777778, 35.702777777777776], [136.16444444444446, 35.69583333333333], [136.15666666666667, 35.70027777777778], [136.1511111111111, 35.69833333333333], [136.14916666666667, 35.68805555555556], [136.13444444444445, 35.66972222222222], [136.1363888888889, 35.66555555555556], [136.14916666666667, 35.66138888888889], [136.1513888888889, 35.64833333333333], [136.16, 35.63583333333333], [136.16, 35.625], [136.16583333333332, 35.62027777777778], [136.17694444444444, 35.59861111111111], [136.1775, 35.594722222222224], [136.1663888888889, 35.5825], [136.17055555555555, 35.575833333333335], [136.16944444444445, 35.565555555555555], [136.15916666666666, 35.571666666666665], [136.1436111111111, 35.57083333333333], [136.13944444444445, 35.57555555555555], [136.12166666666667, 35.574444444444445], [136.11388888888888, 35.58305555555555], [136.11277777777778, 35.57361111111111], [136.10805555555555, 35.56861111111111], [136.11027777777778, 35.559444444444445], [136.10555555555555, 35.55555555555556], [136.10944444444445, 35.54527777777778], [136.10583333333332, 35.52861111111111], [136.09055555555557, 35.53944444444444], [136.08333333333334, 35.54055555555556], [136.07666666666665, 35.534166666666664], [136.0775, 35.530833333333334], [136.0702777777778, 35.52638888888889], [136.06222222222223, 35.528055555555554], [136.05972222222223, 35.53277777777778], [136.05, 35.534444444444446], [136.04638888888888, 35.530277777777776], [136.02666666666667, 35.53055555555556], [136.0286111111111, 35.52333333333333], [136.02305555555554, 35.51972222222222], [136.02, 35.511944444444445], [136.01472222222222, 35.51166666666666], [136.01111111111112, 35.504444444444445], [136.01166666666666, 35.49722222222222], [136.00666666666666, 35.49166666666667], [135.99583333333334, 35.489444444444445], [135.98916666666668, 35.4925], [135.9813888888889, 35.48638888888889], [135.9725, 35.500277777777775], [135.9525, 35.505833333333335], [135.95222222222222, 35.49916666666667], [135.95638888888888, 35.495], [135.95416666666668, 35.481944444444444], [135.94083333333333, 35.47472222222222], [135.93805555555556, 35.46722222222222], [135.94333333333333, 35.42638888888889], [135.93138888888888, 35.42], [135.92694444444444, 35.41388888888889], [135.92527777777778, 35.39666666666667], [135.9297222222222, 35.39416666666666], [135.9297222222222, 35.38805555555555], [135.92083333333332, 35.38638888888889], [135.9175, 35.39388888888889], [135.9088888888889, 35.395833333333336], [135.9013888888889, 35.38472222222222], [135.89305555555555, 35.38111111111111], [135.87416666666667, 35.397222222222226], [135.86527777777778, 35.394444444444446], [135.8575, 35.397222222222226], [135.85416666666666, 35.40083333333333], [135.85555555555555, 35.409166666666664], [135.85333333333332, 35.41138888888889], [135.8386111111111, 35.414722222222224], [135.83666666666667, 35.411944444444444], [135.82694444444445, 35.414722222222224], [135.8136111111111, 35.413333333333334], [135.81055555555557, 35.409444444444446], [135.80777777777777, 35.385555555555555], [135.79083333333332, 35.38666666666667], [135.79111111111112, 35.37916666666667], [135.7788888888889, 35.373333333333335], [135.77777777777777, 35.365833333333335], [135.77027777777778, 35.360277777777775], [135.7697222222222, 35.35388888888889], [135.76444444444445, 35.34722222222222], [135.76527777777778, 35.34388888888889], [135.7811111111111, 35.340555555555554], [135.79083333333332, 35.32361111111111], [135.79527777777778, 35.321666666666665], [135.7875, 35.30777777777778], [135.7775, 35.305], [135.77777777777777, 35.29416666666667], [135.78333333333333, 35.28944444444444], [135.785, 35.28138888888889], [135.79555555555555, 35.27472222222222], [135.79722222222222, 35.26], [135.79444444444445, 35.25388888888889], [135.8075, 35.25083333333333], [135.8113888888889, 35.24638888888889], [135.82111111111112, 35.24805555555555], [135.82444444444445, 35.239444444444445], [135.82055555555556, 35.22611111111111], [135.81055555555557, 35.216944444444444], [135.80972222222223, 35.20611111111111], [135.8, 35.204166666666666], [135.79666666666665, 35.19972222222222], [135.79694444444445, 35.19277777777778], [135.7927777777778, 35.18555555555555], [135.79722222222222, 35.1825], [135.7975, 35.175], [135.7938888888889, 35.17166666666667], [135.79444444444445, 35.165277777777774], [135.79055555555556, 35.163333333333334], [135.79111111111112, 35.15833333333333], [135.79694444444445, 35.151666666666664], [135.80333333333334, 35.16], [135.81916666666666, 35.159166666666664], [135.83583333333334, 35.17916666666667], [135.84083333333334, 35.180277777777775], [135.8463888888889, 35.16277777777778], [135.85694444444445, 35.15694444444444], [135.8486111111111, 35.1425], [135.8525, 35.13361111111111], [135.85, 35.120555555555555], [135.83555555555554, 35.09166666666667], [135.84, 35.085277777777776], [135.8322222222222, 35.07138888888889], [135.83583333333334, 35.0625], [135.83305555555555, 35.05361111111111], [135.83916666666667, 35.050555555555555], [135.8372222222222, 35.03277777777778], [135.82805555555555, 35.029444444444444], [135.82583333333332, 35.01861111111111], [135.84416666666667, 35.01583333333333], [135.8413888888889, 35.00611111111111], [135.84722222222223, 35.004444444444445], [135.84777777777776, 34.999722222222225], [135.85694444444445, 35.003055555555555], [135.85694444444445, 34.97972222222222], [135.8525, 34.97083333333333], [135.86388888888888, 34.958333333333336], [135.8411111111111, 34.958333333333336], [135.8386111111111, 34.94694444444445], [135.82805555555555, 34.94138888888889], [135.8311111111111, 34.93277777777778], [135.83027777777778, 34.91555555555556], [135.82611111111112, 34.91361111111111], [135.82611111111112, 34.89694444444444], [135.81805555555556, 34.88666666666667], [135.82416666666666, 34.882222222222225], [135.82111111111112, 34.87638888888889], [135.82222222222222, 34.86972222222222], [135.82555555555555, 34.87], [135.83416666666668, 34.85777777777778], [135.83388888888888, 34.852222222222224], [135.8411111111111, 34.846666666666664], [135.84194444444444, 34.839166666666664], [135.84805555555556, 34.83638888888889], [135.84583333333333, 34.833333333333336], [135.8475, 34.82472222222222], [135.8527777777778, 34.825833333333335], [135.85416666666666, 34.8225], [135.86, 34.82138888888889], [135.86083333333335, 34.81361111111111], [135.88666666666666, 34.81055555555555], [135.8986111111111, 34.815555555555555], [135.90944444444443, 34.833333333333336], [135.92416666666668, 34.83277777777778], [135.9322222222222, 34.845], [135.9586111111111, 34.855], [135.97194444444443, 34.846111111111114], [135.96972222222223, 34.83777777777778], [136.0025, 34.845], [136.005, 34.8425], [136.00222222222223, 34.8325], [136.00583333333333, 34.82611111111111], [136.01805555555555, 34.82833333333333], [136.03222222222223, 34.81888888888889], [136.01666666666668, 34.81138888888889], [136.0102777777778, 34.8], [136.01111111111112, 34.795833333333334], [136.01583333333332, 34.797777777777775], [136.01916666666668, 34.7925], [136.0286111111111, 34.79083333333333], [136.03277777777777, 34.794444444444444], [136.03916666666666, 34.79416666666667], [136.04666666666668, 34.80166666666667], [136.0536111111111, 34.798611111111114], [136.0575, 34.80388888888889], [136.06444444444443, 34.8], [136.07555555555555, 34.808055555555555], [136.09027777777777, 34.81194444444444], [136.0911111111111, 34.81666666666667], [136.09527777777777, 34.81888888888889], [136.08777777777777, 34.82888888888889], [136.09, 34.83416666666667], [136.08583333333334, 34.83694444444444], [136.0963888888889, 34.853611111111114], [136.09555555555556, 34.85666666666667], [136.0888888888889, 34.85722222222222], [136.08666666666667, 34.86694444444444], [136.09, 34.869166666666665], [136.08916666666667, 34.87361111111111], [136.08416666666668, 34.87638888888889], [136.08916666666667, 34.880833333333335], [136.08527777777778, 34.886944444444445], [136.0875, 34.89055555555556], [136.09527777777777, 34.88777777777778], [136.10555555555555, 34.89972222222222], [136.1125, 34.901944444444446], [136.11583333333334, 34.89222222222222], [136.13333333333333, 34.88472222222222], [136.1375, 34.88861111111111], [136.1486111111111, 34.88194444444444], [136.16555555555556, 34.888333333333335], [136.17833333333334, 34.8875], [136.17833333333334, 34.879444444444445], [136.1886111111111, 34.87777777777778], [136.19055555555556, 34.87305555555555], [136.1977777777778, 34.86972222222222], [136.21916666666667, 34.86555555555555], [136.22722222222222, 34.861111111111114], [136.24777777777777, 34.85805555555555], [136.25944444444445, 34.86], [136.27694444444444, 34.87416666666667], [136.2836111111111, 34.87027777777778], [136.29333333333332, 34.870555555555555], [136.29861111111111, 34.87555555555556], [136.305, 34.874722222222225], [136.31305555555556, 34.88027777777778], [136.31333333333333, 34.886944444444445], [136.31916666666666, 34.889722222222225], [136.32666666666665, 34.888333333333335], [136.33055555555555, 34.8925], [136.3411111111111, 34.89611111111111], [136.3461111111111, 34.89472222222222], [136.35055555555556, 34.89944444444444], [136.3661111111111, 34.905], [136.36444444444444, 34.911944444444444], [136.36805555555554, 34.914722222222224], [136.3672222222222, 34.92055555555555], [136.375, 34.924166666666665], [136.37166666666667, 34.93], [136.37527777777777, 34.93888888888889], [136.37277777777777, 34.94222222222222], [136.38555555555556, 34.9525], [136.395, 34.951388888888886], [136.40305555555557, 34.969166666666666], [136.41583333333332, 34.98027777777778], [136.41611111111112, 34.9925], [136.41333333333333, 34.995555555555555], [136.42138888888888, 35.00111111111111], [136.41694444444445, 35.01138888888889], [136.4175, 35.01972222222222], [136.42138888888888, 35.021388888888886], [136.42444444444445, 35.028888888888886], [136.41833333333332, 35.030277777777776], [136.41583333333332, 35.041666666666664], [136.42472222222221, 35.05694444444445], [136.42888888888888, 35.056111111111115], [136.43833333333333, 35.065555555555555], [136.4413888888889, 35.06527777777778], [136.43555555555557, 35.08277777777778], [136.44222222222223, 35.08583333333333], [136.4386111111111, 35.091388888888886], [136.44222222222223, 35.10138888888889], [136.44, 35.11694444444444], [136.4477777777778, 35.12388888888889], [136.43666666666667, 35.13055555555555], [136.43777777777777, 35.13638888888889], [136.44361111111112, 35.14], [136.44444444444446, 35.14944444444444], [136.45416666666668, 35.15222222222222], [136.45638888888888, 35.16138888888889], [136.45222222222222, 35.166111111111114], [136.445, 35.16638888888889], [136.44444444444446, 35.17138888888889], [136.4388888888889, 35.17166666666667], [136.42472222222221, 35.184444444444445], [136.41944444444445, 35.1825], [136.4088888888889, 35.18694444444444], [136.4177777777778, 35.20361111111111], [136.41555555555556, 35.21722222222222], [136.4088888888889, 35.223333333333336], [136.39277777777778, 35.22972222222222], [136.39222222222222, 35.23416666666667], [136.38555555555556, 35.235], [136.3775, 35.24305555555556], [136.38055555555556, 35.24861111111111], [136.38972222222222, 35.25], [136.39666666666668, 35.257222222222225], [136.3936111111111, 35.26138888888889], [136.39583333333334, 35.280833333333334], [136.39111111111112, 35.290277777777774], [136.40666666666667, 35.305], [136.40666666666667, 35.31055555555555], [136.41194444444446, 35.315], [136.4113888888889, 35.32888888888889], [136.41916666666665, 35.34111111111111], [136.4127777777778, 35.34638888888889], [136.41472222222222, 35.35055555555556], [136.40944444444443, 35.35666666666667], [136.41333333333333, 35.359722222222224], [136.41166666666666, 35.37], [136.42111111111112, 35.378055555555555], [136.41222222222223, 35.38916666666667], [136.41222222222223, 35.39611111111111], [136.40694444444443, 35.40083333333333], [136.4036111111111, 35.41166666666667], [136.40416666666667, 35.4175], [136.4113888888889, 35.41888888888889], [136.41194444444446, 35.4225], [136.41916666666665, 35.4275], [136.41555555555556, 35.43222222222222], [136.42305555555555, 35.43944444444445], [136.42638888888888, 35.44888888888889], [136.42138888888888, 35.455555555555556], [136.41972222222222, 35.46722222222222], [136.40166666666667, 35.47], [136.39833333333334, 35.48111111111111], [136.38666666666666, 35.48833333333333], [136.39194444444445, 35.50361111111111], [136.40527777777777, 35.515], [136.39888888888888, 35.52111111111111], [136.40166666666667, 35.525555555555556], [136.39944444444444, 35.53138888888889], [136.3825, 35.535], [136.37333333333333, 35.55972222222222], [136.36305555555555, 35.55888888888889], [136.35666666666665, 35.53944444444444], [136.3461111111111, 35.53611111111111], [136.34055555555557, 35.5375], [136.3411111111111, 35.543055555555554], [136.33694444444444, 35.55027777777778], [136.32666666666665, 35.55], [136.3225, 35.54416666666667], [136.3177777777778, 35.54694444444444], [136.3161111111111, 35.5575], [136.3227777777778, 35.56944444444444], [136.32444444444445, 35.58444444444444], [136.3202777777778, 35.60194444444444], [136.315, 35.60583333333334], [136.3238888888889, 35.61666666666667], [136.31583333333333, 35.623333333333335], [136.30833333333334, 35.62305555555555], [136.29861111111111, 35.6175], [136.2888888888889, 35.62027777777778], [136.28722222222223, 35.62833333333333], [136.27916666666667, 35.63666666666666], [136.28333333333333, 35.64361111111111], [136.2761111111111, 35.6525], [136.28027777777777, 35.66027777777778], [136.26944444444445, 35.66861111111111], [136.25722222222223, 35.670833333333334], [136.25083333333333, 35.67583333333334], [136.24444444444444, 35.673611111111114], [136.23444444444445, 35.68222222222222], [136.22555555555556, 35.680277777777775], [136.2163888888889, 35.684444444444445], [136.2125, 35.681666666666665], [136.20805555555555, 35.6875], [136.1977777777778, 35.68944444444445], [136.19611111111112, 35.69111111111111], [136.19305555555556, 35.70055555555555], [136.18333333333334, 35.70361111111111]], [[136.19583333333333, 35.69083333333333], [136.19611111111112, 35.69111111111111], [136.19611111111112, 35.69083333333333], [136.19583333333333, 35.69083333333333]], [[136.19555555555556, 35.690555555555555], [136.19583333333333, 35.69083333333333], [136.19583333333333, 35.690555555555555], [136.19555555555556, 35.690555555555555]], [[136.42444444444445, 35.05694444444445], [136.42472222222221, 35.05722222222222], [136.42472222222221, 35.05694444444445], [136.42444444444445, 35.05694444444445]], [[136.03222222222223, 34.81888888888889], [136.0325, 34.81916666666667], [136.0325, 34.81888888888889], [136.03222222222223, 34.81888888888889]]]}}, {"type": "Feature", "properties": {"id": "1368060475110", "name": "室生ダム(機構)（むろうだむ）", "track": "dam_pending", "area_km2": 134.85, "phase": "augmentation", "n_rain_in": 7}, "geometry": {"type": "Polygon", "coordinates": [[[135.99138888888888, 34.56583333333333], [135.97555555555556, 34.565], [135.9725, 34.55861111111111], [135.94694444444445, 34.55916666666667], [135.9475, 34.55583333333333], [135.94055555555556, 34.550555555555555], [135.94, 34.54611111111111], [135.94694444444445, 34.53722222222222], [135.94722222222222, 34.532222222222224], [135.94305555555556, 34.526944444444446], [135.92833333333334, 34.52527777777778], [135.91055555555556, 34.51833333333333], [135.90833333333333, 34.51027777777778], [135.91361111111112, 34.505833333333335], [135.90666666666667, 34.50222222222222], [135.8997222222222, 34.48861111111111], [135.88694444444445, 34.4775], [135.89305555555555, 34.4625], [135.8875, 34.45305555555556], [135.8925, 34.44722222222222], [135.89694444444444, 34.446666666666665], [135.89805555555554, 34.441944444444445], [135.9063888888889, 34.44777777777778], [135.91305555555556, 34.44638888888889], [135.92138888888888, 34.45388888888889], [135.9311111111111, 34.45527777777778], [135.93277777777777, 34.458888888888886], [135.94027777777777, 34.46111111111111], [135.9488888888889, 34.44916666666667], [135.95361111111112, 34.448055555555555], [135.95277777777778, 34.44027777777778], [135.95777777777778, 34.43333333333333], [135.9597222222222, 34.43638888888889], [135.97916666666666, 34.43694444444444], [135.98, 34.43972222222222], [135.99194444444444, 34.44416666666667], [136.00611111111112, 34.44305555555555], [136.01277777777779, 34.45361111111111], [136.03, 34.45611111111111], [136.04944444444445, 34.46888888888889], [136.04416666666665, 34.47388888888889], [136.04611111111112, 34.47805555555556], [136.03944444444446, 34.47944444444445], [136.03916666666666, 34.49], [136.03277777777777, 34.49055555555555], [136.0286111111111, 34.49527777777778], [136.02722222222224, 34.51972222222222], [136.03472222222223, 34.525], [136.03444444444443, 34.53111111111111], [136.015, 34.54194444444445], [136.0102777777778, 34.55833333333333], [135.99916666666667, 34.5575], [135.99138888888888, 34.56583333333333]]]}}, {"type": "Feature", "properties": {"id": "607041287705010", "name": "志津見ダム（しつみだむ）", "track": "dam_pending", "area_km2": 215.0, "phase": "augmentation", "n_rain_in": 1}, "geometry": {"type": "Polygon", "coordinates": [[[132.67305555555555, 35.17666666666667], [132.66944444444445, 35.170833333333334], [132.66083333333333, 35.17055555555555], [132.65777777777777, 35.16166666666667], [132.65305555555557, 35.16027777777778], [132.65055555555554, 35.15083333333333], [132.63555555555556, 35.14472222222222], [132.63194444444446, 35.13388888888889], [132.64027777777778, 35.12861111111111], [132.6511111111111, 35.126666666666665], [132.6511111111111, 35.11944444444445], [132.6536111111111, 35.11833333333333], [132.66361111111112, 35.117777777777775], [132.66611111111112, 35.12083333333333], [132.67138888888888, 35.118611111111115], [132.67083333333332, 35.11194444444445], [132.6638888888889, 35.10777777777778], [132.66833333333332, 35.1025], [132.66666666666666, 35.096944444444446], [132.66055555555556, 35.09305555555556], [132.65805555555556, 35.08555555555556], [132.67194444444445, 35.08277777777778], [132.67, 35.076388888888886], [132.6772222222222, 35.07694444444444], [132.6825, 35.06916666666667], [132.68777777777777, 35.07333333333333], [132.6913888888889, 35.0725], [132.70444444444445, 35.05722222222222], [132.715, 35.05777777777778], [132.72027777777777, 35.05111111111111], [132.71194444444444, 35.04055555555556], [132.7175, 35.03333333333333], [132.71527777777777, 35.02916666666667], [132.71722222222223, 35.022777777777776], [132.7122222222222, 35.022777777777776], [132.7111111111111, 35.02638888888889], [132.70055555555555, 35.02472222222222], [132.6952777777778, 35.02916666666667], [132.6863888888889, 35.025], [132.68555555555557, 35.019444444444446], [132.6913888888889, 35.013333333333335], [132.70055555555555, 35.01305555555555], [132.7086111111111, 35.00694444444444], [132.705, 34.99944444444444], [132.69805555555556, 34.99472222222222], [132.70333333333335, 34.99333333333333], [132.7061111111111, 34.986666666666665], [132.70027777777779, 34.977222222222224], [132.7097222222222, 34.973055555555554], [132.70555555555555, 34.966388888888886], [132.70694444444445, 34.96361111111111], [132.70138888888889, 34.958333333333336], [132.72055555555556, 34.948055555555555], [132.72722222222222, 34.952777777777776], [132.7277777777778, 34.95666666666666], [132.73472222222222, 34.95777777777778], [132.7386111111111, 34.96222222222222], [132.74055555555555, 34.95666666666666], [132.74944444444444, 34.96], [132.75222222222223, 34.96722222222222], [132.745, 34.97638888888889], [132.7488888888889, 34.97888888888889], [132.75611111111112, 34.977222222222224], [132.7675, 34.98277777777778], [132.76666666666668, 34.99166666666667], [132.76388888888889, 34.992777777777775], [132.76583333333335, 34.99666666666667], [132.7875, 35.004444444444445], [132.78861111111112, 35.01583333333333], [132.8047222222222, 35.02472222222222], [132.8111111111111, 35.03194444444444], [132.80972222222223, 35.034444444444446], [132.81333333333333, 35.035833333333336], [132.8136111111111, 35.04055555555556], [132.82722222222222, 35.047222222222224], [132.83694444444444, 35.047222222222224], [132.83777777777777, 35.05166666666667], [132.82777777777778, 35.06194444444444], [132.83944444444444, 35.07083333333333], [132.84833333333333, 35.083333333333336], [132.85694444444445, 35.0875], [132.85972222222222, 35.093333333333334], [132.84222222222223, 35.110277777777775], [132.83055555555555, 35.103611111111114], [132.81194444444444, 35.10611111111111], [132.8011111111111, 35.1025], [132.7902777777778, 35.106944444444444], [132.78944444444446, 35.11138888888889], [132.78055555555557, 35.11222222222222], [132.77055555555555, 35.108333333333334], [132.7686111111111, 35.1125], [132.75611111111112, 35.11416666666667], [132.75472222222223, 35.121944444444445], [132.74, 35.12], [132.7277777777778, 35.12361111111111], [132.71777777777777, 35.1325], [132.72222222222223, 35.14194444444445], [132.71777777777777, 35.14972222222222], [132.72277777777776, 35.15472222222222], [132.70888888888888, 35.16222222222222], [132.70277777777778, 35.163333333333334], [132.69666666666666, 35.16], [132.69, 35.161944444444444], [132.69027777777777, 35.169444444444444], [132.67305555555555, 35.17666666666667]]]}}, {"type": "Feature", "properties": {"id": "607041287705020", "name": "尾原ダム（おばらだむ）", "track": "dam_pending", "area_km2": 280.95, "phase": "augmentation", "n_rain_in": 3}, "geometry": {"type": "MultiPolygon", "coordinates": [[[[133.1513888888889, 35.21527777777778], [133.1536111111111, 35.209722222222226], [133.1511111111111, 35.20666666666666], [133.15472222222223, 35.20305555555556], [133.16916666666665, 35.20916666666667], [133.1822222222222, 35.201388888888886], [133.18472222222223, 35.19694444444445], [133.18194444444444, 35.18833333333333], [133.18944444444443, 35.18472222222222], [133.195, 35.16916666666667], [133.19166666666666, 35.16222222222222], [133.1838888888889, 35.15638888888889], [133.17055555555555, 35.15361111111111], [133.16611111111112, 35.14888888888889], [133.15722222222223, 35.14888888888889], [133.14833333333334, 35.14], [133.145, 35.13138888888889], [133.14666666666668, 35.123333333333335], [133.14, 35.117777777777775], [133.14555555555555, 35.105], [133.13972222222222, 35.1], [133.14111111111112, 35.09722222222222], [133.13666666666666, 35.090555555555554], [133.1375, 35.085], [133.14194444444445, 35.081944444444446], [133.14055555555555, 35.07555555555555], [133.1263888888889, 35.07666666666667], [133.12527777777777, 35.08138888888889], [133.1286111111111, 35.08722222222222], [133.125, 35.08694444444444], [133.11777777777777, 35.09638888888889], [133.10694444444445, 35.08222222222222], [133.0961111111111, 35.085277777777776], [133.08666666666667, 35.07805555555556], [133.07222222222222, 35.08222222222222], [133.0688888888889, 35.07972222222222], [133.06083333333333, 35.08083333333333], [133.0522222222222, 35.07], [133.03305555555556, 35.06805555555555], [133.02527777777777, 35.0775], [133.01638888888888, 35.07833333333333], [133.01444444444445, 35.08777777777778], [133.0036111111111, 35.09027777777778], [133.00027777777777, 35.09722222222222], [132.9922222222222, 35.098333333333336], [132.98611111111111, 35.109722222222224], [132.9875, 35.11333333333333], [132.9947222222222, 35.11611111111111], [132.995, 35.13166666666667], [133.00166666666667, 35.139722222222225], [132.9975, 35.14222222222222], [132.9975, 35.150555555555556], [132.9886111111111, 35.158611111111114], [132.9775, 35.16], [132.985, 35.17305555555556], [132.9825, 35.17638888888889], [132.98472222222222, 35.18694444444444], [132.97611111111112, 35.19444444444444], [132.97083333333333, 35.195], [132.9713888888889, 35.19916666666667], [132.96305555555554, 35.199444444444445], [132.9625, 35.204166666666666], [132.9688888888889, 35.208333333333336], [132.96916666666667, 35.21277777777778], [132.96194444444444, 35.21472222222222], [132.95472222222222, 35.221666666666664], [132.96277777777777, 35.23833333333333], [132.96972222222223, 35.24027777777778], [132.97583333333333, 35.246944444444445], [132.98166666666665, 35.242777777777775], [132.99333333333334, 35.240833333333335], [133.0036111111111, 35.24722222222222], [133.0186111111111, 35.24388888888889], [133.03222222222223, 35.24888888888889], [133.0525, 35.244166666666665], [133.07527777777779, 35.25055555555556], [133.0913888888889, 35.250277777777775], [133.0988888888889, 35.240833333333335], [133.10861111111112, 35.23722222222222], [133.10333333333332, 35.23222222222222], [133.105, 35.225], [133.1027777777778, 35.22361111111111], [133.10722222222222, 35.214444444444446], [133.13055555555556, 35.208888888888886], [133.1375, 35.21222222222222], [133.14583333333334, 35.21138888888889], [133.1513888888889, 35.21527777777778]]], [[[133.1513888888889, 35.215833333333336], [133.15166666666667, 35.21611111111111], [133.15166666666667, 35.215833333333336], [133.1513888888889, 35.215833333333336]]]]}}, {"type": "Feature", "properties": {"id": "1368071340100", "name": "苫田ダム（とまただむ）", "track": "dam_pending", "area_km2": 216.99, "phase": "augmentation", "n_rain_in": 6}, "geometry": {"type": "Polygon", "coordinates": [[[133.9975, 35.352777777777774], [133.9802777777778, 35.341944444444444], [133.96916666666667, 35.34777777777778], [133.95555555555555, 35.341944444444444], [133.94611111111112, 35.33277777777778], [133.93416666666667, 35.33555555555556], [133.92805555555555, 35.32527777777778], [133.93138888888888, 35.31388888888889], [133.92527777777778, 35.30694444444445], [133.90777777777777, 35.30722222222222], [133.9036111111111, 35.30361111111111], [133.89805555555554, 35.30444444444444], [133.88611111111112, 35.29416666666667], [133.86194444444445, 35.2925], [133.86083333333335, 35.286944444444444], [133.8661111111111, 35.28527777777778], [133.8636111111111, 35.27722222222222], [133.8661111111111, 35.272222222222226], [133.85305555555556, 35.26555555555556], [133.84416666666667, 35.25416666666667], [133.84472222222223, 35.24944444444444], [133.8386111111111, 35.25138888888889], [133.8311111111111, 35.24888888888889], [133.8177777777778, 35.2525], [133.82055555555556, 35.24194444444444], [133.81472222222223, 35.23111111111111], [133.81027777777777, 35.22888888888889], [133.82, 35.21388888888889], [133.82861111111112, 35.2175], [133.84666666666666, 35.213055555555556], [133.85444444444445, 35.21472222222222], [133.875, 35.20666666666666], [133.88916666666665, 35.195277777777775], [133.88333333333333, 35.18277777777778], [133.87, 35.18], [133.8713888888889, 35.17111111111111], [133.86555555555555, 35.16861111111111], [133.87222222222223, 35.16027777777778], [133.86805555555554, 35.15222222222222], [133.87777777777777, 35.14388888888889], [133.87333333333333, 35.1325], [133.87472222222223, 35.1275], [133.88694444444445, 35.12388888888889], [133.89416666666668, 35.12972222222222], [133.89416666666668, 35.138333333333335], [133.90972222222223, 35.13861111111111], [133.9125, 35.14527777777778], [133.925, 35.145], [133.92805555555555, 35.14805555555556], [133.92805555555555, 35.158611111111114], [133.91916666666665, 35.1675], [133.93333333333334, 35.178333333333335], [133.93833333333333, 35.1775], [133.95027777777779, 35.18861111111111], [133.95388888888888, 35.19972222222222], [133.96722222222223, 35.20666666666666], [133.96666666666667, 35.22222222222222], [133.96055555555554, 35.225], [133.95666666666668, 35.235277777777775], [133.96944444444443, 35.245], [133.9686111111111, 35.253055555555555], [133.97444444444446, 35.259166666666665], [134.005, 35.25666666666667], [134.0102777777778, 35.26444444444444], [134.01944444444445, 35.26916666666666], [134.0222222222222, 35.276944444444446], [134.0175, 35.28388888888889], [134.01888888888888, 35.29138888888889], [134.02555555555554, 35.29638888888889], [134.02972222222223, 35.30722222222222], [134.01222222222222, 35.306666666666665], [133.99944444444444, 35.31444444444445], [134.00444444444443, 35.32555555555555], [134.01527777777778, 35.333888888888886], [134.01, 35.33972222222222], [134.01583333333332, 35.346944444444446], [134.01472222222222, 35.35027777777778], [133.9975, 35.352777777777774]]]}}, {"type": "Feature", "properties": {"id": "1368050651020", "name": "宇連ダム（うれだむ）", "track": "dam_pending", "area_km2": 26.22, "phase": "augmentation", "n_rain_in": 0}, "geometry": {"type": "Polygon", "coordinates": [[[137.63444444444445, 35.06472222222222], [137.6338888888889, 35.058055555555555], [137.6286111111111, 35.05444444444444], [137.63055555555556, 35.047777777777775], [137.6213888888889, 35.04638888888889], [137.61694444444444, 35.05277777777778], [137.60972222222222, 35.05583333333333], [137.60361111111112, 35.05361111111111], [137.59805555555556, 35.04416666666667], [137.59027777777777, 35.04388888888889], [137.58833333333334, 35.04083333333333], [137.58972222222224, 35.03388888888889], [137.5988888888889, 35.02583333333333], [137.6, 35.018055555555556], [137.63, 35.0175], [137.63166666666666, 35.007222222222225], [137.64222222222222, 34.999722222222225], [137.65166666666667, 35.01027777777778], [137.64916666666667, 35.01861111111111], [137.65472222222223, 35.02111111111111], [137.65416666666667, 35.028055555555554], [137.66, 35.030277777777776], [137.66611111111112, 35.0425], [137.6627777777778, 35.04972222222222], [137.65472222222223, 35.05], [137.65194444444444, 35.054722222222225], [137.64555555555555, 35.05583333333333], [137.64555555555555, 35.05916666666667], [137.63444444444445, 35.06472222222222]]]}}, {"type": "Feature", "properties": {"id": "1368030375030", "name": "藤原ダム（ふじわらだむ）", "track": "dam_pending", "area_km2": 392.17, "phase": "augmentation", "n_rain_in": 11}, "geometry": {"type": "Polygon", "coordinates": [[[139.09694444444443, 37.05861111111111], [139.09, 37.04472222222222], [139.09083333333334, 37.02], [139.08083333333335, 37.00888888888889], [139.07333333333332, 37.00861111111111], [139.05444444444444, 36.99861111111111], [139.04777777777778, 36.9875], [139.03027777777777, 36.98361111111111], [139.015, 36.98833333333333], [139.00083333333333, 36.979166666666664], [138.96972222222223, 36.98166666666667], [138.9663888888889, 36.97888888888889], [138.9638888888889, 36.950833333333335], [138.96666666666667, 36.931111111111115], [138.97666666666666, 36.92166666666667], [138.97472222222223, 36.913333333333334], [138.97972222222222, 36.905833333333334], [138.9802777777778, 36.89611111111111], [138.97972222222222, 36.89138888888889], [138.97194444444443, 36.886944444444445], [138.97055555555556, 36.874722222222225], [138.96333333333334, 36.867777777777775], [138.9675, 36.859722222222224], [138.9911111111111, 36.85722222222222], [138.99583333333334, 36.84305555555556], [139.00805555555556, 36.846666666666664], [139.01055555555556, 36.844166666666666], [139.0247222222222, 36.84361111111111], [139.0263888888889, 36.838055555555556], [139.03166666666667, 36.835], [139.0311111111111, 36.82888888888889], [139.0363888888889, 36.82694444444444], [139.0338888888889, 36.81805555555555], [139.04083333333332, 36.815], [139.03277777777777, 36.80555555555556], [139.03194444444443, 36.79527777777778], [139.02194444444444, 36.79083333333333], [139.01555555555555, 36.7675], [139.0247222222222, 36.76583333333333], [139.02555555555554, 36.77166666666667], [139.0375, 36.77333333333333], [139.0375, 36.78138888888889], [139.04527777777778, 36.78277777777778], [139.0525, 36.791666666666664], [139.05666666666667, 36.78944444444444], [139.05916666666667, 36.79333333333334], [139.065, 36.793055555555554], [139.07, 36.78916666666667], [139.0738888888889, 36.79333333333334], [139.08027777777778, 36.790277777777774], [139.10833333333332, 36.79694444444444], [139.1211111111111, 36.79416666666667], [139.13166666666666, 36.805277777777775], [139.13944444444445, 36.80361111111111], [139.1511111111111, 36.8075], [139.1588888888889, 36.81472222222222], [139.15833333333333, 36.82138888888889], [139.17555555555555, 36.835277777777776], [139.1836111111111, 36.83722222222222], [139.18972222222223, 36.83444444444444], [139.19805555555556, 36.84111111111111], [139.19361111111112, 36.85027777777778], [139.1952777777778, 36.85611111111111], [139.1652777777778, 36.86555555555555], [139.1575, 36.86222222222222], [139.15305555555557, 36.8725], [139.17333333333335, 36.89083333333333], [139.17138888888888, 36.90083333333333], [139.1761111111111, 36.91722222222222], [139.17333333333335, 36.92777777777778], [139.16611111111112, 36.93555555555555], [139.16694444444445, 36.95166666666667], [139.18027777777777, 36.964444444444446], [139.17527777777778, 36.971666666666664], [139.17944444444444, 36.990833333333335], [139.17083333333332, 37.00194444444445], [139.15055555555554, 37.009166666666665], [139.14305555555555, 37.021388888888886], [139.13166666666666, 37.025555555555556], [139.12305555555557, 37.047222222222224], [139.11527777777778, 37.0475], [139.11138888888888, 37.055277777777775], [139.09694444444443, 37.05861111111111]]]}}, {"type": "Feature", "properties": {"id": "1368030376050", "name": "五十里ダム（いかり）", "track": "dam_pending", "area_km2": 274.72, "phase": "augmentation", "n_rain_in": 4}, "geometry": {"type": "Polygon", "coordinates": [[[139.7747222222222, 37.091944444444444], [139.76305555555555, 37.07555555555555], [139.7536111111111, 37.07388888888889], [139.7525, 37.070277777777775], [139.74, 37.07277777777778], [139.73305555555555, 37.06861111111111], [139.7188888888889, 37.07083333333333], [139.71833333333333, 37.068333333333335], [139.7111111111111, 37.06861111111111], [139.70083333333332, 37.059444444444445], [139.69083333333333, 37.0625], [139.67305555555555, 37.05777777777778], [139.67111111111112, 37.04805555555556], [139.66472222222222, 37.039722222222224], [139.65555555555557, 37.04194444444445], [139.65194444444444, 37.0375], [139.63888888888889, 37.032222222222224], [139.62527777777777, 37.03333333333333], [139.62305555555557, 37.029444444444444], [139.625, 37.02611111111111], [139.61666666666667, 37.015], [139.6025, 37.01583333333333], [139.59555555555556, 37.01166666666667], [139.5822222222222, 37.015277777777776], [139.57638888888889, 37.00194444444445], [139.5572222222222, 36.996944444444445], [139.55444444444444, 36.992777777777775], [139.54805555555555, 36.99388888888889], [139.53555555555556, 36.98083333333334], [139.52333333333334, 36.98166666666667], [139.50416666666666, 36.96944444444444], [139.5211111111111, 36.959722222222226], [139.53666666666666, 36.93388888888889], [139.53305555555556, 36.92472222222222], [139.53472222222223, 36.91861111111111], [139.54361111111112, 36.91277777777778], [139.55944444444444, 36.91138888888889], [139.57333333333332, 36.91694444444445], [139.58388888888888, 36.91138888888889], [139.595, 36.92777777777778], [139.6, 36.92944444444444], [139.60555555555555, 36.923611111111114], [139.62166666666667, 36.92583333333333], [139.64444444444445, 36.92333333333333], [139.6511111111111, 36.913333333333334], [139.65916666666666, 36.911944444444444], [139.66472222222222, 36.916111111111114], [139.66611111111112, 36.92166666666667], [139.67027777777778, 36.919444444444444], [139.67833333333334, 36.92138888888889], [139.69333333333333, 36.91166666666667], [139.70138888888889, 36.89944444444444], [139.70888888888888, 36.897777777777776], [139.70944444444444, 36.91277777777778], [139.71555555555557, 36.92333333333333], [139.73194444444445, 36.92666666666667], [139.73611111111111, 36.93055555555556], [139.73444444444445, 36.93888888888889], [139.73888888888888, 36.94694444444445], [139.73305555555555, 36.95166666666667], [139.7386111111111, 36.952777777777776], [139.7463888888889, 36.961666666666666], [139.74388888888888, 36.97361111111111], [139.7475, 36.97888888888889], [139.7411111111111, 36.98861111111111], [139.75, 36.994166666666665], [139.7552777777778, 37.0025], [139.755, 37.015277777777776], [139.75861111111112, 37.01888888888889], [139.75472222222223, 37.02722222222222], [139.75861111111112, 37.03805555555556], [139.77138888888888, 37.04138888888889], [139.78472222222223, 37.03916666666667], [139.80055555555555, 37.04638888888889], [139.82333333333332, 37.08111111111111], [139.82194444444445, 37.085277777777776], [139.80833333333334, 37.085], [139.78805555555556, 37.090833333333336], [139.77777777777777, 37.08888888888889], [139.7747222222222, 37.091944444444444]]]}}, {"type": "Feature", "properties": {"id": "303031283318170", "name": "湯西川ダム（ゆにしがわ）", "track": "dam_pending", "area_km2": 103.03, "phase": "augmentation", "n_rain_in": 2}, "geometry": {"type": "Polygon", "coordinates": [[[139.6025, 37.01583333333333], [139.59666666666666, 37.01166666666667], [139.5822222222222, 37.015277777777776], [139.57638888888889, 37.00194444444445], [139.5572222222222, 36.996944444444445], [139.55444444444444, 36.992777777777775], [139.54805555555555, 36.99388888888889], [139.53555555555556, 36.98083333333334], [139.52333333333334, 36.98166666666667], [139.50416666666666, 36.969722222222224], [139.51888888888888, 36.9625], [139.52972222222223, 36.94722222222222], [139.53666666666666, 36.93388888888889], [139.53333333333333, 36.92166666666667], [139.5388888888889, 36.914722222222224], [139.55944444444444, 36.91138888888889], [139.57333333333332, 36.91694444444445], [139.58388888888888, 36.91138888888889], [139.595, 36.92777777777778], [139.59944444444446, 36.92944444444444], [139.60555555555555, 36.923611111111114], [139.62166666666667, 36.92583333333333], [139.64444444444445, 36.92333333333333], [139.6525, 36.91277777777778], [139.66, 36.911944444444444], [139.66472222222222, 36.916111111111114], [139.66611111111112, 36.920833333333334], [139.66194444444446, 36.922777777777775], [139.66083333333333, 36.92777777777778], [139.66722222222222, 36.935], [139.66861111111112, 36.941944444444445], [139.66444444444446, 36.94583333333333], [139.66666666666666, 36.952777777777776], [139.66416666666666, 36.96361111111111], [139.65305555555557, 36.969166666666666], [139.64388888888888, 36.96944444444444], [139.64166666666668, 36.980555555555554], [139.635, 36.98361111111111], [139.63194444444446, 36.98916666666667], [139.6238888888889, 36.989444444444445], [139.62166666666667, 36.99722222222222], [139.61111111111111, 37.0075], [139.61138888888888, 37.01361111111111], [139.6025, 37.01583333333333]]]}}, {"type": "Feature", "properties": {"id": "1368021260020", "name": "月山ダム（がっさんだむ）", "track": "dam_pending", "area_km2": 245.74, "phase": "augmentation", "n_rain_in": 5}, "geometry": {"type": "MultiPolygon", "coordinates": [[[[139.83194444444445, 38.43333333333333], [139.83166666666668, 38.433055555555555], [139.83166666666668, 38.43333333333333], [139.83194444444445, 38.43333333333333]]], [[[139.83194444444445, 38.43333333333333], [139.82972222222222, 38.43972222222222], [139.8361111111111, 38.454166666666666], [139.8238888888889, 38.46472222222222], [139.80805555555557, 38.46277777777778], [139.8022222222222, 38.46888888888889], [139.80555555555554, 38.477222222222224], [139.82833333333335, 38.49333333333333], [139.82638888888889, 38.49916666666667], [139.83055555555555, 38.50527777777778], [139.845, 38.50833333333333], [139.84472222222223, 38.51166666666667], [139.85055555555556, 38.51638888888889], [139.86194444444445, 38.51694444444445], [139.87055555555557, 38.529444444444444], [139.8827777777778, 38.53472222222222], [139.88361111111112, 38.55], [139.88722222222222, 38.55361111111111], [139.88416666666666, 38.55694444444445], [139.8827777777778, 38.57111111111111], [139.89111111111112, 38.57833333333333], [139.89166666666668, 38.58277777777778], [139.88833333333332, 38.58611111111111], [139.89222222222222, 38.590555555555554], [139.90694444444443, 38.59361111111111], [139.92222222222222, 38.60916666666667], [139.94444444444446, 38.605], [139.9475, 38.59861111111111], [139.95361111111112, 38.595555555555556], [139.9897222222222, 38.583888888888886], [139.99972222222223, 38.57611111111111], [140.0025, 38.56444444444445], [140.00666666666666, 38.564166666666665], [140.01611111111112, 38.55111111111111], [140.02333333333334, 38.54666666666667], [140.0125, 38.54333333333334], [140.005, 38.535555555555554], [139.99527777777777, 38.53944444444444], [139.9736111111111, 38.522777777777776], [139.95083333333332, 38.513333333333335], [139.95166666666665, 38.50972222222222], [139.9475, 38.50666666666667], [139.93277777777777, 38.50277777777778], [139.93472222222223, 38.494166666666665], [139.94222222222223, 38.48916666666667], [139.92638888888888, 38.48], [139.9325, 38.469722222222224], [139.92777777777778, 38.465555555555554], [139.92916666666667, 38.459722222222226], [139.92416666666668, 38.45166666666667], [139.9336111111111, 38.448055555555555], [139.93444444444444, 38.435833333333335], [139.9297222222222, 38.42305555555556], [139.91722222222222, 38.41833333333334], [139.91416666666666, 38.410555555555554], [139.92138888888888, 38.39333333333333], [139.91222222222223, 38.38611111111111], [139.91, 38.379444444444445], [139.91722222222222, 38.36694444444444], [139.91055555555556, 38.35527777777778], [139.9025, 38.34861111111111], [139.90305555555557, 38.33972222222222], [139.89805555555554, 38.33222222222222], [139.88305555555556, 38.326388888888886], [139.875, 38.31666666666667], [139.84722222222223, 38.3375], [139.85805555555555, 38.352222222222224], [139.85, 38.3625], [139.85111111111112, 38.36888888888889], [139.84666666666666, 38.374722222222225], [139.84916666666666, 38.38027777777778], [139.84083333333334, 38.3925], [139.84444444444443, 38.40222222222222], [139.84833333333333, 38.40416666666667], [139.84777777777776, 38.409444444444446], [139.8425, 38.40888888888889], [139.835, 38.415], [139.8336111111111, 38.41833333333334], [139.83805555555554, 38.4275], [139.83333333333334, 38.433055555555555], [139.8322222222222, 38.433055555555555], [139.83194444444445, 38.43333333333333]]]]}}, {"type": "Feature", "properties": {"id": "1368020475050", "name": "四十四田ダム（しじゅうしだだむ）", "track": "dam_pending", "area_km2": 1188.07, "phase": "augmentation", "n_rain_in": 11}, "geometry": {"type": "Polygon", "coordinates": [[[141.12722222222223, 40.096111111111114], [141.11555555555555, 40.091388888888886], [141.11555555555555, 40.07138888888889], [141.11305555555555, 40.06861111111111], [141.1075, 40.07055555555556], [141.0988888888889, 40.06305555555556], [141.1, 40.053333333333335], [141.09583333333333, 40.05222222222222], [141.09472222222223, 40.04805555555556], [141.0888888888889, 40.04527777777778], [141.07666666666665, 40.04611111111111], [141.0688888888889, 40.041111111111114], [141.06861111111112, 40.03722222222222], [141.04833333333335, 40.02444444444444], [141.045, 40.0275], [141.03527777777776, 40.02388888888889], [141.02083333333334, 40.028055555555554], [141.0075, 40.026666666666664], [141.00055555555556, 40.02027777777778], [140.9947222222222, 40.02], [140.97694444444446, 40.009166666666665], [140.95694444444445, 39.98722222222222], [140.95805555555555, 39.9775], [140.94027777777777, 39.9775], [140.92777777777778, 39.965555555555554], [140.91555555555556, 39.959722222222226], [140.905, 39.96], [140.89638888888888, 39.95388888888889], [140.88361111111112, 39.96194444444444], [140.87666666666667, 39.96], [140.87416666666667, 39.95583333333333], [140.87083333333334, 39.95777777777778], [140.85611111111112, 39.95194444444444], [140.85694444444445, 39.94416666666667], [140.85194444444446, 39.935833333333335], [140.85777777777778, 39.93055555555556], [140.85694444444445, 39.9225], [140.86777777777777, 39.91166666666667], [140.8672222222222, 39.9], [140.88222222222223, 39.882777777777775], [140.87833333333333, 39.87444444444444], [140.89333333333335, 39.853611111111114], [140.905, 39.845555555555556], [140.9175, 39.84722222222222], [140.925, 39.841388888888886], [140.9363888888889, 39.8425], [140.9386111111111, 39.84], [140.94222222222223, 39.842777777777776], [140.94555555555556, 39.841388888888886], [140.9525, 39.85055555555556], [140.96666666666667, 39.85194444444444], [140.97416666666666, 39.84444444444444], [140.98444444444445, 39.84222222222222], [140.99833333333333, 39.845], [141.00305555555556, 39.85333333333333], [141.0125, 39.841944444444444], [141.05166666666668, 39.83027777777778], [141.07222222222222, 39.81527777777778], [141.09527777777777, 39.81305555555556], [141.1075, 39.81638888888889], [141.10472222222222, 39.81194444444444], [141.10777777777778, 39.80722222222222], [141.11138888888888, 39.80833333333333], [141.12055555555557, 39.80361111111111], [141.12583333333333, 39.80777777777778], [141.12944444444443, 39.80694444444445], [141.15555555555557, 39.78861111111111], [141.13694444444445, 39.75805555555556], [141.14333333333335, 39.75666666666667], [141.14055555555555, 39.75111111111111], [141.1511111111111, 39.748333333333335], [141.1513888888889, 39.744166666666665], [141.1638888888889, 39.73833333333333], [141.1797222222222, 39.76], [141.1822222222222, 39.75527777777778], [141.1952777777778, 39.75611111111111], [141.19666666666666, 39.76138888888889], [141.20833333333334, 39.765], [141.2213888888889, 39.77611111111111], [141.23277777777778, 39.77388888888889], [141.24416666666667, 39.7775], [141.26277777777779, 39.800555555555555], [141.25944444444445, 39.81], [141.27583333333334, 39.81027777777778], [141.2838888888889, 39.806111111111115], [141.29194444444445, 39.806111111111115], [141.29638888888888, 39.80138888888889], [141.29888888888888, 39.80388888888889], [141.30972222222223, 39.80277777777778], [141.31305555555556, 39.79638888888889], [141.32694444444445, 39.79333333333334], [141.32944444444445, 39.78916666666667], [141.3502777777778, 39.78722222222222], [141.36027777777778, 39.7775], [141.3711111111111, 39.774166666666666], [141.37666666666667, 39.76138888888889], [141.3838888888889, 39.75861111111111], [141.38833333333332, 39.75083333333333], [141.395, 39.7475], [141.41027777777776, 39.75972222222222], [141.42305555555555, 39.75611111111111], [141.43833333333333, 39.75861111111111], [141.4525, 39.766666666666666], [141.47305555555556, 39.764722222222225], [141.4777777777778, 39.76916666666666], [141.47805555555556, 39.775555555555556], [141.48583333333335, 39.7775], [141.48944444444444, 39.79083333333333], [141.49916666666667, 39.79416666666667], [141.5013888888889, 39.80138888888889], [141.4988888888889, 39.80722222222222], [141.5025, 39.810833333333335], [141.52305555555554, 39.806666666666665], [141.52722222222224, 39.812777777777775], [141.52, 39.819722222222225], [141.51166666666666, 39.84722222222222], [141.50222222222223, 39.85611111111111], [141.5075, 39.8675], [141.50611111111112, 39.87916666666667], [141.4986111111111, 39.87833333333333], [141.48722222222221, 39.88388888888889], [141.47916666666666, 39.87555555555556], [141.47, 39.87416666666667], [141.4572222222222, 39.88166666666667], [141.44166666666666, 39.88472222222222], [141.43583333333333, 39.88166666666667], [141.42555555555555, 39.882222222222225], [141.42111111111112, 39.88722222222222], [141.41666666666666, 39.885555555555555], [141.41055555555556, 39.88944444444444], [141.40583333333333, 39.88861111111111], [141.40333333333334, 39.89194444444445], [141.40694444444443, 39.89666666666667], [141.4, 39.8975], [141.3972222222222, 39.90416666666667], [141.4013888888889, 39.90638888888889], [141.40305555555557, 39.915], [141.38333333333333, 39.929722222222225], [141.385, 39.935833333333335], [141.37305555555557, 39.94416666666667], [141.3788888888889, 39.95444444444445], [141.37805555555556, 39.96666666666667], [141.3713888888889, 39.965833333333336], [141.355, 39.97222222222222], [141.33833333333334, 39.9725], [141.33583333333334, 39.977222222222224], [141.33166666666668, 39.97472222222222], [141.325, 39.97638888888889], [141.3213888888889, 39.97972222222222], [141.32305555555556, 39.98305555555555], [141.30666666666667, 39.98888888888889], [141.30305555555555, 39.99666666666667], [141.3075, 40.0025], [141.30583333333334, 40.01027777777778], [141.29583333333332, 40.01777777777778], [141.29916666666668, 40.02361111111111], [141.29222222222222, 40.028055555555554], [141.28944444444446, 40.03805555555556], [141.2811111111111, 40.0375], [141.27805555555557, 40.041111111111114], [141.26277777777779, 40.04416666666667], [141.2513888888889, 40.04138888888889], [141.24416666666667, 40.05388888888889], [141.23611111111111, 40.05388888888889], [141.23055555555555, 40.060833333333335], [141.22611111111112, 40.06027777777778], [141.22305555555556, 40.06361111111111], [141.20638888888888, 40.06666666666667], [141.1886111111111, 40.06388888888889], [141.18055555555554, 40.06611111111111], [141.17166666666665, 40.07527777777778], [141.15916666666666, 40.080555555555556], [141.16166666666666, 40.085277777777776], [141.15277777777777, 40.09305555555556], [141.12722222222223, 40.096111111111114]], [[141.32722222222222, 39.793055555555554], [141.3275, 39.79333333333334], [141.3275, 39.793055555555554], [141.32722222222222, 39.793055555555554]]]}}, {"type": "Feature", "properties": {"id": "602081282212010", "name": "森吉山ダム（もりよしざんだむ）", "track": "dam_pending", "area_km2": 248.65, "phase": "augmentation", "n_rain_in": 6}, "geometry": {"type": "MultiPolygon", "coordinates": [[[[140.64111111111112, 39.9425], [140.64083333333335, 39.94222222222222], [140.64083333333335, 39.9425], [140.64111111111112, 39.9425]]], [[[140.64111111111112, 39.9425], [140.6375, 39.948055555555555], [140.6275, 39.94444444444444], [140.61777777777777, 39.95027777777778], [140.61888888888888, 39.955555555555556], [140.6161111111111, 39.95777777777778], [140.60694444444445, 39.9575], [140.5875, 39.96472222222222], [140.56027777777777, 39.98305555555555], [140.53555555555556, 39.974444444444444], [140.52333333333334, 39.984722222222224], [140.50916666666666, 39.98361111111111], [140.47305555555556, 39.99666666666667], [140.46, 40.007222222222225], [140.46527777777777, 40.019444444444446], [140.4625, 40.02638888888889], [140.45833333333334, 40.028055555555554], [140.45944444444444, 40.03138888888889], [140.44972222222222, 40.03388888888889], [140.4597222222222, 40.04527777777778], [140.47277777777776, 40.05], [140.47166666666666, 40.05361111111111], [140.47555555555556, 40.05833333333333], [140.46972222222223, 40.06583333333333], [140.47583333333333, 40.07], [140.48638888888888, 40.06805555555555], [140.49944444444444, 40.07277777777778], [140.50277777777777, 40.0775], [140.52277777777778, 40.07111111111111], [140.54222222222222, 40.07944444444445], [140.54305555555555, 40.08416666666667], [140.54916666666668, 40.08861111111111], [140.5638888888889, 40.08638888888889], [140.57722222222222, 40.075833333333335], [140.595, 40.07944444444445], [140.59944444444446, 40.08722222222222], [140.60583333333332, 40.08722222222222], [140.6172222222222, 40.08027777777778], [140.63666666666666, 40.091388888888886], [140.64027777777778, 40.084722222222226], [140.64944444444444, 40.08722222222222], [140.66027777777776, 40.08444444444444], [140.66083333333333, 40.07805555555556], [140.66416666666666, 40.07833333333333], [140.66611111111112, 40.07361111111111], [140.675, 40.07361111111111], [140.67916666666667, 40.07833333333333], [140.6797222222222, 40.074444444444445], [140.68722222222223, 40.07222222222222], [140.69222222222223, 40.06472222222222], [140.68972222222223, 40.05861111111111], [140.6977777777778, 40.04694444444444], [140.70027777777779, 40.031666666666666], [140.71472222222224, 40.01861111111111], [140.7211111111111, 40.01694444444445], [140.7238888888889, 40.011944444444445], [140.73194444444445, 40.010555555555555], [140.73222222222222, 40.0], [140.71472222222224, 39.99722222222222], [140.71527777777777, 39.99055555555555], [140.69861111111112, 39.98361111111111], [140.6938888888889, 39.975833333333334], [140.69611111111112, 39.971944444444446], [140.6913888888889, 39.96722222222222], [140.67333333333335, 39.96388888888889], [140.67305555555555, 39.96055555555556], [140.6775, 39.95861111111111], [140.6675, 39.95527777777778], [140.6561111111111, 39.93833333333333], [140.64916666666667, 39.93527777777778], [140.6472222222222, 39.94027777777778], [140.64388888888888, 39.94083333333333], [140.64333333333335, 39.9425], [140.64111111111112, 39.9425]]]]}}, {"type": "Feature", "properties": {"id": "1368010332300", "name": "新桂沢ダム（しんかつらざわだむ）", "track": "dam_pending", "area_km2": 150.97, "phase": "augmentation", "n_rain_in": 3}, "geometry": {"type": "Polygon", "coordinates": [[[142.0525, 43.30166666666667], [142.04333333333332, 43.295], [142.03305555555556, 43.295833333333334], [142.02944444444444, 43.28805555555556], [142.01916666666668, 43.28888888888889], [142.01361111111112, 43.285], [142.01472222222222, 43.27444444444444], [142.00416666666666, 43.26694444444445], [142.0102777777778, 43.26138888888889], [142.00916666666666, 43.24944444444444], [141.99694444444444, 43.23777777777778], [141.95944444444444, 43.22833333333333], [141.95444444444445, 43.221111111111114], [141.94333333333333, 43.21611111111111], [141.94361111111112, 43.20777777777778], [141.93722222222223, 43.19972222222222], [141.9413888888889, 43.191944444444445], [141.95833333333334, 43.19444444444444], [141.96527777777777, 43.18805555555556], [141.98388888888888, 43.18694444444444], [142.00694444444446, 43.17194444444444], [142.01777777777778, 43.172777777777775], [142.02277777777778, 43.17], [142.02694444444444, 43.17305555555556], [142.03916666666666, 43.150555555555556], [142.03805555555556, 43.145833333333336], [142.04305555555555, 43.14222222222222], [142.0588888888889, 43.14666666666667], [142.06083333333333, 43.157222222222224], [142.07, 43.160555555555554], [142.0725, 43.164722222222224], [142.08638888888888, 43.16777777777778], [142.0963888888889, 43.16388888888889], [142.10888888888888, 43.172222222222224], [142.1172222222222, 43.173611111111114], [142.12833333333333, 43.19027777777778], [142.15666666666667, 43.19638888888889], [142.15222222222224, 43.205], [142.15527777777777, 43.216388888888886], [142.1613888888889, 43.22388888888889], [142.1611111111111, 43.22666666666667], [142.15, 43.229166666666664], [142.1425, 43.22694444444444], [142.14055555555555, 43.223333333333336], [142.12555555555556, 43.219722222222224], [142.11083333333335, 43.22416666666667], [142.10777777777778, 43.23555555555556], [142.1002777777778, 43.2425], [142.09416666666667, 43.2575], [142.0886111111111, 43.260555555555555], [142.0886111111111, 43.269444444444446], [142.07833333333335, 43.27166666666667], [142.07611111111112, 43.275555555555556], [142.08055555555555, 43.28388888888889], [142.07916666666668, 43.286944444444444], [142.0625, 43.2925], [142.0525, 43.30166666666667]]]}}, {"type": "Feature", "properties": {"id": "601031281101001", "name": "夕張シューパロダム（ゆうばりしゅーぱろだむ）", "track": "dam_pending", "area_km2": 434.27, "phase": "augmentation", "n_rain_in": 4}, "geometry": {"type": "Polygon", "coordinates": [[[142.27833333333334, 43.22666666666667], [142.26777777777778, 43.2225], [142.2475, 43.22277777777778], [142.24333333333334, 43.2125], [142.225, 43.20805555555555], [142.21583333333334, 43.21194444444444], [142.1888888888889, 43.20638888888889], [142.18166666666667, 43.21333333333333], [142.17583333333334, 43.21388888888889], [142.16027777777776, 43.22361111111111], [142.15222222222224, 43.205], [142.15666666666667, 43.19638888888889], [142.12833333333333, 43.19027777777778], [142.1172222222222, 43.173611111111114], [142.10888888888888, 43.172222222222224], [142.0963888888889, 43.16388888888889], [142.08638888888888, 43.16777777777778], [142.0725, 43.164722222222224], [142.07, 43.160555555555554], [142.06083333333333, 43.157222222222224], [142.0588888888889, 43.14666666666667], [142.04333333333332, 43.14222222222222], [142.03583333333333, 43.14388888888889], [142.03055555555557, 43.138333333333335], [142.03944444444446, 43.12027777777778], [142.0375, 43.11611111111111], [142.04333333333332, 43.10805555555555], [142.03555555555556, 43.098333333333336], [142.04361111111112, 43.086666666666666], [142.04944444444445, 43.08888888888889], [142.0661111111111, 43.08444444444444], [142.0738888888889, 43.08722222222222], [142.07833333333335, 43.07888888888889], [142.07444444444445, 43.06666666666667], [142.0775, 43.051944444444445], [142.0822222222222, 43.041666666666664], [142.08916666666667, 43.03916666666667], [142.0963888888889, 43.03], [142.0936111111111, 43.02333333333333], [142.10166666666666, 43.01222222222222], [142.10222222222222, 42.99333333333333], [142.11138888888888, 42.97972222222222], [142.11, 42.96388888888889], [142.11555555555555, 42.96111111111111], [142.11638888888888, 42.955555555555556], [142.14, 42.959722222222226], [142.145, 42.955555555555556], [142.14583333333334, 42.94972222222222], [142.1525, 42.95472222222222], [142.1625, 42.95055555555555], [142.17027777777778, 42.95722222222222], [142.17888888888888, 42.95916666666667], [142.18333333333334, 42.95777777777778], [142.18583333333333, 42.951388888888886], [142.20166666666665, 42.952222222222225], [142.21083333333334, 42.960277777777776], [142.2236111111111, 42.963055555555556], [142.22333333333333, 42.97], [142.2288888888889, 42.971944444444446], [142.23944444444444, 42.97416666666667], [142.25555555555556, 42.96666666666667], [142.2625, 42.9825], [142.27166666666668, 42.98722222222222], [142.2786111111111, 42.98111111111111], [142.28416666666666, 42.984722222222224], [142.2913888888889, 43.00222222222222], [142.28916666666666, 43.00888888888889], [142.29611111111112, 43.01555555555556], [142.32055555555556, 43.02361111111111], [142.33, 43.030833333333334], [142.32333333333332, 43.035833333333336], [142.325, 43.039722222222224], [142.32083333333333, 43.04666666666667], [142.29472222222222, 43.05083333333333], [142.26944444444445, 43.06583333333333], [142.26361111111112, 43.083333333333336], [142.25027777777777, 43.094166666666666], [142.25083333333333, 43.09972222222222], [142.24305555555554, 43.10583333333334], [142.2447222222222, 43.1175], [142.2552777777778, 43.12444444444444], [142.25444444444443, 43.132777777777775], [142.26388888888889, 43.13638888888889], [142.25666666666666, 43.14944444444444], [142.25333333333333, 43.150555555555556], [142.25722222222223, 43.15472222222222], [142.25555555555556, 43.160555555555554], [142.26611111111112, 43.17138888888889], [142.27027777777778, 43.18833333333333], [142.28416666666666, 43.198055555555555], [142.28166666666667, 43.20111111111111], [142.2838888888889, 43.210277777777776], [142.2813888888889, 43.220555555555556], [142.27833333333334, 43.22666666666667]]]}}, {"type": "Feature", "properties": {"id": "1368010125140", "name": "岩尾内ダム（いわおないだむ）", "track": "dam_pending", "area_km2": 331.71, "phase": "augmentation", "n_rain_in": 4}, "geometry": {"type": "Polygon", "coordinates": [[[142.74027777777778, 44.1925], [142.71722222222223, 44.18805555555556], [142.7161111111111, 44.18055555555556], [142.70138888888889, 44.17916666666667], [142.6988888888889, 44.17138888888889], [142.70361111111112, 44.16416666666667], [142.70222222222222, 44.15888888888889], [142.70944444444444, 44.15027777777778], [142.7097222222222, 44.13916666666667], [142.71444444444444, 44.13444444444445], [142.71166666666667, 44.1225], [142.70527777777778, 44.12138888888889], [142.7025, 44.11666666666667], [142.7072222222222, 44.11138888888889], [142.70833333333334, 44.093333333333334], [142.70138888888889, 44.08166666666666], [142.70916666666668, 44.07138888888889], [142.70888888888888, 44.065555555555555], [142.6975, 44.059444444444445], [142.70083333333332, 44.03472222222222], [142.6963888888889, 44.02583333333333], [142.68972222222223, 44.024166666666666], [142.68805555555556, 44.01361111111111], [142.70111111111112, 44.003055555555555], [142.72027777777777, 43.99638888888889], [142.72583333333333, 43.97944444444445], [142.73777777777778, 43.971666666666664], [142.7375, 43.95611111111111], [142.7447222222222, 43.95472222222222], [142.74555555555557, 43.94916666666667], [142.75472222222223, 43.94694444444445], [142.75611111111112, 43.94138888888889], [142.7675, 43.93833333333333], [142.76805555555555, 43.934444444444445], [142.77694444444444, 43.928333333333335], [142.79527777777778, 43.922222222222224], [142.79805555555555, 43.91638888888889], [142.81666666666666, 43.915277777777774], [142.82833333333335, 43.920833333333334], [142.83, 43.929722222222225], [142.84083333333334, 43.93527777777778], [142.84305555555557, 43.94166666666667], [142.85305555555556, 43.944722222222225], [142.8636111111111, 43.94277777777778], [142.8675, 43.95027777777778], [142.88111111111112, 43.952777777777776], [142.88472222222222, 43.95638888888889], [142.88555555555556, 43.9625], [142.89083333333335, 43.965555555555554], [142.88861111111112, 43.97638888888889], [142.89777777777778, 43.97972222222222], [142.90222222222224, 43.98916666666667], [142.89444444444445, 44.0025], [142.89833333333334, 44.00805555555556], [142.88916666666665, 44.020833333333336], [142.875, 44.01888888888889], [142.87666666666667, 44.0325], [142.86638888888888, 44.03944444444444], [142.8736111111111, 44.0475], [142.88166666666666, 44.05027777777778], [142.87472222222223, 44.05972222222222], [142.86333333333334, 44.064166666666665], [142.86055555555555, 44.06916666666667], [142.8713888888889, 44.084722222222226], [142.85694444444445, 44.090555555555554], [142.855, 44.099444444444444], [142.85805555555555, 44.10055555555556], [142.8563888888889, 44.10444444444445], [142.86055555555555, 44.108333333333334], [142.85611111111112, 44.11055555555556], [142.8513888888889, 44.1225], [142.84194444444444, 44.12722222222222], [142.8436111111111, 44.13333333333333], [142.83972222222224, 44.13611111111111], [142.84305555555557, 44.145833333333336], [142.83833333333334, 44.14972222222222], [142.8386111111111, 44.15694444444444], [142.82083333333333, 44.153888888888886], [142.8113888888889, 44.144444444444446], [142.80194444444444, 44.141666666666666], [142.79, 44.14861111111111], [142.7925, 44.15777777777778], [142.7836111111111, 44.16138888888889], [142.78055555555557, 44.169444444444444], [142.77, 44.17861111111111], [142.75, 44.18], [142.74694444444444, 44.189166666666665], [142.74027777777778, 44.1925]], [[142.7213888888889, 43.9975], [142.72166666666666, 43.99777777777778], [142.72166666666666, 43.9975], [142.7213888888889, 43.9975]], [[142.7211111111111, 43.99722222222222], [142.7213888888889, 43.9975], [142.7213888888889, 43.99722222222222], [142.7211111111111, 43.99722222222222]], [[142.72083333333333, 43.996944444444445], [142.7211111111111, 43.99722222222222], [142.7211111111111, 43.996944444444445], [142.72083333333333, 43.996944444444445]], [[142.72055555555556, 43.99666666666667], [142.72083333333333, 43.996944444444445], [142.72083333333333, 43.99666666666667], [142.72055555555556, 43.99666666666667]], [[142.72027777777777, 43.99638888888889], [142.72055555555556, 43.99666666666667], [142.72055555555556, 43.99638888888889], [142.72027777777777, 43.99638888888889]]]}}, {"type": "Feature", "properties": {"id": "1368030446220", "name": "浦山ダム（うらやまだむ）", "track": "dam_pending", "area_km2": 52.47, "phase": "augmentation", "n_rain_in": 0}, "geometry": {"type": "Polygon", "coordinates": [[[139.05388888888888, 35.95722222222222], [139.04666666666665, 35.952777777777776], [139.04333333333332, 35.94416666666667], [139.04527777777778, 35.934444444444445], [139.03916666666666, 35.93055555555556], [139.03833333333333, 35.92333333333333], [139.03083333333333, 35.918055555555554], [139.0313888888889, 35.9075], [139.0261111111111, 35.904444444444444], [139.02388888888888, 35.897222222222226], [139.06166666666667, 35.873333333333335], [139.0725, 35.87138888888889], [139.07638888888889, 35.875], [139.0825, 35.875], [139.0913888888889, 35.86888888888889], [139.10055555555556, 35.867222222222225], [139.10805555555555, 35.87277777777778], [139.11083333333335, 35.882777777777775], [139.12083333333334, 35.895], [139.1186111111111, 35.90222222222222], [139.11166666666668, 35.90777777777778], [139.11194444444445, 35.92138888888889], [139.10472222222222, 35.92333333333333], [139.0975, 35.935], [139.07833333333335, 35.93861111111111], [139.07583333333332, 35.943333333333335], [139.06194444444444, 35.94888888888889], [139.05388888888888, 35.95722222222222]]]}}, {"type": "Feature", "properties": {"id": "1368010523040", "name": "美利河ダム（ぴりかだむ）", "track": "dam_pending", "area_km2": 2.07, "phase": "augmentation", "n_rain_in": 0}, "geometry": {"type": "Polygon", "coordinates": [[[140.21472222222224, 42.46666666666667], [140.1977777777778, 42.47], [140.19916666666666, 42.458333333333336], [140.21277777777777, 42.45388888888889], [140.21583333333334, 42.456944444444446], [140.21305555555554, 42.46083333333333], [140.21472222222224, 42.46666666666667]]]}}, {"type": "Feature", "properties": {"id": "1368030446230", "name": "滝沢ダム（たきざわだむ）", "track": "dam_pending", "area_km2": 107.91, "phase": "augmentation", "n_rain_in": 0}, "geometry": {"type": "Polygon", "coordinates": [[[138.76888888888888, 36.03888888888889], [138.75444444444443, 36.034444444444446], [138.74916666666667, 36.01638888888889], [138.73666666666668, 36.00666666666667], [138.73416666666665, 35.999722222222225], [138.72666666666666, 35.99444444444445], [138.71666666666667, 35.99305555555556], [138.71305555555554, 35.98555555555556], [138.71305555555554, 35.96722222222222], [138.72666666666666, 35.956944444444446], [138.73111111111112, 35.945277777777775], [138.7386111111111, 35.93888888888889], [138.74694444444444, 35.944722222222225], [138.75305555555556, 35.955555555555556], [138.7747222222222, 35.96083333333333], [138.78194444444443, 35.958333333333336], [138.79083333333332, 35.96222222222222], [138.79722222222222, 35.96194444444444], [138.80083333333334, 35.956944444444446], [138.80833333333334, 35.95944444444444], [138.81944444444446, 35.95722222222222], [138.8227777777778, 35.95333333333333], [138.84805555555556, 35.95], [138.89083333333335, 35.948055555555555], [138.9025, 35.95166666666667], [138.90416666666667, 35.96055555555556], [138.89777777777778, 35.96333333333333], [138.89638888888888, 35.973333333333336], [138.8838888888889, 35.973055555555554], [138.86583333333334, 35.98083333333334], [138.83972222222224, 36.00083333333333], [138.83833333333334, 36.01972222222222], [138.84222222222223, 36.0275], [138.8388888888889, 36.03333333333333], [138.82555555555555, 36.0375], [138.79055555555556, 36.02916666666667], [138.78027777777777, 36.036944444444444], [138.76888888888888, 36.03888888888889]]]}}]}