{
"type": "FeatureCollection",
"name": "basins_dams",
"crs": { "type": "name", "properties": { "name": "urn:ogc:def:crs:OGC:1.3:CRS84" } },
"features": [
{ "type": "Feature", "properties": { "id": "81", "name": "鶴田", "area_km2": 0.02, "n_rain_in": 0 }, "geometry": { "type": "MultiPolygon", "coordinates": [ [ [ [ 130.494722222222208, 31.984166666666667 ], [ 130.49444444444444, 31.984444444444446 ], [ 130.494722222222208, 31.984444444444446 ], [ 130.494722222222208, 31.984166666666667 ] ] ], [ [ [ 130.494722222222208, 31.984722222222221 ], [ 130.495, 31.984444444444446 ], [ 130.494722222222208, 31.984444444444446 ], [ 130.494722222222208, 31.984722222222221 ] ] ], [ [ [ 130.495277777777773, 31.984722222222221 ], [ 130.495, 31.985 ], [ 130.495277777777773, 31.985 ], [ 130.495277777777773, 31.984722222222221 ] ] ], [ [ [ 130.497222222222234, 31.984722222222221 ], [ 130.49666666666667, 31.986111111111111 ], [ 130.4975, 31.985555555555557 ], [ 130.497222222222234, 31.984722222222221 ] ] ] ] } },
{ "type": "Feature", "properties": { "id": "78", "name": "中筋川", "area_km2": 21.34, "n_rain_in": 3 }, "geometry": { "type": "Polygon", "coordinates": [ [ [ 132.831111111111113, 32.94083333333333 ], [ 132.824722222222221, 32.936666666666667 ], [ 132.813611111111101, 32.935555555555553 ], [ 132.806111111111107, 32.925833333333337 ], [ 132.79805555555555, 32.928333333333335 ], [ 132.795, 32.93277777777778 ], [ 132.766944444444448, 32.937222222222225 ], [ 132.760555555555555, 32.934444444444445 ], [ 132.760277777777787, 32.927777777777777 ], [ 132.766388888888883, 32.923611111111114 ], [ 132.769444444444446, 32.915833333333332 ], [ 132.783611111111099, 32.910833333333336 ], [ 132.783055555555563, 32.903333333333336 ], [ 132.804166666666674, 32.899166666666666 ], [ 132.806666666666672, 32.906111111111109 ], [ 132.828333333333347, 32.91 ], [ 132.837222222222209, 32.918888888888887 ], [ 132.845555555555563, 32.920277777777777 ], [ 132.846111111111099, 32.923611111111114 ], [ 132.841388888888901, 32.9275 ], [ 132.845555555555563, 32.94 ], [ 132.831111111111113, 32.94083333333333 ] ] ] } },
{ "type": "Feature", "properties": { "id": "86", "name": "厳木", "area_km2": 33.13, "n_rain_in": 5 }, "geometry": { "type": "Polygon", "coordinates": [ [ [ 130.116388888888878, 33.410833333333336 ], [ 130.11, 33.406944444444441 ], [ 130.095277777777767, 33.406111111111109 ], [ 130.094722222222231, 33.393888888888888 ], [ 130.0775, 33.383333333333333 ], [ 130.082222222222214, 33.377222222222223 ], [ 130.084722222222211, 33.365277777777777 ], [ 130.088333333333338, 33.365 ], [ 130.089444444444439, 33.357222222222219 ], [ 130.097222222222229, 33.350277777777777 ], [ 130.095277777777767, 33.336111111111109 ], [ 130.102222222222224, 33.326388888888886 ], [ 130.111666666666679, 33.325 ], [ 130.116944444444442, 33.327222222222225 ], [ 130.12722222222223, 33.343055555555559 ], [ 130.140833333333347, 33.346388888888889 ], [ 130.146944444444443, 33.355277777777779 ], [ 130.138888888888886, 33.373055555555553 ], [ 130.141111111111115, 33.38111111111111 ], [ 130.138055555555553, 33.384166666666665 ], [ 130.133055555555558, 33.384722222222223 ], [ 130.125555555555565, 33.375833333333333 ], [ 130.115833333333342, 33.382222222222225 ], [ 130.114722222222213, 33.387777777777778 ], [ 130.120833333333337, 33.392777777777781 ], [ 130.124722222222232, 33.403611111111111 ], [ 130.123333333333335, 33.409166666666664 ], [ 130.116388888888878, 33.410833333333336 ] ] ] } },
{ "type": "Feature", "properties": { "id": "87", "name": "竜門（直轄）", "area_km2": 0.02, "n_rain_in": 0 }, "geometry": { "type": "Polygon", "coordinates": [ [ [ 130.847777777777765, 33.038333333333334 ], [ 130.846388888888896, 33.0375 ], [ 130.848055555555561, 33.036944444444444 ], [ 130.847777777777765, 33.038333333333334 ] ] ] } },
{ "type": "Feature", "properties": { "id": "88", "name": "嘉瀬川", "area_km2": 128.41, "n_rain_in": 12 }, "geometry": { "type": "Polygon", "coordinates": [ [ [ 130.203611111111115, 33.481666666666669 ], [ 130.188888888888897, 33.475 ], [ 130.188888888888897, 33.470833333333331 ], [ 130.182777777777773, 33.466388888888886 ], [ 130.168611111111119, 33.467222222222219 ], [ 130.17, 33.463611111111113 ], [ 130.164444444444456, 33.455833333333331 ], [ 130.170277777777784, 33.449444444444445 ], [ 130.166666666666657, 33.437777777777775 ], [ 130.167777777777786, 33.430555555555557 ], [ 130.163888888888891, 33.423333333333332 ], [ 130.156666666666666, 33.419722222222219 ], [ 130.159444444444432, 33.415833333333332 ], [ 130.170555555555552, 33.415555555555557 ], [ 130.164722222222224, 33.409444444444446 ], [ 130.155833333333334, 33.408611111111114 ], [ 130.157777777777767, 33.400277777777781 ], [ 130.154166666666669, 33.391666666666666 ], [ 130.140833333333347, 33.380833333333335 ], [ 130.146944444444443, 33.373333333333335 ], [ 130.159444444444432, 33.373333333333335 ], [ 130.163055555555559, 33.381944444444443 ], [ 130.173611111111114, 33.389444444444443 ], [ 130.176111111111112, 33.395 ], [ 130.183055555555569, 33.393611111111113 ], [ 130.181666666666672, 33.389166666666668 ], [ 130.196111111111122, 33.387777777777778 ], [ 130.203333333333347, 33.392777777777781 ], [ 130.204444444444448, 33.389166666666668 ], [ 130.213888888888903, 33.389444444444443 ], [ 130.2225, 33.38388888888889 ], [ 130.235, 33.398888888888891 ], [ 130.24777777777777, 33.405277777777776 ], [ 130.254166666666663, 33.404166666666669 ], [ 130.254444444444431, 33.408333333333331 ], [ 130.26666666666668, 33.401388888888889 ], [ 130.270277777777778, 33.404444444444444 ], [ 130.276944444444439, 33.401111111111113 ], [ 130.293611111111119, 33.402777777777779 ], [ 130.302222222222213, 33.411388888888887 ], [ 130.313055555555565, 33.411666666666669 ], [ 130.31805555555556, 33.425555555555555 ], [ 130.327777777777783, 33.424722222222222 ], [ 130.330277777777781, 33.42861111111111 ], [ 130.343055555555566, 33.428055555555552 ], [ 130.346944444444432, 33.4325 ], [ 130.354722222222222, 33.43333333333333 ], [ 130.345555555555563, 33.444722222222225 ], [ 130.336666666666673, 33.445 ], [ 130.334444444444443, 33.450555555555553 ], [ 130.321111111111122, 33.458333333333336 ], [ 130.313888888888897, 33.458055555555553 ], [ 130.306388888888875, 33.463333333333331 ], [ 130.2975, 33.4625 ], [ 130.275277777777774, 33.479722222222222 ], [ 130.2575, 33.476111111111109 ], [ 130.249166666666667, 33.470277777777781 ], [ 130.242777777777775, 33.474722222222219 ], [ 130.2375, 33.474166666666669 ], [ 130.23333333333332, 33.478888888888889 ], [ 130.226388888888891, 33.476944444444442 ], [ 130.203611111111115, 33.481666666666669 ] ] ] } },
{ "type": "Feature", "properties": { "id": "113", "name": "寺内", "area_km2": 50.74, "n_rain_in": 5 }, "geometry": { "type": "Polygon", "coordinates": [ [ [ 130.81027777777777, 33.458055555555553 ], [ 130.805, 33.454444444444448 ], [ 130.795277777777784, 33.457222222222221 ], [ 130.778055555555568, 33.450555555555553 ], [ 130.764722222222218, 33.454722222222223 ], [ 130.75888888888889, 33.448611111111113 ], [ 130.749444444444435, 33.452222222222225 ], [ 130.741944444444442, 33.448055555555555 ], [ 130.721388888888896, 33.446111111111108 ], [ 130.7175, 33.442777777777778 ], [ 130.716944444444437, 33.430555555555557 ], [ 130.721111111111099, 33.431111111111115 ], [ 130.728611111111121, 33.426111111111112 ], [ 130.741944444444442, 33.426111111111112 ], [ 130.756388888888893, 33.418611111111112 ], [ 130.761388888888888, 33.413888888888891 ], [ 130.760277777777787, 33.408888888888889 ], [ 130.768888888888881, 33.4075 ], [ 130.771388888888879, 33.394722222222221 ], [ 130.775, 33.391388888888891 ], [ 130.778333333333336, 33.395 ], [ 130.781944444444434, 33.390555555555558 ], [ 130.788611111111123, 33.394166666666663 ], [ 130.806388888888875, 33.390277777777776 ], [ 130.814166666666665, 33.393333333333331 ], [ 130.81, 33.409444444444446 ], [ 130.815, 33.412222222222219 ], [ 130.8225, 33.407222222222224 ], [ 130.827222222222218, 33.408888888888889 ], [ 130.836388888888877, 33.423055555555557 ], [ 130.8325, 33.436388888888892 ], [ 130.827777777777783, 33.44083333333333 ], [ 130.827777777777783, 33.449444444444445 ], [ 130.818333333333328, 33.457222222222221 ], [ 130.81027777777777, 33.458055555555553 ] ] ] } },
{ "type": "Feature", "properties": { "id": "120", "name": "大山", "area_km2": 33.84, "n_rain_in": 6 }, "geometry": { "type": "Polygon", "coordinates": [ [ [ 130.948333333333323, 33.246388888888887 ], [ 130.934722222222234, 33.238055555555555 ], [ 130.933333333333337, 33.232222222222219 ], [ 130.92305555555555, 33.221388888888889 ], [ 130.911388888888894, 33.2225 ], [ 130.904722222222233, 33.2175 ], [ 130.895555555555546, 33.217222222222219 ], [ 130.89166666666668, 33.2125 ], [ 130.88944444444445, 33.206111111111113 ], [ 130.89166666666668, 33.200833333333335 ], [ 130.884722222222223, 33.1875 ], [ 130.902222222222235, 33.189444444444447 ], [ 130.920555555555552, 33.18333333333333 ], [ 130.92861111111111, 33.177777777777777 ], [ 130.927777777777777, 33.172222222222224 ], [ 130.940277777777766, 33.175277777777779 ], [ 130.94, 33.184444444444445 ], [ 130.955, 33.19 ], [ 130.955, 33.195833333333333 ], [ 130.961944444444441, 33.203888888888891 ], [ 130.963055555555542, 33.221388888888889 ], [ 130.968888888888898, 33.227222222222224 ], [ 130.962777777777774, 33.240555555555552 ], [ 130.948333333333323, 33.246388888888887 ] ] ] } },
{ "type": "Feature", "properties": { "id": "145", "name": "佐賀導水路", "area_km2": 24.76, "n_rain_in": 2 }, "geometry": { "type": "Polygon", "coordinates": [ [ [ 130.31472222222223, 33.360833333333332 ], [ 130.308055555555569, 33.3575 ], [ 130.306111111111107, 33.348333333333336 ], [ 130.280555555555566, 33.343333333333334 ], [ 130.2775, 33.3375 ], [ 130.278611111111104, 33.332777777777778 ], [ 130.286666666666662, 33.328055555555558 ], [ 130.278888888888901, 33.30916666666667 ], [ 130.29, 33.292777777777779 ], [ 130.30472222222221, 33.293333333333337 ], [ 130.305555555555543, 33.298055555555557 ], [ 130.313333333333333, 33.298888888888889 ], [ 130.31, 33.311388888888892 ], [ 130.321666666666658, 33.318055555555553 ], [ 130.3275, 33.325 ], [ 130.327222222222218, 33.3325 ], [ 130.336111111111109, 33.338611111111113 ], [ 130.3375, 33.353888888888889 ], [ 130.327222222222218, 33.360277777777775 ], [ 130.31472222222223, 33.360833333333332 ] ] ] } },
{ "type": "Feature", "properties": { "id": "643", "name": "小石原川", "area_km2": 18.51, "n_rain_in": 1 }, "geometry": { "type": "Polygon", "coordinates": [ [ [ 130.819166666666661, 33.48972222222222 ], [ 130.809444444444438, 33.485 ], [ 130.809722222222234, 33.475833333333334 ], [ 130.805555555555543, 33.471666666666664 ], [ 130.791111111111121, 33.471111111111114 ], [ 130.786111111111097, 33.481111111111112 ], [ 130.769444444444446, 33.485833333333332 ], [ 130.766111111111115, 33.481666666666669 ], [ 130.770833333333343, 33.466388888888886 ], [ 130.763055555555553, 33.455 ], [ 130.778055555555568, 33.450555555555553 ], [ 130.795277777777784, 33.457222222222221 ], [ 130.804444444444442, 33.454444444444448 ], [ 130.81027777777777, 33.458055555555553 ], [ 130.817777777777792, 33.456944444444446 ], [ 130.831666666666678, 33.466944444444444 ], [ 130.8425, 33.462777777777781 ], [ 130.835555555555544, 33.470833333333331 ], [ 130.846666666666664, 33.4775 ], [ 130.846666666666664, 33.481388888888887 ], [ 130.842777777777769, 33.485277777777775 ], [ 130.837222222222209, 33.484166666666667 ], [ 130.834166666666675, 33.487222222222222 ], [ 130.823333333333323, 33.486944444444447 ], [ 130.819166666666661, 33.48972222222222 ] ] ] } },
{ "type": "Feature", "properties": { "id": "85", "name": "耶馬渓", "area_km2": 88.38, "n_rain_in": 5 }, "geometry": { "type": "Polygon", "coordinates": [ [ [ 131.142222222222216, 33.453333333333333 ], [ 131.131666666666661, 33.4475 ], [ 131.122222222222234, 33.44777777777778 ], [ 131.113333333333344, 33.438333333333333 ], [ 131.111111111111114, 33.430555555555557 ], [ 131.125277777777768, 33.415277777777774 ], [ 131.131666666666661, 33.417222222222222 ], [ 131.1325, 33.403888888888886 ], [ 131.129444444444431, 33.393888888888888 ], [ 131.13277777777779, 33.3925 ], [ 131.129166666666663, 33.380833333333335 ], [ 131.135277777777787, 33.378611111111113 ], [ 131.13944444444445, 33.372777777777777 ], [ 131.1375, 33.366944444444442 ], [ 131.140833333333347, 33.359444444444442 ], [ 131.145, 33.359722222222224 ], [ 131.149444444444441, 33.340277777777779 ], [ 131.161666666666662, 33.336388888888891 ], [ 131.163611111111123, 33.342222222222219 ], [ 131.165833333333325, 33.338055555555556 ], [ 131.17083333333332, 33.340833333333336 ], [ 131.17861111111111, 33.336111111111109 ], [ 131.195555555555558, 33.335555555555558 ], [ 131.19527777777779, 33.330555555555556 ], [ 131.200277777777785, 33.329166666666666 ], [ 131.20194444444445, 33.323055555555555 ], [ 131.205, 33.322222222222223 ], [ 131.24, 33.322222222222223 ], [ 131.24222222222221, 33.3275 ], [ 131.239444444444445, 33.333888888888886 ], [ 131.240277777777777, 33.348333333333336 ], [ 131.245555555555569, 33.36 ], [ 131.23333333333332, 33.36 ], [ 131.228888888888889, 33.365833333333335 ], [ 131.222777777777765, 33.36472222222222 ], [ 131.223611111111097, 33.375555555555557 ], [ 131.218055555555566, 33.378055555555555 ], [ 131.221388888888896, 33.385833333333331 ], [ 131.229166666666657, 33.392222222222223 ], [ 131.226944444444456, 33.395555555555553 ], [ 131.229166666666657, 33.405277777777776 ], [ 131.225555555555559, 33.406111111111109 ], [ 131.215, 33.396944444444443 ], [ 131.202777777777783, 33.393055555555556 ], [ 131.201388888888886, 33.393055555555556 ], [ 131.195833333333326, 33.398333333333333 ], [ 131.183055555555569, 33.395833333333336 ], [ 131.176944444444445, 33.397777777777776 ], [ 131.171111111111117, 33.409444444444446 ], [ 131.173333333333346, 33.411666666666669 ], [ 131.171111111111117, 33.425277777777779 ], [ 131.163055555555559, 33.429444444444442 ], [ 131.166666666666657, 33.448611111111113 ], [ 131.164722222222224, 33.450833333333335 ], [ 131.160555555555561, 33.44638888888889 ], [ 131.151111111111106, 33.444722222222225 ], [ 131.145, 33.446666666666665 ], [ 131.142222222222216, 33.453333333333333 ] ], [ [ 131.201111111111118, 33.392777777777781 ], [ 131.201388888888886, 33.393055555555556 ], [ 131.201388888888886, 33.392777777777781 ], [ 131.201111111111118, 33.392777777777781 ] ] ] } },
{ "type": "Feature", "properties": { "id": "642", "name": "ななせ", "area_km2": 37.14, "n_rain_in": 3 }, "geometry": { "type": "Polygon", "coordinates": [ [ [ 131.490833333333342, 33.130277777777778 ], [ 131.480555555555554, 33.1275 ], [ 131.479722222222222, 33.123055555555553 ], [ 131.469166666666666, 33.1225 ], [ 131.461944444444441, 33.113888888888887 ], [ 131.436666666666667, 33.100277777777777 ], [ 131.421388888888885, 33.081111111111113 ], [ 131.42083333333332, 33.073611111111113 ], [ 131.4125, 33.068055555555553 ], [ 131.406388888888898, 33.06861111111111 ], [ 131.401111111111106, 33.060277777777777 ], [ 131.414722222222224, 33.063333333333333 ], [ 131.421388888888885, 33.068888888888885 ], [ 131.425833333333344, 33.0675 ], [ 131.427777777777777, 33.070833333333333 ], [ 131.433888888888902, 33.066388888888888 ], [ 131.449166666666656, 33.071111111111108 ], [ 131.466388888888901, 33.072222222222223 ], [ 131.471944444444432, 33.069722222222225 ], [ 131.495833333333337, 33.076388888888886 ], [ 131.501944444444433, 33.086666666666666 ], [ 131.49666666666667, 33.0925 ], [ 131.506388888888893, 33.100277777777777 ], [ 131.51444444444445, 33.101111111111109 ], [ 131.515277777777783, 33.104166666666664 ], [ 131.511944444444453, 33.1125 ], [ 131.5025, 33.12166666666667 ], [ 131.504444444444431, 33.12638888888889 ], [ 131.490833333333342, 33.130277777777778 ] ] ] } },
{ "type": "Feature", "properties": { "id": "75", "name": "石手川", "area_km2": 0.36, "n_rain_in": 0 }, "geometry": { "type": "Polygon", "coordinates": [ [ [ 132.84, 33.87638888888889 ], [ 132.838888888888903, 33.871944444444445 ], [ 132.845277777777767, 33.866666666666667 ], [ 132.844166666666666, 33.875 ], [ 132.84, 33.87638888888889 ] ] ] } },
{ "type": "Feature", "properties": { "id": "76", "name": "野村", "area_km2": 168.67, "n_rain_in": 8 }, "geometry": { "type": "Polygon", "coordinates": [ [ [ 132.5725, 33.453611111111108 ], [ 132.563611111111101, 33.44638888888889 ], [ 132.564166666666665, 33.443055555555553 ], [ 132.55694444444444, 33.439166666666665 ], [ 132.55138888888888, 33.441388888888888 ], [ 132.531388888888898, 33.43888888888889 ], [ 132.529166666666669, 33.449722222222221 ], [ 132.515833333333347, 33.4525 ], [ 132.504444444444431, 33.450833333333335 ], [ 132.489166666666677, 33.443333333333335 ], [ 132.486944444444447, 33.435 ], [ 132.481944444444451, 33.431111111111115 ], [ 132.4825, 33.425555555555555 ], [ 132.475833333333327, 33.419166666666669 ], [ 132.482777777777784, 33.408055555555556 ], [ 132.464444444444439, 33.405277777777776 ], [ 132.449444444444453, 33.398611111111109 ], [ 132.450833333333321, 33.390555555555558 ], [ 132.446666666666658, 33.386388888888888 ], [ 132.458055555555546, 33.376944444444447 ], [ 132.45416666666668, 33.366666666666667 ], [ 132.470833333333331, 33.360555555555557 ], [ 132.470555555555563, 33.349444444444444 ], [ 132.496944444444438, 33.341944444444444 ], [ 132.496944444444438, 33.338611111111113 ], [ 132.506388888888893, 33.335 ], [ 132.525555555555542, 33.338611111111113 ], [ 132.534166666666664, 33.328888888888891 ], [ 132.55361111111111, 33.32416666666667 ], [ 132.574722222222221, 33.329444444444448 ], [ 132.599166666666662, 33.326111111111111 ], [ 132.605277777777786, 33.331388888888888 ], [ 132.629166666666663, 33.331111111111113 ], [ 132.631666666666661, 33.357777777777777 ], [ 132.620555555555569, 33.37166666666667 ], [ 132.619166666666672, 33.390555555555558 ], [ 132.615277777777777, 33.394166666666663 ], [ 132.615555555555545, 33.398333333333333 ], [ 132.602222222222224, 33.405833333333334 ], [ 132.5975, 33.431111111111115 ], [ 132.593888888888898, 33.435 ], [ 132.590277777777771, 33.434444444444445 ], [ 132.5725, 33.453611111111108 ] ] ] } },
{ "type": "Feature", "properties": { "id": "641", "name": "横瀬川", "area_km2": 11.55, "n_rain_in": 1 }, "geometry": { "type": "Polygon", "coordinates": [ [ [ 132.79583333333332, 33.044166666666669 ], [ 132.786666666666662, 33.038333333333334 ], [ 132.779722222222233, 33.043333333333337 ], [ 132.767777777777781, 33.043888888888887 ], [ 132.760555555555555, 33.040555555555557 ], [ 132.75888888888889, 33.036388888888887 ], [ 132.763333333333321, 33.035277777777779 ], [ 132.7675, 33.0275 ], [ 132.783055555555563, 33.023611111111109 ], [ 132.799444444444447, 33.01027777777778 ], [ 132.80472222222221, 33.01166666666667 ], [ 132.815277777777766, 33.006666666666668 ], [ 132.82138888888889, 33.016666666666666 ], [ 132.806111111111107, 33.026944444444446 ], [ 132.807222222222208, 33.035555555555554 ], [ 132.79583333333332, 33.044166666666669 ] ] ] } },
{ "type": "Feature", "properties": { "id": "111", "name": "早明浦", "area_km2": 415.18, "n_rain_in": 21 }, "geometry": { "type": "Polygon", "coordinates": [ [ [ 133.414722222222224, 33.84 ], [ 133.401111111111106, 33.836666666666666 ], [ 133.39166666666668, 33.824444444444445 ], [ 133.354722222222222, 33.834166666666668 ], [ 133.346388888888896, 33.825 ], [ 133.333611111111111, 33.82138888888889 ], [ 133.326666666666654, 33.814722222222223 ], [ 133.31, 33.816111111111113 ], [ 133.293611111111119, 33.828888888888891 ], [ 133.2775, 33.831111111111113 ], [ 133.2675, 33.823888888888888 ], [ 133.260833333333323, 33.81111111111111 ], [ 133.26111111111112, 33.800555555555555 ], [ 133.251388888888897, 33.788888888888891 ], [ 133.245555555555569, 33.788888888888891 ], [ 133.237222222222215, 33.782777777777781 ], [ 133.230277777777786, 33.783888888888889 ], [ 133.220277777777767, 33.780277777777776 ], [ 133.205833333333345, 33.794722222222219 ], [ 133.19305555555556, 33.794444444444444 ], [ 133.190277777777766, 33.783333333333331 ], [ 133.182222222222208, 33.771388888888886 ], [ 133.183055555555569, 33.766944444444448 ], [ 133.158055555555563, 33.75 ], [ 133.159444444444432, 33.733611111111109 ], [ 133.167777777777786, 33.727777777777774 ], [ 133.166111111111121, 33.719722222222224 ], [ 133.174166666666679, 33.7075 ], [ 133.206944444444446, 33.693333333333335 ], [ 133.211666666666673, 33.686388888888892 ], [ 133.25555555555556, 33.67861111111111 ], [ 133.266388888888883, 33.681111111111115 ], [ 133.283611111111099, 33.67861111111111 ], [ 133.294166666666655, 33.68277777777778 ], [ 133.305833333333339, 33.691944444444445 ], [ 133.313611111111101, 33.693333333333335 ], [ 133.320833333333326, 33.700555555555553 ], [ 133.3175, 33.706666666666663 ], [ 133.32361111111112, 33.717222222222219 ], [ 133.365277777777777, 33.728333333333332 ], [ 133.369722222222208, 33.725833333333334 ], [ 133.368888888888875, 33.718611111111109 ], [ 133.38055555555556, 33.713888888888889 ], [ 133.385, 33.7075 ], [ 133.383055555555558, 33.703055555555558 ], [ 133.393333333333345, 33.701666666666668 ], [ 133.399166666666673, 33.6975 ], [ 133.400555555555542, 33.69361111111111 ], [ 133.396388888888879, 33.684444444444445 ], [ 133.398333333333341, 33.680277777777775 ], [ 133.404722222222233, 33.685 ], [ 133.408055555555563, 33.683888888888887 ], [ 133.435, 33.693888888888885 ], [ 133.43416666666667, 33.708333333333336 ], [ 133.438055555555565, 33.710277777777776 ], [ 133.436111111111103, 33.717777777777776 ], [ 133.449444444444453, 33.724166666666669 ], [ 133.471944444444432, 33.746388888888887 ], [ 133.48888888888888, 33.75138888888889 ], [ 133.500833333333333, 33.73972222222222 ], [ 133.517777777777781, 33.7425 ], [ 133.521388888888879, 33.74583333333333 ], [ 133.5375, 33.74527777777778 ], [ 133.551944444444445, 33.755555555555553 ], [ 133.552222222222213, 33.760833333333331 ], [ 133.546666666666653, 33.766666666666666 ], [ 133.546111111111117, 33.772222222222226 ], [ 133.531388888888898, 33.783611111111114 ], [ 133.535277777777765, 33.793055555555554 ], [ 133.534444444444432, 33.805277777777775 ], [ 133.529166666666669, 33.808611111111112 ], [ 133.529722222222233, 33.814166666666665 ], [ 133.523055555555544, 33.823055555555555 ], [ 133.514722222222218, 33.826388888888886 ], [ 133.509166666666658, 33.835833333333333 ], [ 133.498611111111103, 33.828888888888891 ], [ 133.493611111111107, 33.832222222222221 ], [ 133.49, 33.831944444444446 ], [ 133.488611111111112, 33.831388888888888 ], [ 133.488055555555547, 33.830555555555556 ], [ 133.4875, 33.830555555555556 ], [ 133.4875, 33.830277777777781 ], [ 133.487222222222215, 33.830277777777781 ], [ 133.487222222222215, 33.83 ], [ 133.486944444444447, 33.83 ], [ 133.470833333333331, 33.836666666666666 ], [ 133.438055555555565, 33.833888888888886 ], [ 133.414722222222224, 33.84 ] ], [ [ 133.486666666666679, 33.829722222222223 ], [ 133.486944444444447, 33.83 ], [ 133.486944444444447, 33.829722222222223 ], [ 133.486666666666679, 33.829722222222223 ] ] ] } },
{ "type": "Feature", "properties": { "id": "116", "name": "富郷", "area_km2": 97.81, "n_rain_in": 3 }, "geometry": { "type": "MultiPolygon", "coordinates": [ [ [ [ 133.486944444444447, 33.83 ], [ 133.486666666666679, 33.829722222222223 ], [ 133.486666666666679, 33.83 ], [ 133.486944444444447, 33.83 ] ] ], [ [ [ 133.486944444444447, 33.83 ], [ 133.470833333333331, 33.836666666666666 ], [ 133.438055555555565, 33.833888888888886 ], [ 133.414722222222224, 33.84 ], [ 133.401111111111106, 33.836666666666666 ], [ 133.390833333333347, 33.824444444444445 ], [ 133.355833333333322, 33.834444444444443 ], [ 133.346388888888896, 33.825 ], [ 133.333611111111111, 33.82138888888889 ], [ 133.326666666666654, 33.814722222222223 ], [ 133.31, 33.816111111111113 ], [ 133.293611111111119, 33.828611111111108 ], [ 133.305833333333339, 33.835 ], [ 133.308888888888902, 33.846111111111114 ], [ 133.319722222222225, 33.8525 ], [ 133.318888888888893, 33.859722222222224 ], [ 133.332777777777778, 33.86472222222222 ], [ 133.339166666666671, 33.875555555555557 ], [ 133.354166666666657, 33.87972222222222 ], [ 133.371388888888902, 33.875277777777775 ], [ 133.384166666666658, 33.875833333333333 ], [ 133.386666666666656, 33.87972222222222 ], [ 133.395277777777778, 33.881944444444443 ], [ 133.398611111111109, 33.887222222222221 ], [ 133.423333333333346, 33.888055555555553 ], [ 133.438333333333333, 33.892222222222223 ], [ 133.443333333333328, 33.8875 ], [ 133.458888888888879, 33.888611111111111 ], [ 133.471388888888896, 33.881944444444443 ], [ 133.479166666666657, 33.884444444444448 ], [ 133.490277777777777, 33.879444444444445 ], [ 133.494722222222208, 33.861111111111114 ], [ 133.501944444444433, 33.858055555555552 ], [ 133.50888888888889, 33.844166666666666 ], [ 133.508055555555558, 33.835833333333333 ], [ 133.499722222222232, 33.829166666666666 ], [ 133.493611111111107, 33.832222222222221 ], [ 133.490833333333342, 33.832222222222221 ], [ 133.487222222222215, 33.83 ], [ 133.486944444444447, 33.83 ] ] ] ] } },
{ "type": "Feature", "properties": { "id": "80", "name": "長安口", "area_km2": 0.09, "n_rain_in": 0 }, "geometry": { "type": "Polygon", "coordinates": [ [ [ 134.366666666666674, 33.80833333333333 ], [ 134.36388888888888, 33.810277777777777 ], [ 134.363055555555547, 33.80777777777778 ], [ 134.366666666666674, 33.80833333333333 ] ] ] } },
{ "type": "Feature", "properties": { "id": "133", "name": "芦田川河口堰", "area_km2": null, "n_rain_in": 0 }, "geometry": { "type": "Polygon", "coordinates": [ [ [ 130.395277777777778, 34.444722222222225 ], [ 130.395, 34.444444444444443 ], [ 130.395277777777778, 34.444444444444443 ], [ 130.395277777777778, 34.444722222222225 ] ] ] } },
{ "type": "Feature", "properties": { "id": "65", "name": "島地川", "area_km2": 31.77, "n_rain_in": 3 }, "geometry": { "type": "Polygon", "coordinates": [ [ [ 131.759166666666658, 34.273611111111109 ], [ 131.754444444444431, 34.271666666666668 ], [ 131.753055555555562, 34.2625 ], [ 131.745555555555569, 34.260555555555555 ], [ 131.741388888888878, 34.255833333333335 ], [ 131.739444444444445, 34.24861111111111 ], [ 131.744722222222208, 34.244166666666665 ], [ 131.744166666666672, 34.238055555555555 ], [ 131.736388888888882, 34.228888888888889 ], [ 131.737777777777779, 34.224722222222219 ], [ 131.748611111111103, 34.221666666666664 ], [ 131.751111111111101, 34.213333333333331 ], [ 131.762777777777785, 34.201666666666668 ], [ 131.763888888888886, 34.193888888888885 ], [ 131.758611111111122, 34.189166666666665 ], [ 131.767222222222216, 34.185555555555553 ], [ 131.764166666666654, 34.181666666666665 ], [ 131.764722222222218, 34.172222222222224 ], [ 131.776944444444439, 34.167777777777779 ], [ 131.790833333333325, 34.176666666666669 ], [ 131.790555555555557, 34.183055555555555 ], [ 131.794444444444451, 34.188055555555557 ], [ 131.790833333333325, 34.191111111111113 ], [ 131.793611111111119, 34.1975 ], [ 131.790555555555557, 34.197222222222223 ], [ 131.791944444444454, 34.200833333333335 ], [ 131.789166666666659, 34.204722222222223 ], [ 131.795555555555552, 34.2075 ], [ 131.796666666666653, 34.219444444444441 ], [ 131.779444444444437, 34.220833333333331 ], [ 131.779166666666669, 34.227777777777774 ], [ 131.773055555555544, 34.237222222222222 ], [ 131.774722222222209, 34.241388888888892 ], [ 131.771666666666675, 34.24527777777778 ], [ 131.775, 34.25138888888889 ], [ 131.770555555555546, 34.256666666666668 ], [ 131.770833333333343, 34.263611111111111 ], [ 131.765555555555551, 34.270833333333336 ], [ 131.759166666666658, 34.273611111111109 ] ] ] } },
{ "type": "Feature", "properties": { "id": "64", "name": "土師", "area_km2": 304.3, "n_rain_in": 9 }, "geometry": { "type": "Polygon", "coordinates": [ [ [ 132.435, 34.820833333333333 ], [ 132.432777777777773, 34.8125 ], [ 132.420555555555552, 34.813611111111108 ], [ 132.424722222222215, 34.798888888888889 ], [ 132.414444444444456, 34.797777777777775 ], [ 132.399166666666673, 34.784444444444446 ], [ 132.398333333333341, 34.78 ], [ 132.38055555555556, 34.786388888888887 ], [ 132.375, 34.7775 ], [ 132.374444444444435, 34.766388888888891 ], [ 132.37833333333333, 34.761388888888888 ], [ 132.386666666666656, 34.760555555555555 ], [ 132.385, 34.755555555555553 ], [ 132.391944444444448, 34.7475 ], [ 132.399722222222209, 34.749722222222225 ], [ 132.398611111111109, 34.745555555555555 ], [ 132.402777777777771, 34.741666666666667 ], [ 132.401111111111106, 34.7325 ], [ 132.405833333333334, 34.721388888888889 ], [ 132.403055555555568, 34.718055555555559 ], [ 132.405, 34.71 ], [ 132.398611111111109, 34.703611111111108 ], [ 132.403333333333336, 34.69166666666667 ], [ 132.414166666666659, 34.694722222222225 ], [ 132.423611111111114, 34.69083333333333 ], [ 132.441388888888895, 34.691944444444445 ], [ 132.449166666666656, 34.68333333333333 ], [ 132.455833333333345, 34.683611111111112 ], [ 132.461666666666673, 34.678888888888892 ], [ 132.469444444444434, 34.681111111111115 ], [ 132.470833333333331, 34.67 ], [ 132.48333333333332, 34.660555555555554 ], [ 132.481111111111119, 34.655277777777776 ], [ 132.484166666666653, 34.651111111111113 ], [ 132.490833333333342, 34.6525 ], [ 132.491666666666674, 34.6475 ], [ 132.484166666666653, 34.643055555555556 ], [ 132.485, 34.63527777777778 ], [ 132.481944444444451, 34.632222222222225 ], [ 132.49, 34.623333333333335 ], [ 132.478888888888889, 34.607777777777777 ], [ 132.490833333333342, 34.606666666666669 ], [ 132.499444444444435, 34.601111111111109 ], [ 132.50222222222223, 34.594444444444441 ], [ 132.507222222222225, 34.594444444444441 ], [ 132.5125, 34.596666666666664 ], [ 132.519722222222214, 34.6075 ], [ 132.531666666666666, 34.609166666666667 ], [ 132.535277777777765, 34.61472222222222 ], [ 132.554444444444442, 34.6075 ], [ 132.556666666666672, 34.612222222222222 ], [ 132.57361111111112, 34.616666666666667 ], [ 132.575277777777785, 34.631666666666668 ], [ 132.588888888888903, 34.641111111111108 ], [ 132.6, 34.641944444444448 ], [ 132.601111111111123, 34.638611111111111 ], [ 132.607222222222219, 34.6375 ], [ 132.618333333333339, 34.638888888888886 ], [ 132.62277777777777, 34.643611111111113 ], [ 132.622222222222234, 34.651111111111113 ], [ 132.626388888888897, 34.656111111111109 ], [ 132.626388888888897, 34.670277777777777 ], [ 132.611111111111114, 34.673888888888889 ], [ 132.6075, 34.68472222222222 ], [ 132.600833333333327, 34.689444444444447 ], [ 132.588333333333338, 34.691388888888888 ], [ 132.588055555555542, 34.697222222222223 ], [ 132.575277777777785, 34.696944444444448 ], [ 132.575833333333321, 34.703611111111108 ], [ 132.588611111111106, 34.711388888888891 ], [ 132.588333333333338, 34.716944444444444 ], [ 132.591666666666669, 34.717777777777776 ], [ 132.593888888888898, 34.723611111111111 ], [ 132.586944444444441, 34.731944444444444 ], [ 132.591388888888901, 34.737222222222222 ], [ 132.59, 34.74527777777778 ], [ 132.582777777777778, 34.743333333333332 ], [ 132.576111111111118, 34.749166666666667 ], [ 132.566666666666663, 34.749722222222225 ], [ 132.569444444444457, 34.773888888888891 ], [ 132.550555555555547, 34.780555555555559 ], [ 132.549444444444447, 34.786666666666669 ], [ 132.538888888888891, 34.790555555555557 ], [ 132.5375, 34.795277777777777 ], [ 132.520277777777778, 34.803888888888892 ], [ 132.51111111111112, 34.801388888888887 ], [ 132.507222222222225, 34.796111111111109 ], [ 132.495277777777773, 34.801388888888887 ], [ 132.484722222222217, 34.797222222222224 ], [ 132.469166666666666, 34.803333333333335 ], [ 132.45416666666668, 34.800833333333337 ], [ 132.456944444444446, 34.807222222222222 ], [ 132.435, 34.820833333333333 ] ], [ [ 132.398055555555544, 34.750277777777775 ], [ 132.398333333333341, 34.750555555555557 ], [ 132.398333333333341, 34.750277777777775 ], [ 132.398055555555544, 34.750277777777775 ] ] ] } },
{ "type": "Feature", "properties": { "id": "66", "name": "弥栄", "area_km2": 0.02, "n_rain_in": 1 }, "geometry": { "type": "Polygon", "coordinates": [ [ [ 132.166666666666657, 34.235277777777775 ], [ 132.165, 34.235 ], [ 132.166111111111121, 34.234166666666667 ], [ 132.166666666666657, 34.235277777777775 ] ] ] } },
{ "type": "Feature", "properties": { "id": "68", "name": "温井", "area_km2": 0.01, "n_rain_in": 1 }, "geometry": { "type": "Polygon", "coordinates": [ [ [ 132.3025, 34.636111111111113 ], [ 132.303055555555545, 34.634722222222223 ], [ 132.30361111111111, 34.634722222222223 ], [ 132.3025, 34.636111111111113 ] ] ] } },
{ "type": "Feature", "properties": { "id": "134", "name": "高瀬堰", "area_km2": 0.3, "n_rain_in": 0 }, "geometry": { "type": "Polygon", "coordinates": [ [ [ 132.504166666666663, 34.475 ], [ 132.498888888888899, 34.471666666666664 ], [ 132.504444444444431, 34.467222222222219 ], [ 132.506666666666661, 34.4725 ], [ 132.504166666666663, 34.475 ] ] ] } },
{ "type": "Feature", "properties": { "id": "67", "name": "八田原", "area_km2": 0.08, "n_rain_in": 0 }, "geometry": { "type": "Polygon", "coordinates": [ [ [ 133.151666666666671, 34.585833333333333 ], [ 133.148055555555544, 34.583611111111111 ], [ 133.150833333333338, 34.5825 ], [ 133.151666666666671, 34.585833333333333 ] ] ] } },
{ "type": "Feature", "properties": { "id": "110", "name": "池田", "area_km2": 0.93, "n_rain_in": 1 }, "geometry": { "type": "Polygon", "coordinates": [ [ [ 133.81027777777777, 34.03 ], [ 133.7975, 34.030277777777776 ], [ 133.793333333333322, 34.023611111111109 ], [ 133.804166666666674, 34.023888888888891 ], [ 133.81027777777777, 34.03 ] ] ] } },
{ "type": "Feature", "properties": { "id": "135", "name": "旧吉野川河口堰", "area_km2": 0.1, "n_rain_in": 0 }, "geometry": { "type": "Polygon", "coordinates": [ [ [ 134.593055555555566, 34.140555555555558 ], [ 134.586666666666673, 34.139444444444443 ], [ 134.593055555555566, 34.139444444444443 ], [ 134.593055555555566, 34.140555555555558 ] ] ] } },
{ "type": "Feature", "properties": { "id": "62", "name": "猿谷", "area_km2": 0.66, "n_rain_in": 0 }, "geometry": { "type": "Polygon", "coordinates": [ [ [ 135.743333333333339, 34.176388888888887 ], [ 135.734722222222217, 34.173055555555557 ], [ 135.732777777777784, 34.169166666666669 ], [ 135.743888888888875, 34.169722222222219 ], [ 135.743333333333339, 34.176388888888887 ] ] ] } },
{ "type": "Feature", "properties": { "id": "56", "name": "蓮", "area_km2": 0.21, "n_rain_in": 0 }, "geometry": { "type": "Polygon", "coordinates": [ [ [ 136.2125, 34.3725 ], [ 136.212777777777774, 34.369722222222222 ], [ 136.216111111111104, 34.366666666666667 ], [ 136.2175, 34.371111111111112 ], [ 136.2125, 34.3725 ] ] ] } },
{ "type": "Feature", "properties": { "id": "105", "name": "青蓮寺", "area_km2": 0.03, "n_rain_in": 0 }, "geometry": { "type": "Polygon", "coordinates": [ [ [ 136.12277777777777, 34.606111111111112 ], [ 136.121388888888902, 34.604722222222222 ], [ 136.123055555555567, 34.605277777777779 ], [ 136.12277777777777, 34.606111111111112 ] ] ] } },
{ "type": "Feature", "properties": { "id": "106", "name": "高山", "area_km2": 0.04, "n_rain_in": 1 }, "geometry": { "type": "Polygon", "coordinates": [ [ [ 136.015, 34.75333333333333 ], [ 136.013055555555553, 34.751944444444447 ], [ 136.01444444444445, 34.751666666666665 ], [ 136.015, 34.75333333333333 ] ] ] } },
{ "type": "Feature", "properties": { "id": "115", "name": "比奈知", "area_km2": 0.02, "n_rain_in": 0 }, "geometry": { "type": "Polygon", "coordinates": [ [ [ 136.153333333333336, 34.612222222222222 ], [ 136.153888888888901, 34.61 ], [ 136.155277777777769, 34.609722222222224 ], [ 136.155555555555566, 34.610277777777775 ], [ 136.153333333333336, 34.612222222222222 ] ] ] } },
{ "type": "Feature", "properties": { "id": "63", "name": "菅沢", "area_km2": 0.09, "n_rain_in": 0 }, "geometry": { "type": "Polygon", "coordinates": [ [ [ 133.302222222222213, 35.203055555555558 ], [ 133.29805555555555, 35.201944444444443 ], [ 133.300833333333344, 35.200555555555553 ], [ 133.302222222222213, 35.203055555555558 ] ] ] } },
{ "type": "Feature", "properties": { "id": "73", "name": "殿", "area_km2": 38.17, "n_rain_in": 2 }, "geometry": { "type": "Polygon", "coordinates": [ [ [ 134.377777777777766, 35.500555555555557 ], [ 134.371944444444438, 35.492222222222225 ], [ 134.365277777777777, 35.48972222222222 ], [ 134.361111111111114, 35.483611111111109 ], [ 134.352777777777789, 35.481944444444444 ], [ 134.350555555555559, 35.477777777777774 ], [ 134.338611111111106, 35.479444444444447 ], [ 134.331944444444446, 35.476111111111109 ], [ 134.330277777777781, 35.463611111111113 ], [ 134.3325, 35.46 ], [ 134.329722222222216, 35.457222222222221 ], [ 134.3325, 35.451388888888886 ], [ 134.338333333333338, 35.451666666666668 ], [ 134.3475, 35.445277777777775 ], [ 134.364722222222213, 35.45 ], [ 134.371944444444438, 35.457222222222221 ], [ 134.385833333333323, 35.45 ], [ 134.4275, 35.451111111111111 ], [ 134.438055555555565, 35.455555555555556 ], [ 134.434444444444438, 35.471388888888889 ], [ 134.424722222222215, 35.486388888888889 ], [ 134.413888888888891, 35.49 ], [ 134.409166666666664, 35.486944444444447 ], [ 134.402777777777771, 35.487777777777779 ], [ 134.393888888888881, 35.500555555555557 ], [ 134.386388888888888, 35.498333333333335 ], [ 134.377777777777766, 35.500555555555557 ] ], [ [ 134.385277777777787, 35.451111111111111 ], [ 134.385555555555555, 35.451388888888886 ], [ 134.385555555555555, 35.451111111111111 ], [ 134.385277777777787, 35.451111111111111 ] ] ] } },
{ "type": "Feature", "properties": { "id": "109", "name": "日吉", "area_km2": 0.02, "n_rain_in": 1 }, "geometry": { "type": "Polygon", "coordinates": [ [ [ 135.519722222222214, 35.1475 ], [ 135.518888888888881, 35.148888888888891 ], [ 135.518333333333345, 35.1475 ], [ 135.519722222222214, 35.1475 ] ] ] } },
{ "type": "Feature", "properties": { "id": "60", "name": "九頭竜", "area_km2": 184.55, "n_rain_in": 3 }, "geometry": { "type": "Polygon", "coordinates": [ [ [ 136.768333333333345, 35.934444444444445 ], [ 136.76444444444445, 35.932222222222222 ], [ 136.763888888888886, 35.926388888888887 ], [ 136.75, 35.918333333333337 ], [ 136.749722222222232, 35.902222222222221 ], [ 136.741944444444442, 35.893611111111113 ], [ 136.730833333333322, 35.894722222222221 ], [ 136.728611111111121, 35.898888888888891 ], [ 136.720277777777767, 35.902222222222221 ], [ 136.699166666666656, 35.887222222222221 ], [ 136.684444444444438, 35.891111111111108 ], [ 136.666666666666657, 35.890277777777776 ], [ 136.649722222222209, 35.888055555555553 ], [ 136.643333333333345, 35.880555555555553 ], [ 136.651666666666671, 35.870555555555555 ], [ 136.652222222222235, 35.865555555555552 ], [ 136.641111111111115, 35.862777777777779 ], [ 136.635833333333323, 35.856944444444444 ], [ 136.636666666666656, 35.853888888888889 ], [ 136.626111111111101, 35.846944444444446 ], [ 136.625555555555565, 35.83 ], [ 136.627777777777766, 35.82277777777778 ], [ 136.635277777777787, 35.819166666666668 ], [ 136.6375, 35.81388888888889 ], [ 136.641944444444448, 35.813333333333333 ], [ 136.652777777777771, 35.798611111111114 ], [ 136.654444444444437, 35.785555555555554 ], [ 136.659444444444432, 35.783333333333331 ], [ 136.666388888888889, 35.785277777777779 ], [ 136.676666666666677, 35.793055555555554 ], [ 136.682222222222208, 35.789444444444442 ], [ 136.69, 35.789166666666667 ], [ 136.698888888888888, 35.794166666666669 ], [ 136.708611111111111, 35.791388888888889 ], [ 136.720833333333331, 35.800555555555555 ], [ 136.722777777777765, 35.808055555555555 ], [ 136.732777777777784, 35.806666666666665 ], [ 136.74222222222221, 35.801111111111112 ], [ 136.754722222222227, 35.809444444444445 ], [ 136.764166666666654, 35.810555555555553 ], [ 136.774166666666673, 35.806666666666665 ], [ 136.775555555555542, 35.798611111111114 ], [ 136.787777777777791, 35.798611111111114 ], [ 136.79583333333332, 35.808611111111112 ], [ 136.798333333333346, 35.81722222222222 ], [ 136.796944444444449, 35.828055555555558 ], [ 136.801666666666677, 35.843611111111109 ], [ 136.81583333333333, 35.8425 ], [ 136.829444444444448, 35.849444444444444 ], [ 136.832222222222214, 35.86 ], [ 136.826111111111118, 35.874166666666667 ], [ 136.818888888888893, 35.881388888888885 ], [ 136.82361111111112, 35.893055555555556 ], [ 136.819166666666661, 35.901111111111113 ], [ 136.816388888888895, 35.901111111111113 ], [ 136.81472222222223, 35.909722222222221 ], [ 136.79805555555555, 35.9175 ], [ 136.79805555555555, 35.920555555555552 ], [ 136.786388888888894, 35.921944444444442 ], [ 136.783611111111099, 35.927777777777777 ], [ 136.778055555555568, 35.927777777777777 ], [ 136.768333333333345, 35.934444444444445 ] ] ] } },
{ "type": "Feature", "properties": { "id": "61", "name": "真名川", "area_km2": 221.96, "n_rain_in": 7 }, "geometry": { "type": "Polygon", "coordinates": [ [ [ 136.538055555555559, 35.921388888888892 ], [ 136.52, 35.92 ], [ 136.515, 35.911666666666669 ], [ 136.502777777777766, 35.909444444444446 ], [ 136.485, 35.893611111111113 ], [ 136.478611111111121, 35.894166666666663 ], [ 136.463888888888903, 35.886111111111113 ], [ 136.451111111111118, 35.886944444444445 ], [ 136.444444444444457, 35.891388888888891 ], [ 136.44, 35.887222222222221 ], [ 136.43972222222223, 35.87777777777778 ], [ 136.433055555555569, 35.87222222222222 ], [ 136.436111111111103, 35.868611111111115 ], [ 136.427777777777777, 35.859166666666667 ], [ 136.435, 35.851111111111109 ], [ 136.431111111111107, 35.850277777777777 ], [ 136.43194444444444, 35.844722222222224 ], [ 136.423333333333346, 35.833888888888886 ], [ 136.428055555555545, 35.823333333333331 ], [ 136.422777777777782, 35.820833333333333 ], [ 136.42305555555555, 35.813055555555557 ], [ 136.433333333333337, 35.805277777777775 ], [ 136.431111111111107, 35.797777777777775 ], [ 136.4225, 35.793055555555554 ], [ 136.416111111111121, 35.782222222222224 ], [ 136.430555555555543, 35.775 ], [ 136.445555555555558, 35.773055555555558 ], [ 136.458611111111111, 35.779166666666669 ], [ 136.468611111111102, 35.772777777777776 ], [ 136.485, 35.775 ], [ 136.496944444444438, 35.765 ], [ 136.499444444444435, 35.755277777777778 ], [ 136.506388888888893, 35.750277777777775 ], [ 136.50777777777779, 35.756666666666668 ], [ 136.513611111111118, 35.762222222222221 ], [ 136.511944444444453, 35.772222222222226 ], [ 136.522777777777776, 35.788055555555559 ], [ 136.543888888888887, 35.778888888888886 ], [ 136.556111111111107, 35.781111111111109 ], [ 136.57138888888889, 35.7775 ], [ 136.585833333333341, 35.784166666666664 ], [ 136.585, 35.789722222222224 ], [ 136.589444444444439, 35.795555555555552 ], [ 136.599444444444458, 35.798611111111114 ], [ 136.611388888888882, 35.788611111111109 ], [ 136.621944444444438, 35.7875 ], [ 136.6275, 35.790555555555557 ], [ 136.626388888888897, 35.796666666666667 ], [ 136.638333333333321, 35.7975 ], [ 136.645277777777778, 35.809444444444445 ], [ 136.62722222222223, 35.823611111111113 ], [ 136.625833333333333, 35.847222222222221 ], [ 136.596388888888896, 35.846111111111114 ], [ 136.593888888888898, 35.853055555555557 ], [ 136.57916666666668, 35.851111111111109 ], [ 136.575277777777785, 35.860555555555557 ], [ 136.563333333333333, 35.868611111111115 ], [ 136.567777777777792, 35.888888888888886 ], [ 136.57694444444445, 35.901388888888889 ], [ 136.586944444444441, 35.903333333333336 ], [ 136.578888888888883, 35.909722222222221 ], [ 136.579444444444448, 35.914166666666667 ], [ 136.562222222222232, 35.919166666666669 ], [ 136.543888888888887, 35.916944444444447 ], [ 136.538055555555559, 35.921388888888892 ] ] ] } },
{ "type": "Feature", "properties": { "id": "118", "name": "徳山", "area_km2": 0.16, "n_rain_in": 0 }, "geometry": { "type": "Polygon", "coordinates": [ [ [ 136.50777777777779, 35.667222222222222 ], [ 136.500833333333333, 35.668055555555554 ], [ 136.5, 35.666111111111114 ], [ 136.50777777777779, 35.667222222222222 ] ] ] } },
{ "type": "Feature", "properties": { "id": "52", "name": "新豊根", "area_km2": 0.05, "n_rain_in": 0 }, "geometry": { "type": "MultiPolygon", "coordinates": [ [ [ [ 137.756944444444457, 35.126111111111108 ], [ 137.757222222222225, 35.125833333333333 ], [ 137.756944444444457, 35.125833333333333 ], [ 137.756944444444457, 35.126111111111108 ] ] ], [ [ [ 137.756388888888893, 35.126111111111108 ], [ 137.753055555555562, 35.126666666666665 ], [ 137.75222222222223, 35.12777777777778 ], [ 137.755, 35.12833333333333 ], [ 137.756388888888893, 35.126111111111108 ] ] ] ] } },
{ "type": "Feature", "properties": { "id": "53", "name": "矢作", "area_km2": 0.02, "n_rain_in": 0 }, "geometry": { "type": "Polygon", "coordinates": [ [ [ 137.417222222222222, 35.234722222222224 ], [ 137.415833333333325, 35.235833333333332 ], [ 137.416111111111121, 35.233888888888892 ], [ 137.417222222222222, 35.234722222222224 ] ] ] } },
{ "type": "Feature", "properties": { "id": "58", "name": "小里川", "area_km2": 55.6, "n_rain_in": 2 }, "geometry": { "type": "Polygon", "coordinates": [ [ [ 137.395555555555546, 35.3875 ], [ 137.395, 35.37916666666667 ], [ 137.386944444444453, 35.3825 ], [ 137.379166666666663, 35.381666666666668 ], [ 137.371944444444438, 35.368611111111115 ], [ 137.357222222222219, 35.368333333333332 ], [ 137.355, 35.364166666666669 ], [ 137.3425, 35.36333333333333 ], [ 137.339444444444439, 35.3575 ], [ 137.334722222222211, 35.359166666666667 ], [ 137.331111111111113, 35.353888888888889 ], [ 137.302222222222213, 35.336111111111109 ], [ 137.303888888888878, 35.318333333333335 ], [ 137.319722222222225, 35.311388888888892 ], [ 137.31583333333333, 35.301388888888887 ], [ 137.328055555555551, 35.304722222222225 ], [ 137.3375, 35.313611111111108 ], [ 137.341388888888901, 35.311666666666667 ], [ 137.344444444444434, 35.31666666666667 ], [ 137.353888888888889, 35.3175 ], [ 137.359166666666653, 35.32138888888889 ], [ 137.364166666666677, 35.319444444444443 ], [ 137.366388888888878, 35.324444444444445 ], [ 137.38277777777779, 35.333055555555553 ], [ 137.394166666666678, 35.332222222222221 ], [ 137.406388888888898, 35.326388888888886 ], [ 137.425, 35.329166666666666 ], [ 137.429444444444442, 35.326111111111111 ], [ 137.43194444444444, 35.335833333333333 ], [ 137.44638888888889, 35.339444444444446 ], [ 137.444722222222225, 35.346388888888889 ], [ 137.433888888888902, 35.345 ], [ 137.4225, 35.348888888888887 ], [ 137.42305555555555, 35.360277777777775 ], [ 137.415833333333325, 35.37 ], [ 137.405277777777769, 35.367222222222225 ], [ 137.405277777777769, 35.371111111111112 ], [ 137.4025, 35.370555555555555 ], [ 137.403611111111104, 35.3775 ], [ 137.395555555555546, 35.3875 ] ] ] } },
{ "type": "Feature", "properties": { "id": "101", "name": "岩屋", "area_km2": 0.08, "n_rain_in": 0 }, "geometry": { "type": "Polygon", "coordinates": [ [ [ 137.152777777777771, 35.7625 ], [ 137.153333333333336, 35.76 ], [ 137.158055555555563, 35.761111111111113 ], [ 137.1575, 35.761944444444445 ], [ 137.152777777777771, 35.7625 ] ] ] } },
{ "type": "Feature", "properties": { "id": "102", "name": "阿木川", "area_km2": 82.41, "n_rain_in": 4 }, "geometry": { "type": "MultiPolygon", "coordinates": [ [ [ [ 137.393333333333345, 35.409166666666664 ], [ 137.408333333333331, 35.419444444444444 ], [ 137.416111111111121, 35.418333333333337 ], [ 137.421666666666653, 35.423888888888889 ], [ 137.445, 35.42861111111111 ], [ 137.463055555555542, 35.41 ], [ 137.469722222222231, 35.4075 ], [ 137.479444444444454, 35.410277777777779 ], [ 137.48888888888888, 35.405277777777776 ], [ 137.495833333333337, 35.411944444444444 ], [ 137.504722222222227, 35.413611111111109 ], [ 137.529444444444437, 35.410555555555554 ], [ 137.534444444444432, 35.404722222222219 ], [ 137.546111111111117, 35.4025 ], [ 137.551944444444445, 35.405833333333334 ], [ 137.561944444444435, 35.405555555555559 ], [ 137.564166666666665, 35.401944444444446 ], [ 137.558333333333337, 35.396388888888886 ], [ 137.558055555555569, 35.389722222222225 ], [ 137.544166666666655, 35.384166666666665 ], [ 137.539722222222224, 35.37777777777778 ], [ 137.534444444444432, 35.3775 ], [ 137.529722222222233, 35.373055555555553 ], [ 137.524722222222209, 35.375833333333333 ], [ 137.509722222222223, 35.37361111111111 ], [ 137.4925, 35.363055555555555 ], [ 137.4825, 35.351111111111109 ], [ 137.472777777777765, 35.352777777777774 ], [ 137.453333333333347, 35.3475 ], [ 137.447777777777787, 35.3425 ], [ 137.441666666666663, 35.346944444444446 ], [ 137.425833333333344, 35.346111111111114 ], [ 137.421111111111117, 35.353888888888889 ], [ 137.42305555555555, 35.360277777777775 ], [ 137.416111111111121, 35.369722222222222 ], [ 137.405277777777769, 35.367222222222225 ], [ 137.405277777777769, 35.371111111111112 ], [ 137.4025, 35.370555555555555 ], [ 137.403888888888901, 35.376666666666665 ], [ 137.396111111111111, 35.386388888888888 ], [ 137.398055555555544, 35.3925 ], [ 137.394444444444446, 35.395555555555553 ], [ 137.397777777777776, 35.399722222222223 ], [ 137.393333333333345, 35.409166666666664 ] ] ], [ [ [ 137.393055555555549, 35.409166666666664 ], [ 137.392777777777781, 35.409444444444446 ], [ 137.393055555555549, 35.409444444444446 ], [ 137.393055555555549, 35.409166666666664 ] ] ] ] } },
{ "type": "Feature", "properties": { "id": "41", "name": "二瀬", "area_km2": 170.3, "n_rain_in": 5 }, "geometry": { "type": "Polygon", "coordinates": [ [ [ 138.797222222222217, 35.961944444444441 ], [ 138.781944444444434, 35.958333333333336 ], [ 138.774722222222209, 35.960833333333333 ], [ 138.753055555555562, 35.955555555555556 ], [ 138.746944444444438, 35.944722222222225 ], [ 138.738611111111112, 35.938611111111108 ], [ 138.738333333333344, 35.92861111111111 ], [ 138.728888888888889, 35.917222222222222 ], [ 138.728888888888889, 35.908888888888889 ], [ 138.732222222222219, 35.905 ], [ 138.758333333333326, 35.9025 ], [ 138.765555555555551, 35.898888888888891 ], [ 138.78, 35.899722222222223 ], [ 138.791111111111121, 35.891666666666666 ], [ 138.791944444444454, 35.875277777777775 ], [ 138.808333333333337, 35.87027777777778 ], [ 138.813333333333333, 35.8625 ], [ 138.828055555555551, 35.865833333333335 ], [ 138.833055555555546, 35.862222222222222 ], [ 138.845277777777767, 35.8675 ], [ 138.855555555555554, 35.865277777777777 ], [ 138.858888888888885, 35.8575 ], [ 138.869722222222208, 35.857222222222219 ], [ 138.877777777777766, 35.8475 ], [ 138.885833333333323, 35.847222222222221 ], [ 138.891944444444448, 35.839722222222221 ], [ 138.910833333333329, 35.852777777777774 ], [ 138.926666666666677, 35.848611111111111 ], [ 138.944166666666661, 35.854444444444447 ], [ 138.945, 35.868055555555557 ], [ 138.954444444444448, 35.874166666666667 ], [ 138.949166666666656, 35.889166666666668 ], [ 138.953333333333347, 35.904444444444444 ], [ 138.9425, 35.916944444444447 ], [ 138.926666666666677, 35.928333333333335 ], [ 138.926111111111112, 35.9325 ], [ 138.904444444444437, 35.948333333333331 ], [ 138.848055555555561, 35.95 ], [ 138.822777777777787, 35.953333333333333 ], [ 138.819444444444457, 35.957222222222221 ], [ 138.808333333333337, 35.959444444444443 ], [ 138.800833333333344, 35.956944444444446 ], [ 138.797222222222217, 35.961944444444441 ] ] ] } },
{ "type": "Feature", "properties": { "id": "50", "name": "美和", "area_km2": 0.04, "n_rain_in": 0 }, "geometry": { "type": "Polygon", "coordinates": [ [ [ 138.072222222222223, 35.813055555555557 ], [ 138.069722222222225, 35.810555555555553 ], [ 138.07027777777779, 35.810555555555553 ], [ 138.072222222222223, 35.813055555555557 ] ] ] } },
{ "type": "Feature", "properties": { "id": "57", "name": "長島", "area_km2": 534.13, "n_rain_in": 8 }, "geometry": { "type": "Polygon", "coordinates": [ [ [ 138.227777777777789, 35.645833333333336 ], [ 138.218333333333334, 35.644166666666663 ], [ 138.210833333333341, 35.634444444444448 ], [ 138.203333333333347, 35.631944444444443 ], [ 138.2025, 35.618333333333332 ], [ 138.206111111111113, 35.607777777777777 ], [ 138.19527777777779, 35.594722222222224 ], [ 138.194722222222225, 35.588333333333331 ], [ 138.188888888888897, 35.580555555555556 ], [ 138.19, 35.577222222222225 ], [ 138.183611111111105, 35.573055555555555 ], [ 138.177777777777777, 35.575 ], [ 138.1725, 35.581666666666663 ], [ 138.161944444444458, 35.581388888888888 ], [ 138.159166666666664, 35.574722222222221 ], [ 138.151666666666671, 35.570833333333333 ], [ 138.143055555555549, 35.555277777777775 ], [ 138.154444444444437, 35.553333333333335 ], [ 138.159166666666664, 35.545555555555552 ], [ 138.138333333333321, 35.521111111111111 ], [ 138.146388888888879, 35.518611111111113 ], [ 138.140555555555551, 35.503055555555555 ], [ 138.155277777777769, 35.495 ], [ 138.164722222222224, 35.494166666666665 ], [ 138.158611111111099, 35.487222222222222 ], [ 138.156666666666666, 35.478055555555557 ], [ 138.160277777777765, 35.4675 ], [ 138.155, 35.458888888888886 ], [ 138.141111111111115, 35.458888888888886 ], [ 138.132222222222225, 35.452777777777776 ], [ 138.121944444444438, 35.456388888888888 ], [ 138.119166666666672, 35.446944444444448 ], [ 138.124166666666667, 35.435833333333335 ], [ 138.120833333333337, 35.429444444444442 ], [ 138.139722222222218, 35.422777777777775 ], [ 138.134444444444455, 35.408611111111114 ], [ 138.144444444444446, 35.406111111111109 ], [ 138.153055555555568, 35.397777777777776 ], [ 138.151666666666671, 35.390833333333333 ], [ 138.144722222222214, 35.382777777777775 ], [ 138.140833333333347, 35.369166666666665 ], [ 138.129722222222227, 35.365 ], [ 138.12, 35.366944444444442 ], [ 138.096944444444432, 35.354166666666664 ], [ 138.094166666666666, 35.350833333333334 ], [ 138.096944444444432, 35.347222222222221 ], [ 138.096111111111099, 35.340555555555554 ], [ 138.087222222222209, 35.337777777777781 ], [ 138.082777777777778, 35.325277777777778 ], [ 138.097222222222229, 35.311666666666667 ], [ 138.098611111111097, 35.303888888888892 ], [ 138.113333333333344, 35.301944444444445 ], [ 138.115, 35.298055555555557 ], [ 138.126944444444433, 35.293055555555554 ], [ 138.1375, 35.283333333333331 ], [ 138.136944444444453, 35.27 ], [ 138.145555555555546, 35.263888888888886 ], [ 138.145, 35.256666666666668 ], [ 138.161111111111097, 35.256388888888885 ], [ 138.1675, 35.248888888888892 ], [ 138.161388888888894, 35.2325 ], [ 138.166666666666657, 35.223888888888887 ], [ 138.165555555555557, 35.216388888888886 ], [ 138.168333333333322, 35.213055555555556 ], [ 138.168611111111119, 35.204166666666666 ], [ 138.163055555555559, 35.19638888888889 ], [ 138.166388888888889, 35.1775 ], [ 138.161666666666662, 35.17 ], [ 138.155555555555566, 35.167222222222222 ], [ 138.154722222222233, 35.158333333333331 ], [ 138.183333333333337, 35.13666666666667 ], [ 138.195833333333326, 35.143888888888888 ], [ 138.209166666666675, 35.144444444444446 ], [ 138.220833333333331, 35.159166666666664 ], [ 138.231111111111119, 35.159722222222221 ], [ 138.238055555555547, 35.169722222222219 ], [ 138.239444444444445, 35.177777777777777 ], [ 138.245833333333337, 35.179444444444442 ], [ 138.257222222222225, 35.198333333333331 ], [ 138.263888888888886, 35.203888888888891 ], [ 138.275555555555542, 35.206666666666663 ], [ 138.279722222222233, 35.2125 ], [ 138.285277777777765, 35.2525 ], [ 138.2825, 35.265 ], [ 138.276111111111106, 35.271388888888886 ], [ 138.284444444444432, 35.279444444444444 ], [ 138.285555555555561, 35.304166666666667 ], [ 138.276111111111106, 35.3075 ], [ 138.270555555555546, 35.314166666666665 ], [ 138.25777777777779, 35.316388888888888 ], [ 138.254722222222227, 35.32 ], [ 138.255, 35.324444444444445 ], [ 138.249166666666667, 35.331944444444446 ], [ 138.256944444444457, 35.338888888888889 ], [ 138.251111111111101, 35.36333333333333 ], [ 138.232222222222219, 35.37083333333333 ], [ 138.236944444444447, 35.384444444444448 ], [ 138.246111111111105, 35.391388888888891 ], [ 138.246388888888902, 35.399722222222223 ], [ 138.258055555555558, 35.410555555555554 ], [ 138.259444444444455, 35.431944444444447 ], [ 138.25555555555556, 35.445 ], [ 138.248055555555567, 35.447222222222223 ], [ 138.244166666666672, 35.459444444444443 ], [ 138.255277777777792, 35.469444444444441 ], [ 138.26, 35.489166666666669 ], [ 138.260277777777787, 35.50611111111111 ], [ 138.268888888888881, 35.514444444444443 ], [ 138.263611111111118, 35.521388888888886 ], [ 138.263611111111118, 35.526666666666664 ], [ 138.257222222222225, 35.530555555555559 ], [ 138.260833333333323, 35.544166666666669 ], [ 138.259722222222223, 35.552777777777777 ], [ 138.2525, 35.555277777777775 ], [ 138.244166666666672, 35.563611111111108 ], [ 138.245277777777773, 35.570277777777775 ], [ 138.241666666666674, 35.5725 ], [ 138.239166666666677, 35.583888888888886 ], [ 138.243055555555543, 35.597777777777779 ], [ 138.240555555555545, 35.605 ], [ 138.235277777777782, 35.606944444444444 ], [ 138.236388888888882, 35.62222222222222 ], [ 138.228611111111121, 35.625 ], [ 138.231666666666655, 35.641388888888891 ], [ 138.227777777777789, 35.645833333333336 ] ] ] } },
{ "type": "Feature", "properties": { "id": "42", "name": "宮ヶ瀬", "area_km2": 0.03, "n_rain_in": 0 }, "geometry": { "type": "Polygon", "coordinates": [ [ [ 139.250833333333333, 35.544444444444444 ], [ 139.249722222222232, 35.544166666666669 ], [ 139.248611111111103, 35.543055555555554 ], [ 139.250833333333333, 35.544444444444444 ] ] ] } },
{ "type": "Feature", "properties": { "id": "114", "name": "浦山", "area_km2": 52.29, "n_rain_in": 4 }, "geometry": { "type": "Polygon", "coordinates": [ [ [ 139.049722222222215, 35.955555555555556 ], [ 139.043888888888887, 35.946944444444448 ], [ 139.045277777777784, 35.934444444444445 ], [ 139.039166666666659, 35.930555555555557 ], [ 139.038333333333327, 35.923333333333332 ], [ 139.030833333333334, 35.918055555555554 ], [ 139.031388888888898, 35.9075 ], [ 139.026111111111106, 35.904444444444444 ], [ 139.023888888888877, 35.897222222222226 ], [ 139.061666666666667, 35.873333333333335 ], [ 139.0725, 35.871388888888887 ], [ 139.076388888888886, 35.875 ], [ 139.0825, 35.875 ], [ 139.091388888888901, 35.86888888888889 ], [ 139.100555555555559, 35.867222222222225 ], [ 139.108055555555552, 35.872777777777777 ], [ 139.110833333333346, 35.882777777777775 ], [ 139.120833333333337, 35.895 ], [ 139.118611111111107, 35.902222222222221 ], [ 139.111666666666679, 35.907777777777781 ], [ 139.111944444444447, 35.921388888888892 ], [ 139.104722222222222, 35.923333333333332 ], [ 139.0975, 35.935 ], [ 139.078333333333347, 35.938611111111108 ], [ 139.073055555555555, 35.945277777777775 ], [ 139.049722222222215, 35.955555555555556 ] ] ] } },
{ "type": "Feature", "properties": { "id": "125", "name": "荒川調節池総合開発施設", "area_km2": 3.03, "n_rain_in": 0 }, "geometry": { "type": "Polygon", "coordinates": [ [ [ 139.621388888888902, 35.836944444444441 ], [ 139.61722222222221, 35.831388888888888 ], [ 139.623333333333335, 35.826111111111111 ], [ 139.625, 35.813333333333333 ], [ 139.637222222222221, 35.805277777777775 ], [ 139.6425, 35.805277777777775 ], [ 139.634722222222223, 35.81527777777778 ], [ 139.635277777777787, 35.823333333333331 ], [ 139.621388888888902, 35.836944444444441 ] ] ] } },
{ "type": "Feature", "properties": { "id": "127", "name": "霞ヶ浦開発総合", "area_km2": 30.11, "n_rain_in": 2 }, "geometry": { "type": "Polygon", "coordinates": [ [ [ 140.483055555555552, 35.957222222222221 ], [ 140.463055555555542, 35.956388888888888 ], [ 140.455277777777781, 35.94166666666667 ], [ 140.452222222222218, 35.944444444444443 ], [ 140.448055555555555, 35.94166666666667 ], [ 140.44, 35.942777777777778 ], [ 140.428055555555545, 35.93277777777778 ], [ 140.418611111111119, 35.931944444444447 ], [ 140.401944444444439, 35.936944444444443 ], [ 140.394166666666678, 35.93416666666667 ], [ 140.394166666666678, 35.930277777777775 ], [ 140.38611111111112, 35.928055555555552 ], [ 140.390555555555551, 35.918055555555554 ], [ 140.384444444444455, 35.916111111111114 ], [ 140.38388888888889, 35.912222222222219 ], [ 140.388333333333321, 35.909722222222221 ], [ 140.399722222222209, 35.9125 ], [ 140.422777777777782, 35.909722222222221 ], [ 140.451111111111118, 35.919166666666669 ], [ 140.464722222222235, 35.920555555555552 ], [ 140.494166666666672, 35.911111111111111 ], [ 140.485833333333346, 35.916666666666664 ], [ 140.482222222222219, 35.92722222222222 ], [ 140.483611111111117, 35.929722222222225 ], [ 140.486666666666679, 35.928055555555552 ], [ 140.489166666666677, 35.9325 ], [ 140.495277777777773, 35.931666666666665 ], [ 140.49666666666667, 35.93416666666667 ], [ 140.493888888888875, 35.935555555555553 ], [ 140.502777777777766, 35.950555555555553 ], [ 140.49666666666667, 35.951944444444443 ], [ 140.493611111111107, 35.949444444444445 ], [ 140.483055555555552, 35.957222222222221 ] ] ] } },
{ "type": "Feature", "properties": { "id": "44", "name": "手取川", "area_km2": 0.01, "n_rain_in": 0 }, "geometry": { "type": "Polygon", "coordinates": [ [ [ 136.641388888888883, 36.268333333333331 ], [ 136.64, 36.2675 ], [ 136.641944444444448, 36.2675 ], [ 136.641388888888883, 36.268333333333331 ] ] ] } },
{ "type": "Feature", "properties": { "id": "45", "name": "大町", "area_km2": 0.05, "n_rain_in": 0 }, "geometry": { "type": "Polygon", "coordinates": [ [ [ 137.779166666666669, 36.518888888888888 ], [ 137.778888888888901, 36.516944444444448 ], [ 137.781388888888898, 36.515833333333333 ], [ 137.779166666666669, 36.518888888888888 ] ] ] } },
{ "type": "Feature", "properties": { "id": "48", "name": "宇奈月", "area_km2": 609.35, "n_rain_in": 4 }, "geometry": { "type": "Polygon", "coordinates": [ [ [ 137.70416666666668, 36.908055555555556 ], [ 137.700555555555553, 36.905 ], [ 137.69527777777779, 36.906388888888891 ], [ 137.687777777777768, 36.896666666666668 ], [ 137.683055555555569, 36.895833333333336 ], [ 137.680555555555543, 36.884722222222223 ], [ 137.67638888888888, 36.882777777777775 ], [ 137.67638888888888, 36.8725 ], [ 137.664166666666659, 36.855555555555554 ], [ 137.658055555555563, 36.8575 ], [ 137.656944444444434, 36.854444444444447 ], [ 137.645833333333343, 36.850555555555559 ], [ 137.648888888888877, 36.841388888888886 ], [ 137.646388888888879, 36.828888888888891 ], [ 137.649444444444441, 36.823333333333331 ], [ 137.644166666666678, 36.816944444444445 ], [ 137.63944444444445, 36.813611111111108 ], [ 137.6325, 36.81722222222222 ], [ 137.619166666666672, 36.815 ], [ 137.609166666666653, 36.806944444444447 ], [ 137.6025, 36.811944444444443 ], [ 137.593055555555566, 36.809444444444445 ], [ 137.589166666666671, 36.811944444444443 ], [ 137.570833333333326, 36.793611111111112 ], [ 137.558888888888902, 36.773611111111109 ], [ 137.564166666666665, 36.761388888888888 ], [ 137.583611111111111, 36.753055555555555 ], [ 137.590833333333336, 36.738333333333337 ], [ 137.611388888888882, 36.726111111111109 ], [ 137.607777777777784, 36.713888888888889 ], [ 137.586944444444441, 36.698888888888888 ], [ 137.586111111111109, 36.689166666666665 ], [ 137.590833333333336, 36.68 ], [ 137.606944444444451, 36.666944444444447 ], [ 137.61388888888888, 36.655555555555559 ], [ 137.620555555555569, 36.653888888888886 ], [ 137.62722222222223, 36.639444444444443 ], [ 137.62, 36.63388888888889 ], [ 137.62277777777777, 36.627222222222223 ], [ 137.615, 36.621944444444445 ], [ 137.614166666666677, 36.6125 ], [ 137.608055555555552, 36.607222222222219 ], [ 137.61, 36.596111111111114 ], [ 137.617777777777775, 36.595555555555556 ], [ 137.621111111111105, 36.578611111111108 ], [ 137.61722222222221, 36.5725 ], [ 137.605833333333322, 36.56666666666667 ], [ 137.605833333333322, 36.551944444444445 ], [ 137.598055555555561, 36.544166666666669 ], [ 137.587222222222209, 36.541944444444447 ], [ 137.588055555555542, 36.536944444444444 ], [ 137.583611111111111, 36.532777777777781 ], [ 137.581388888888881, 36.520833333333336 ], [ 137.581944444444446, 36.507222222222225 ], [ 137.57361111111112, 36.505277777777778 ], [ 137.563055555555565, 36.491944444444442 ], [ 137.548333333333346, 36.483055555555552 ], [ 137.542777777777786, 36.4725 ], [ 137.543055555555554, 36.464722222222221 ], [ 137.509722222222223, 36.4425 ], [ 137.515, 36.430277777777775 ], [ 137.511666666666656, 36.423055555555557 ], [ 137.515277777777783, 36.411944444444444 ], [ 137.52, 36.406111111111109 ], [ 137.530833333333334, 36.403333333333336 ], [ 137.545, 36.39 ], [ 137.561388888888899, 36.386388888888888 ], [ 137.57027777777779, 36.388333333333335 ], [ 137.575555555555553, 36.393055555555556 ], [ 137.591666666666669, 36.389722222222225 ], [ 137.605, 36.402222222222221 ], [ 137.603611111111121, 36.410833333333336 ], [ 137.60833333333332, 36.419722222222219 ], [ 137.617777777777775, 36.418611111111112 ], [ 137.623055555555567, 36.423888888888889 ], [ 137.633333333333326, 36.425 ], [ 137.638055555555553, 36.43138888888889 ], [ 137.64, 36.445555555555558 ], [ 137.645, 36.454166666666666 ], [ 137.655277777777769, 36.459166666666668 ], [ 137.656666666666666, 36.470555555555556 ], [ 137.650833333333338, 36.48 ], [ 137.651388888888903, 36.488055555555555 ], [ 137.657222222222231, 36.492777777777775 ], [ 137.666944444444454, 36.494166666666665 ], [ 137.669444444444451, 36.51027777777778 ], [ 137.676944444444445, 36.514166666666668 ], [ 137.689166666666665, 36.513888888888886 ], [ 137.694166666666661, 36.510555555555555 ], [ 137.705277777777781, 36.517777777777781 ], [ 137.702777777777783, 36.524722222222223 ], [ 137.710277777777776, 36.535833333333336 ], [ 137.684722222222234, 36.537777777777777 ], [ 137.689444444444433, 36.55361111111111 ], [ 137.6875, 36.561944444444443 ], [ 137.693611111111125, 36.568888888888885 ], [ 137.713333333333338, 36.576944444444443 ], [ 137.724722222222226, 36.586666666666666 ], [ 137.7475, 36.586388888888891 ], [ 137.753055555555562, 36.593333333333334 ], [ 137.744166666666672, 36.6125 ], [ 137.74444444444444, 36.618333333333332 ], [ 137.7475, 36.625555555555557 ], [ 137.751944444444433, 36.626944444444447 ], [ 137.756388888888893, 36.647777777777776 ], [ 137.75333333333333, 36.657777777777781 ], [ 137.759166666666658, 36.660833333333336 ], [ 137.761666666666656, 36.666666666666664 ], [ 137.758333333333326, 36.675833333333337 ], [ 137.759444444444455, 36.685833333333335 ], [ 137.753888888888895, 36.6875 ], [ 137.756388888888893, 36.695555555555558 ], [ 137.75, 36.704166666666666 ], [ 137.752777777777766, 36.718888888888891 ], [ 137.750833333333333, 36.726666666666667 ], [ 137.755277777777792, 36.729444444444447 ], [ 137.754444444444431, 36.733611111111109 ], [ 137.758611111111122, 36.739166666666669 ], [ 137.751666666666665, 36.752222222222223 ], [ 137.762777777777785, 36.767777777777781 ], [ 137.760833333333323, 36.7725 ], [ 137.749722222222232, 36.779166666666669 ], [ 137.750277777777768, 36.791388888888889 ], [ 137.754444444444431, 36.796388888888892 ], [ 137.749166666666667, 36.804166666666667 ], [ 137.749166666666667, 36.81 ], [ 137.730277777777786, 36.825277777777778 ], [ 137.734444444444449, 36.830833333333331 ], [ 137.7325, 36.847222222222221 ], [ 137.735, 36.854444444444447 ], [ 137.730833333333322, 36.856944444444444 ], [ 137.734444444444449, 36.860277777777775 ], [ 137.732222222222219, 36.87361111111111 ], [ 137.715, 36.888611111111111 ], [ 137.713888888888903, 36.905555555555559 ], [ 137.70416666666668, 36.908055555555556 ] ] ] } },
{ "type": "Feature", "properties": { "id": "34", "name": "相俣", "area_km2": 111.48, "n_rain_in": 8 }, "geometry": { "type": "MultiPolygon", "coordinates": [ [ [ [ 138.911944444444458, 36.8275 ], [ 138.911666666666662, 36.820555555555558 ], [ 138.896666666666675, 36.812222222222225 ], [ 138.890277777777783, 36.8025 ], [ 138.913055555555559, 36.795 ], [ 138.913055555555559, 36.763333333333335 ], [ 138.918611111111119, 36.755833333333335 ], [ 138.917777777777786, 36.7525 ], [ 138.925555555555547, 36.74583333333333 ], [ 138.921666666666653, 36.740555555555552 ], [ 138.925, 36.733055555555552 ], [ 138.918611111111119, 36.735 ], [ 138.907777777777767, 36.728333333333332 ], [ 138.904166666666669, 36.718333333333334 ], [ 138.896388888888879, 36.717777777777776 ], [ 138.8925, 36.709722222222226 ], [ 138.88055555555556, 36.713888888888889 ], [ 138.875277777777768, 36.707777777777778 ], [ 138.862777777777779, 36.706666666666663 ], [ 138.843611111111102, 36.691111111111113 ], [ 138.826388888888886, 36.695833333333333 ], [ 138.821111111111122, 36.707777777777778 ], [ 138.802777777777777, 36.718888888888891 ], [ 138.7975, 36.735277777777775 ], [ 138.789444444444456, 36.74388888888889 ], [ 138.795277777777784, 36.758333333333333 ], [ 138.80694444444444, 36.765 ], [ 138.817777777777792, 36.761666666666663 ], [ 138.82694444444445, 36.772222222222226 ], [ 138.825, 36.776111111111113 ], [ 138.831111111111113, 36.794444444444444 ], [ 138.826666666666654, 36.799444444444447 ], [ 138.821666666666658, 36.817777777777778 ], [ 138.835555555555544, 36.81527777777778 ], [ 138.839722222222235, 36.8175 ], [ 138.855833333333322, 36.811666666666667 ], [ 138.876111111111101, 36.81861111111111 ], [ 138.881944444444457, 36.825833333333335 ], [ 138.911944444444458, 36.8275 ] ] ], [ [ [ 138.911944444444458, 36.828055555555558 ], [ 138.912222222222226, 36.828333333333333 ], [ 138.912222222222226, 36.828055555555558 ], [ 138.911944444444458, 36.828055555555558 ] ] ] ] } },
{ "type": "Feature", "properties": { "id": "36", "name": "品木", "area_km2": 30.94, "n_rain_in": 3 }, "geometry": { "type": "MultiPolygon", "coordinates": [ [ [ [ 138.531944444444434, 36.626944444444447 ], [ 138.531666666666666, 36.626666666666665 ], [ 138.531666666666666, 36.626944444444447 ], [ 138.531944444444434, 36.626944444444447 ] ] ], [ [ [ 138.531666666666666, 36.626944444444447 ], [ 138.531388888888898, 36.627222222222223 ], [ 138.531666666666666, 36.627222222222223 ], [ 138.531666666666666, 36.626944444444447 ] ] ], [ [ [ 138.531111111111102, 36.6275 ], [ 138.531388888888898, 36.627222222222223 ], [ 138.531111111111102, 36.627222222222223 ], [ 138.531111111111102, 36.6275 ] ] ], [ [ [ 138.531111111111102, 36.62777777777778 ], [ 138.530833333333334, 36.6275 ], [ 138.530833333333334, 36.62777777777778 ], [ 138.531111111111102, 36.62777777777778 ] ] ], [ [ [ 138.530833333333334, 36.62777777777778 ], [ 138.530555555555566, 36.628055555555555 ], [ 138.530833333333334, 36.628055555555555 ], [ 138.530833333333334, 36.62777777777778 ] ] ], [ [ [ 138.538055555555559, 36.663888888888891 ], [ 138.545277777777784, 36.655833333333334 ], [ 138.561388888888899, 36.653055555555554 ], [ 138.572777777777787, 36.644722222222221 ], [ 138.600833333333327, 36.648611111111109 ], [ 138.617777777777775, 36.644166666666663 ], [ 138.635277777777787, 36.635833333333331 ], [ 138.636388888888888, 36.627222222222223 ], [ 138.62833333333333, 36.62027777777778 ], [ 138.613611111111112, 36.618055555555557 ], [ 138.606111111111119, 36.62 ], [ 138.581944444444446, 36.613611111111112 ], [ 138.575833333333321, 36.61611111111111 ], [ 138.573888888888888, 36.613333333333337 ], [ 138.57027777777779, 36.6175 ], [ 138.5575, 36.615555555555552 ], [ 138.541388888888889, 36.62361111111111 ], [ 138.5325, 36.623888888888892 ], [ 138.536111111111097, 36.63388888888889 ], [ 138.523611111111109, 36.65 ], [ 138.530277777777769, 36.659444444444446 ], [ 138.538055555555559, 36.663888888888891 ] ] ] ] } },
{ "type": "Feature", "properties": { "id": "35", "name": "薗原", "area_km2": 491.96, "n_rain_in": 16 }, "geometry": { "type": "Polygon", "coordinates": [ [ [ 139.339722222222235, 36.929166666666667 ], [ 139.332777777777778, 36.924444444444447 ], [ 139.327777777777783, 36.925833333333337 ], [ 139.31805555555556, 36.916388888888889 ], [ 139.32, 36.908888888888889 ], [ 139.315555555555562, 36.906666666666666 ], [ 139.312777777777768, 36.906111111111109 ], [ 139.310833333333335, 36.9125 ], [ 139.303888888888878, 36.9175 ], [ 139.2925, 36.922777777777775 ], [ 139.286111111111097, 36.922222222222224 ], [ 139.275277777777774, 36.911666666666669 ], [ 139.276666666666671, 36.908333333333331 ], [ 139.267222222222216, 36.901388888888889 ], [ 139.26666666666668, 36.895555555555553 ], [ 139.260833333333323, 36.895833333333336 ], [ 139.254444444444431, 36.904444444444444 ], [ 139.235277777777782, 36.896388888888886 ], [ 139.212777777777774, 36.892777777777781 ], [ 139.207222222222214, 36.894444444444446 ], [ 139.188888888888897, 36.884166666666665 ], [ 139.179166666666674, 36.884722222222223 ], [ 139.172777777777782, 36.890277777777776 ], [ 139.153055555555568, 36.873333333333335 ], [ 139.1575, 36.862222222222222 ], [ 139.165277777777789, 36.865555555555552 ], [ 139.19527777777779, 36.856111111111112 ], [ 139.193611111111125, 36.850277777777777 ], [ 139.198055555555555, 36.841666666666669 ], [ 139.18972222222223, 36.834444444444443 ], [ 139.183611111111105, 36.837222222222223 ], [ 139.175555555555547, 36.835277777777776 ], [ 139.158333333333331, 36.82138888888889 ], [ 139.158888888888896, 36.814722222222223 ], [ 139.151111111111106, 36.8075 ], [ 139.13944444444445, 36.803888888888892 ], [ 139.143888888888881, 36.7925 ], [ 139.153333333333336, 36.786944444444444 ], [ 139.161944444444458, 36.775833333333331 ], [ 139.158055555555563, 36.766944444444448 ], [ 139.158611111111099, 36.757777777777775 ], [ 139.152777777777771, 36.753888888888888 ], [ 139.152777777777771, 36.744722222222222 ], [ 139.158333333333331, 36.74 ], [ 139.167222222222222, 36.744722222222222 ], [ 139.175833333333344, 36.742777777777775 ], [ 139.183611111111105, 36.734444444444442 ], [ 139.195, 36.733611111111109 ], [ 139.191944444444431, 36.730833333333337 ], [ 139.194722222222225, 36.726944444444442 ], [ 139.192777777777792, 36.714722222222221 ], [ 139.176111111111112, 36.708333333333336 ], [ 139.17638888888888, 36.703333333333333 ], [ 139.17972222222221, 36.703055555555558 ], [ 139.186666666666667, 36.693333333333335 ], [ 139.18416666666667, 36.685277777777777 ], [ 139.169722222222219, 36.672222222222224 ], [ 139.172777777777782, 36.661944444444444 ], [ 139.169444444444451, 36.644444444444446 ], [ 139.171666666666653, 36.637777777777778 ], [ 139.175277777777779, 36.636666666666663 ], [ 139.17861111111111, 36.640277777777776 ], [ 139.192222222222227, 36.643611111111113 ], [ 139.1975, 36.650833333333331 ], [ 139.2125, 36.650277777777781 ], [ 139.229166666666657, 36.656388888888891 ], [ 139.259722222222223, 36.644166666666663 ], [ 139.287777777777791, 36.656111111111109 ], [ 139.3025, 36.655555555555559 ], [ 139.30694444444444, 36.650555555555556 ], [ 139.327222222222218, 36.649444444444441 ], [ 139.32694444444445, 36.6575 ], [ 139.334722222222211, 36.665555555555557 ], [ 139.334444444444443, 36.674722222222222 ], [ 139.339444444444439, 36.678055555555552 ], [ 139.336944444444441, 36.69166666666667 ], [ 139.349444444444458, 36.700555555555553 ], [ 139.36055555555555, 36.713888888888889 ], [ 139.359722222222217, 36.716944444444444 ], [ 139.364722222222213, 36.719444444444441 ], [ 139.368055555555543, 36.741666666666667 ], [ 139.3725, 36.746388888888887 ], [ 139.355833333333322, 36.750555555555557 ], [ 139.355, 36.760555555555555 ], [ 139.350833333333327, 36.763333333333335 ], [ 139.354444444444454, 36.768888888888888 ], [ 139.353055555555557, 36.773888888888891 ], [ 139.359722222222217, 36.775 ], [ 139.366944444444442, 36.783611111111114 ], [ 139.383333333333326, 36.788611111111109 ], [ 139.391944444444448, 36.799444444444447 ], [ 139.388611111111118, 36.804444444444442 ], [ 139.393055555555549, 36.80916666666667 ], [ 139.391111111111115, 36.814722222222223 ], [ 139.406388888888898, 36.826666666666668 ], [ 139.400277777777774, 36.834166666666668 ], [ 139.391111111111115, 36.8325 ], [ 139.374166666666667, 36.838055555555556 ], [ 139.366666666666674, 36.841111111111111 ], [ 139.36388888888888, 36.847222222222221 ], [ 139.352777777777789, 36.848888888888887 ], [ 139.349166666666662, 36.852777777777774 ], [ 139.355555555555554, 36.858333333333334 ], [ 139.357777777777784, 36.865555555555552 ], [ 139.356666666666655, 36.878055555555555 ], [ 139.360833333333346, 36.874166666666667 ], [ 139.368611111111107, 36.8775 ], [ 139.374166666666667, 36.894722222222221 ], [ 139.393611111111113, 36.903055555555554 ], [ 139.395555555555546, 36.9075 ], [ 139.393333333333345, 36.910833333333336 ], [ 139.382222222222225, 36.911388888888887 ], [ 139.373055555555567, 36.918333333333337 ], [ 139.350833333333327, 36.916388888888889 ], [ 139.339722222222235, 36.929166666666667 ] ] ] } },
{ "type": "Feature", "properties": { "id": "38", "name": "川俣", "area_km2": 176.43, "n_rain_in": 6 }, "geometry": { "type": "Polygon", "coordinates": [ [ [ 139.483888888888885, 36.975833333333334 ], [ 139.471944444444432, 36.970833333333331 ], [ 139.46, 36.97 ], [ 139.4575, 36.954444444444448 ], [ 139.435, 36.94222222222222 ], [ 139.435, 36.93611111111111 ], [ 139.427222222222213, 36.924166666666665 ], [ 139.411666666666662, 36.927777777777777 ], [ 139.4, 36.921111111111109 ], [ 139.393333333333345, 36.911111111111111 ], [ 139.395833333333343, 36.905555555555559 ], [ 139.374166666666667, 36.894722222222221 ], [ 139.368611111111107, 36.8775 ], [ 139.360833333333346, 36.874166666666667 ], [ 139.356666666666655, 36.878055555555555 ], [ 139.357777777777784, 36.865555555555552 ], [ 139.355555555555554, 36.858333333333334 ], [ 139.349166666666662, 36.853055555555557 ], [ 139.351666666666659, 36.849722222222219 ], [ 139.36388888888888, 36.847222222222221 ], [ 139.366666666666674, 36.841111111111111 ], [ 139.391111111111115, 36.8325 ], [ 139.400277777777774, 36.834166666666668 ], [ 139.413055555555559, 36.828055555555558 ], [ 139.418611111111119, 36.828888888888891 ], [ 139.418055555555554, 36.831666666666663 ], [ 139.424722222222215, 36.835277777777776 ], [ 139.441944444444431, 36.8275 ], [ 139.455, 36.8275 ], [ 139.462222222222209, 36.818055555555553 ], [ 139.476944444444456, 36.814722222222223 ], [ 139.486388888888882, 36.818055555555553 ], [ 139.490555555555545, 36.8225 ], [ 139.490833333333342, 36.831111111111113 ], [ 139.503888888888895, 36.860277777777775 ], [ 139.512222222222221, 36.866666666666667 ], [ 139.517777777777781, 36.876111111111108 ], [ 139.537222222222226, 36.888888888888886 ], [ 139.536111111111097, 36.893333333333331 ], [ 139.539722222222224, 36.898611111111109 ], [ 139.538055555555559, 36.906944444444441 ], [ 139.540833333333325, 36.911388888888887 ], [ 139.533333333333331, 36.921666666666667 ], [ 139.536666666666662, 36.933888888888887 ], [ 139.519166666666678, 36.962222222222223 ], [ 139.504444444444431, 36.969444444444441 ], [ 139.493055555555543, 36.968055555555559 ], [ 139.483888888888885, 36.975833333333334 ] ] ] } },
{ "type": "Feature", "properties": { "id": "97", "name": "矢木沢", "area_km2": 0.24, "n_rain_in": 0 }, "geometry": { "type": "Polygon", "coordinates": [ [ [ 139.048611111111114, 36.902777777777779 ], [ 139.043333333333322, 36.899166666666666 ], [ 139.043611111111119, 36.8975 ], [ 139.05138888888888, 36.899166666666666 ], [ 139.048611111111114, 36.902777777777779 ] ] ] } },
{ "type": "Feature", "properties": { "id": "98", "name": "下久保", "area_km2": 0.09, "n_rain_in": 0 }, "geometry": { "type": "Polygon", "coordinates": [ [ [ 139.0225, 36.12777777777778 ], [ 139.021111111111111, 36.125 ], [ 139.019722222222214, 36.12361111111111 ], [ 139.023611111111109, 36.124166666666667 ], [ 139.0225, 36.12777777777778 ] ] ] } },
{ "type": "Feature", "properties": { "id": "99", "name": "草木", "area_km2": 0.06, "n_rain_in": 0 }, "geometry": { "type": "MultiPolygon", "coordinates": [ [ [ [ 139.375555555555565, 36.539722222222224 ], [ 139.375833333333333, 36.5425 ], [ 139.3775, 36.541388888888889 ], [ 139.375555555555565, 36.539722222222224 ] ] ], [ [ [ 139.373888888888899, 36.541944444444447 ], [ 139.373611111111103, 36.541666666666664 ], [ 139.373611111111103, 36.541944444444447 ], [ 139.373888888888899, 36.541944444444447 ] ] ], [ [ [ 139.373055555555567, 36.541944444444447 ], [ 139.37277777777777, 36.5425 ], [ 139.373611111111103, 36.541944444444447 ], [ 139.373055555555567, 36.541944444444447 ] ] ] ] } },
{ "type": "Feature", "properties": { "id": "100", "name": "奈良俣", "area_km2": 0.14, "n_rain_in": 0 }, "geometry": { "type": "MultiPolygon", "coordinates": [ [ [ [ 139.065, 36.863333333333337 ], [ 139.069444444444457, 36.86611111111111 ], [ 139.069166666666661, 36.861944444444447 ], [ 139.065, 36.863333333333337 ] ] ], [ [ [ 139.066111111111098, 36.86611111111111 ], [ 139.066388888888895, 36.866388888888892 ], [ 139.066388888888895, 36.86611111111111 ], [ 139.066111111111098, 36.86611111111111 ] ] ], [ [ [ 139.066111111111098, 36.866666666666667 ], [ 139.06583333333333, 36.866388888888892 ], [ 139.06583333333333, 36.866666666666667 ], [ 139.066111111111098, 36.866666666666667 ] ] ], [ [ [ 139.065555555555562, 36.866666666666667 ], [ 139.06583333333333, 36.866944444444442 ], [ 139.06583333333333, 36.866666666666667 ], [ 139.065555555555562, 36.866666666666667 ] ] ] ] } },
{ "type": "Feature", "properties": { "id": "141", "name": "渡良瀬遊水池総合開発施設", "area_km2": 13.62, "n_rain_in": 0 }, "geometry": { "type": "MultiPolygon", "coordinates": [ [ [ [ 139.685, 36.2025 ], [ 139.68527777777777, 36.202222222222225 ], [ 139.685, 36.202222222222225 ], [ 139.685, 36.2025 ] ] ], [ [ [ 139.693333333333328, 36.213333333333331 ], [ 139.68194444444444, 36.200833333333335 ], [ 139.675555555555547, 36.204166666666666 ], [ 139.66, 36.219722222222224 ], [ 139.657222222222231, 36.233611111111109 ], [ 139.651944444444439, 36.238611111111112 ], [ 139.654722222222233, 36.241666666666667 ], [ 139.651388888888903, 36.261111111111113 ], [ 139.656666666666666, 36.260555555555555 ], [ 139.679166666666674, 36.243333333333332 ], [ 139.685555555555567, 36.230555555555554 ], [ 139.693611111111125, 36.223055555555554 ], [ 139.693333333333328, 36.213333333333331 ] ] ] ] } },
{ "type": "Feature", "properties": { "id": "23", "name": "白川（直轄）", "area_km2": 0.11, "n_rain_in": 0 }, "geometry": { "type": "MultiPolygon", "coordinates": [ [ [ [ 139.925277777777779, 37.971666666666664 ], [ 139.928888888888878, 37.968055555555559 ], [ 139.92861111111111, 37.9675 ], [ 139.923333333333346, 37.968888888888891 ], [ 139.925277777777779, 37.971666666666664 ] ] ], [ [ [ 139.925, 37.971666666666664 ], [ 139.924722222222215, 37.971944444444446 ], [ 139.925, 37.971944444444446 ], [ 139.925, 37.971666666666664 ] ] ] ] } },
{ "type": "Feature", "properties": { "id": "28", "name": "三春", "area_km2": 227.64, "n_rain_in": 6 }, "geometry": { "type": "Polygon", "coordinates": [ [ [ 140.618611111111107, 37.481944444444444 ], [ 140.610277777777782, 37.458611111111111 ], [ 140.600555555555559, 37.460555555555558 ], [ 140.583333333333343, 37.454166666666666 ], [ 140.578333333333347, 37.454722222222223 ], [ 140.574166666666656, 37.467222222222219 ], [ 140.565, 37.463611111111113 ], [ 140.561666666666667, 37.4725 ], [ 140.556111111111107, 37.477222222222224 ], [ 140.547222222222217, 37.466111111111111 ], [ 140.546111111111117, 37.454444444444448 ], [ 140.538333333333327, 37.4525 ], [ 140.540277777777789, 37.444444444444443 ], [ 140.535833333333329, 37.442777777777778 ], [ 140.528055555555568, 37.445555555555558 ], [ 140.521111111111111, 37.439444444444447 ], [ 140.521944444444443, 37.43611111111111 ], [ 140.516944444444448, 37.430277777777775 ], [ 140.508611111111122, 37.430277777777775 ], [ 140.50555555555556, 37.43416666666667 ], [ 140.494722222222208, 37.4225 ], [ 140.488611111111112, 37.425 ], [ 140.481666666666655, 37.421388888888892 ], [ 140.476944444444456, 37.423055555555557 ], [ 140.478611111111121, 37.418611111111112 ], [ 140.471388888888896, 37.413333333333334 ], [ 140.473055555555561, 37.403888888888886 ], [ 140.478055555555557, 37.401666666666664 ], [ 140.477777777777789, 37.397777777777776 ], [ 140.469722222222231, 37.394444444444446 ], [ 140.469444444444434, 37.38 ], [ 140.477222222222224, 37.378611111111113 ], [ 140.476388888888891, 37.372777777777777 ], [ 140.479444444444454, 37.37027777777778 ], [ 140.4875, 37.37027777777778 ], [ 140.506388888888893, 37.360555555555557 ], [ 140.532777777777767, 37.375 ], [ 140.544166666666655, 37.374444444444443 ], [ 140.558888888888902, 37.365833333333335 ], [ 140.571111111111122, 37.366388888888892 ], [ 140.585555555555544, 37.351388888888891 ], [ 140.590555555555568, 37.353055555555557 ], [ 140.596944444444432, 37.346944444444446 ], [ 140.609166666666653, 37.349722222222219 ], [ 140.62166666666667, 37.342777777777776 ], [ 140.636944444444453, 37.342222222222219 ], [ 140.639166666666654, 37.344166666666666 ], [ 140.637222222222221, 37.348888888888887 ], [ 140.643055555555549, 37.352777777777774 ], [ 140.641111111111115, 37.359444444444442 ], [ 140.644166666666678, 37.363055555555555 ], [ 140.663055555555559, 37.367777777777775 ], [ 140.668055555555554, 37.365555555555552 ], [ 140.666111111111121, 37.361111111111114 ], [ 140.675833333333344, 37.346111111111114 ], [ 140.686111111111103, 37.346666666666664 ], [ 140.688611111111101, 37.352777777777774 ], [ 140.701666666666654, 37.354722222222222 ], [ 140.706388888888881, 37.365 ], [ 140.699166666666656, 37.369166666666665 ], [ 140.699722222222221, 37.374444444444443 ], [ 140.707222222222214, 37.378611111111113 ], [ 140.715555555555568, 37.389444444444443 ], [ 140.712777777777774, 37.393055555555556 ], [ 140.714722222222235, 37.397222222222226 ], [ 140.725833333333327, 37.400555555555556 ], [ 140.728611111111121, 37.405555555555559 ], [ 140.7225, 37.414722222222224 ], [ 140.724722222222226, 37.422777777777775 ], [ 140.70416666666668, 37.435555555555553 ], [ 140.701111111111118, 37.44777777777778 ], [ 140.691944444444431, 37.460833333333333 ], [ 140.693888888888893, 37.465277777777779 ], [ 140.687777777777768, 37.4675 ], [ 140.688333333333333, 37.472777777777779 ], [ 140.684722222222234, 37.476111111111109 ], [ 140.671111111111117, 37.479722222222222 ], [ 140.655, 37.470555555555556 ], [ 140.634722222222223, 37.468611111111109 ], [ 140.63277777777779, 37.478333333333332 ], [ 140.618611111111107, 37.481944444444444 ] ], [ [ 140.668055555555554, 37.365555555555552 ], [ 140.668333333333322, 37.365833333333335 ], [ 140.668333333333322, 37.365555555555552 ], [ 140.668055555555554, 37.365555555555552 ] ] ] } },
{ "type": "Feature", "properties": { "id": "30", "name": "摺上川", "area_km2": 0.02, "n_rain_in": 0 }, "geometry": { "type": "Polygon", "coordinates": [ [ [ 140.416111111111121, 37.925833333333337 ], [ 140.414722222222224, 37.925 ], [ 140.416666666666657, 37.925 ], [ 140.416111111111121, 37.925833333333337 ] ] ] } },
{ "type": "Feature", "properties": { "id": "22", "name": "釜房", "area_km2": 0.03, "n_rain_in": 0 }, "geometry": { "type": "Polygon", "coordinates": [ [ [ 140.699722222222221, 38.201111111111111 ], [ 140.698333333333323, 38.199722222222221 ], [ 140.699722222222221, 38.198333333333331 ], [ 140.699722222222221, 38.201111111111111 ] ] ] } },
{ "type": "Feature", "properties": { "id": "18", "name": "湯田", "area_km2": 0.02, "n_rain_in": 0 }, "geometry": { "type": "Polygon", "coordinates": [ [ [ 140.883611111111122, 39.302777777777777 ], [ 140.883055555555558, 39.301111111111112 ], [ 140.884444444444455, 39.301666666666669 ], [ 140.883611111111122, 39.302777777777777 ] ] ] } },
{ "type": "Feature", "properties": { "id": "19", "name": "石淵", "area_km2": 149.15, "n_rain_in": 2 }, "geometry": { "type": "Polygon", "coordinates": [ [ [ 140.808055555555569, 39.17861111111111 ], [ 140.802777777777777, 39.173888888888889 ], [ 140.789722222222224, 39.173611111111114 ], [ 140.784166666666664, 39.165277777777774 ], [ 140.774166666666673, 39.167777777777779 ], [ 140.759444444444455, 39.144722222222221 ], [ 140.752777777777766, 39.142777777777781 ], [ 140.749166666666667, 39.137777777777778 ], [ 140.751111111111101, 39.133333333333333 ], [ 140.758333333333326, 39.133611111111108 ], [ 140.77, 39.124444444444443 ], [ 140.76666666666668, 39.12027777777778 ], [ 140.756111111111125, 39.118055555555557 ], [ 140.75555555555556, 39.112777777777779 ], [ 140.763055555555553, 39.108611111111109 ], [ 140.752777777777766, 39.086111111111109 ], [ 140.769722222222214, 39.078888888888891 ], [ 140.779722222222233, 39.081944444444446 ], [ 140.793333333333322, 39.076944444444443 ], [ 140.802222222222213, 39.078055555555558 ], [ 140.803888888888878, 39.066944444444445 ], [ 140.798888888888882, 39.060555555555553 ], [ 140.81, 39.0575 ], [ 140.798888888888882, 39.044166666666669 ], [ 140.793611111111119, 39.041944444444447 ], [ 140.796388888888885, 39.036666666666669 ], [ 140.793055555555554, 39.032222222222224 ], [ 140.795277777777784, 39.029444444444444 ], [ 140.785277777777765, 39.019722222222221 ], [ 140.792222222222222, 39.015 ], [ 140.808611111111105, 39.013888888888886 ], [ 140.830555555555549, 39.023333333333333 ], [ 140.842777777777769, 39.021111111111111 ], [ 140.842222222222233, 39.025 ], [ 140.851111111111123, 39.035833333333336 ], [ 140.862222222222215, 39.039444444444442 ], [ 140.86055555555555, 39.043888888888887 ], [ 140.86388888888888, 39.046944444444442 ], [ 140.87, 39.043333333333337 ], [ 140.883333333333326, 39.044166666666669 ], [ 140.898611111111109, 39.051944444444445 ], [ 140.901111111111106, 39.058055555555555 ], [ 140.910277777777765, 39.06583333333333 ], [ 140.909166666666664, 39.073611111111113 ], [ 140.901388888888903, 39.078888888888891 ], [ 140.904444444444437, 39.115 ], [ 140.899722222222209, 39.125 ], [ 140.894444444444446, 39.129444444444445 ], [ 140.869722222222208, 39.1275 ], [ 140.865555555555545, 39.136944444444445 ], [ 140.859722222222217, 39.140833333333333 ], [ 140.850555555555559, 39.143055555555556 ], [ 140.846666666666664, 39.1475 ], [ 140.840833333333336, 39.144444444444446 ], [ 140.836944444444441, 39.148055555555558 ], [ 140.829722222222216, 39.1575 ], [ 140.828333333333347, 39.17 ], [ 140.824444444444453, 39.171111111111109 ], [ 140.825833333333321, 39.173055555555557 ], [ 140.822222222222223, 39.176666666666669 ], [ 140.808055555555569, 39.17861111111111 ] ], [ [ 140.86055555555555, 39.044166666666669 ], [ 140.860833333333346, 39.044444444444444 ], [ 140.860833333333346, 39.044166666666669 ], [ 140.86055555555555, 39.044166666666669 ] ] ] } },
{ "type": "Feature", "properties": { "id": "26", "name": "玉川（直轄）", "area_km2": 0.02, "n_rain_in": 1 }, "geometry": { "type": "Polygon", "coordinates": [ [ [ 140.640277777777783, 39.829444444444448 ], [ 140.638888888888886, 39.829166666666666 ], [ 140.637777777777785, 39.828055555555558 ], [ 140.640277777777783, 39.829444444444448 ] ] ] } },
{ "type": "Feature", "properties": { "id": "122", "name": "胆沢", "area_km2": 184.84, "n_rain_in": 3 }, "geometry": { "type": "Polygon", "coordinates": [ [ [ 140.8875, 39.18138888888889 ], [ 140.88, 39.175277777777779 ], [ 140.873888888888899, 39.174444444444447 ], [ 140.852222222222224, 39.176666666666669 ], [ 140.846944444444432, 39.170555555555552 ], [ 140.835, 39.165 ], [ 140.829444444444448, 39.166111111111114 ], [ 140.822222222222223, 39.176666666666669 ], [ 140.808055555555569, 39.17861111111111 ], [ 140.802777777777777, 39.173888888888889 ], [ 140.793888888888887, 39.175 ], [ 140.788333333333327, 39.1725 ], [ 140.784166666666664, 39.165277777777774 ], [ 140.774166666666673, 39.167777777777779 ], [ 140.759444444444455, 39.144722222222221 ], [ 140.749444444444435, 39.140277777777776 ], [ 140.751111111111101, 39.133333333333333 ], [ 140.758333333333326, 39.133611111111108 ], [ 140.77, 39.124444444444443 ], [ 140.76666666666668, 39.12027777777778 ], [ 140.756111111111125, 39.118055555555557 ], [ 140.75555555555556, 39.112777777777779 ], [ 140.763055555555553, 39.108611111111109 ], [ 140.752777777777766, 39.086111111111109 ], [ 140.769722222222214, 39.078888888888891 ], [ 140.779722222222233, 39.081944444444446 ], [ 140.793333333333322, 39.076944444444443 ], [ 140.801666666666677, 39.078333333333333 ], [ 140.803888888888878, 39.066944444444445 ], [ 140.798888888888882, 39.060555555555553 ], [ 140.81, 39.05777777777778 ], [ 140.798888888888882, 39.044166666666669 ], [ 140.793611111111119, 39.041944444444447 ], [ 140.796388888888885, 39.036666666666669 ], [ 140.793055555555554, 39.032222222222224 ], [ 140.795277777777784, 39.029444444444444 ], [ 140.785555555555561, 39.021666666666668 ], [ 140.787222222222226, 39.0175 ], [ 140.808611111111105, 39.013888888888886 ], [ 140.830555555555549, 39.023333333333333 ], [ 140.842777777777769, 39.021111111111111 ], [ 140.842222222222233, 39.025 ], [ 140.851111111111123, 39.035833333333336 ], [ 140.862222222222215, 39.039444444444442 ], [ 140.86055555555555, 39.043888888888887 ], [ 140.86388888888888, 39.046944444444442 ], [ 140.87, 39.043333333333337 ], [ 140.883333333333326, 39.044166666666669 ], [ 140.898611111111109, 39.051944444444445 ], [ 140.901111111111106, 39.058055555555555 ], [ 140.910277777777765, 39.06527777777778 ], [ 140.909166666666664, 39.073611111111113 ], [ 140.901388888888903, 39.078888888888891 ], [ 140.901111111111106, 39.089722222222221 ], [ 140.904722222222233, 39.096944444444446 ], [ 140.902222222222235, 39.100833333333334 ], [ 140.904444444444437, 39.108888888888892 ], [ 140.910833333333329, 39.108611111111109 ], [ 140.9225, 39.118055555555557 ], [ 140.92, 39.125833333333333 ], [ 140.915277777777789, 39.12833333333333 ], [ 140.921111111111117, 39.146666666666668 ], [ 140.918611111111119, 39.1625 ], [ 140.913611111111123, 39.170833333333334 ], [ 140.900555555555542, 39.171388888888892 ], [ 140.892222222222216, 39.181111111111115 ], [ 140.8875, 39.18138888888889 ] ], [ [ 140.904166666666669, 39.108888888888892 ], [ 140.904444444444437, 39.109166666666667 ], [ 140.904444444444437, 39.108888888888892 ], [ 140.904166666666669, 39.108888888888892 ] ], [ [ 140.86055555555555, 39.044166666666669 ], [ 140.860833333333346, 39.044444444444444 ], [ 140.860833333333346, 39.044166666666669 ], [ 140.86055555555555, 39.044166666666669 ] ] ] } },
{ "type": "Feature", "properties": { "id": "17", "name": "田瀬", "area_km2": 0.02, "n_rain_in": 1 }, "geometry": { "type": "Polygon", "coordinates": [ [ [ 141.317777777777792, 39.346944444444446 ], [ 141.31805555555556, 39.345277777777781 ], [ 141.319444444444457, 39.345 ], [ 141.317777777777792, 39.346944444444446 ] ] ] } },
{ "type": "Feature", "properties": { "id": "21", "name": "御所", "area_km2": 1.91, "n_rain_in": 1 }, "geometry": { "type": "Polygon", "coordinates": [ [ [ 141.018333333333345, 39.706666666666663 ], [ 141.010277777777787, 39.703611111111108 ], [ 141.004444444444431, 39.69083333333333 ], [ 141.011944444444453, 39.687222222222225 ], [ 141.02, 39.693888888888885 ], [ 141.023333333333341, 39.7025 ], [ 141.018333333333345, 39.706666666666663 ] ] ] } },
{ "type": "Feature", "properties": { "id": "25", "name": "浅瀬石川", "area_km2": 0.81, "n_rain_in": 0 }, "geometry": { "type": "Polygon", "coordinates": [ [ [ 140.708888888888879, 40.602222222222224 ], [ 140.705833333333345, 40.598888888888887 ], [ 140.695833333333326, 40.595277777777781 ], [ 140.711666666666673, 40.594444444444441 ], [ 140.715833333333336, 40.599444444444444 ], [ 140.708888888888879, 40.602222222222224 ] ] ] } },
{ "type": "Feature", "properties": { "id": "10", "name": "美利河", "area_km2": 0.3, "n_rain_in": 1 }, "geometry": { "type": "MultiPolygon", "coordinates": [ [ [ [ 140.21, 42.475 ], [ 140.2075, 42.469722222222224 ], [ 140.201111111111118, 42.4725 ], [ 140.21, 42.475 ] ] ], [ [ [ 140.211666666666673, 42.473055555555554 ], [ 140.211944444444441, 42.472777777777779 ], [ 140.211666666666673, 42.472777777777779 ], [ 140.211666666666673, 42.473055555555554 ] ] ] ] } },
{ "type": "Feature", "properties": { "id": "4", "name": "漁川", "area_km2": 113.03, "n_rain_in": 5 }, "geometry": { "type": "MultiPolygon", "coordinates": [ [ [ [ 141.276111111111106, 42.798055555555557 ], [ 141.276388888888903, 42.797777777777775 ], [ 141.276111111111106, 42.797777777777775 ], [ 141.276111111111106, 42.798055555555557 ] ] ], [ [ [ 141.276111111111106, 42.798333333333332 ], [ 141.275833333333338, 42.798055555555557 ], [ 141.275833333333338, 42.798333333333332 ], [ 141.276111111111106, 42.798333333333332 ] ] ], [ [ [ 141.275555555555542, 42.798611111111114 ], [ 141.271944444444443, 42.801944444444445 ], [ 141.275, 42.805277777777775 ], [ 141.271388888888879, 42.80972222222222 ], [ 141.243888888888875, 42.81527777777778 ], [ 141.234444444444449, 42.824166666666663 ], [ 141.239444444444445, 42.829166666666666 ], [ 141.24111111111111, 42.837777777777781 ], [ 141.248333333333335, 42.839722222222221 ], [ 141.256666666666661, 42.848611111111111 ], [ 141.256388888888893, 42.864444444444445 ], [ 141.279722222222233, 42.873888888888892 ], [ 141.286666666666662, 42.87361111111111 ], [ 141.29, 42.880833333333335 ], [ 141.2975, 42.885555555555555 ], [ 141.311111111111103, 42.885833333333331 ], [ 141.3175, 42.874444444444443 ], [ 141.333888888888879, 42.87 ], [ 141.356388888888887, 42.875555555555557 ], [ 141.37, 42.891388888888891 ], [ 141.393888888888881, 42.890833333333333 ], [ 141.395555555555546, 42.888333333333335 ], [ 141.42083333333332, 42.890555555555558 ], [ 141.43416666666667, 42.874722222222225 ], [ 141.430833333333339, 42.87 ], [ 141.433888888888902, 42.858611111111109 ], [ 141.449166666666656, 42.8475 ], [ 141.44861111111112, 42.842777777777776 ], [ 141.441388888888895, 42.839444444444446 ], [ 141.439166666666665, 42.832222222222221 ], [ 141.389166666666654, 42.819722222222225 ], [ 141.381666666666661, 42.820555555555558 ], [ 141.378611111111098, 42.814166666666665 ], [ 141.370277777777773, 42.80972222222222 ], [ 141.366666666666674, 42.801388888888887 ], [ 141.355277777777786, 42.80777777777778 ], [ 141.351111111111123, 42.805555555555557 ], [ 141.335833333333341, 42.811666666666667 ], [ 141.295555555555552, 42.814722222222223 ], [ 141.291666666666657, 42.814166666666665 ], [ 141.275555555555542, 42.798611111111114 ] ] ] ] } },
{ "type": "Feature", "properties": { "id": "5", "name": "豊平峡", "area_km2": 0.02, "n_rain_in": 0 }, "geometry": { "type": "MultiPolygon", "coordinates": [ [ [ [ 141.158333333333331, 42.910833333333336 ], [ 141.158055555555563, 42.910555555555554 ], [ 141.158055555555563, 42.910833333333336 ], [ 141.158333333333331, 42.910833333333336 ] ] ], [ [ [ 141.158333333333331, 42.910833333333336 ], [ 141.158611111111099, 42.9125 ], [ 141.16, 42.912777777777777 ], [ 141.159722222222229, 42.911944444444444 ], [ 141.158611111111099, 42.910833333333336 ], [ 141.158333333333331, 42.910833333333336 ] ] ] ] } },
{ "type": "Feature", "properties": { "id": "6", "name": "定山渓", "area_km2": 0.12, "n_rain_in": 1 }, "geometry": { "type": "Polygon", "coordinates": [ [ [ 141.155555555555566, 42.986111111111114 ], [ 141.15, 42.9875 ], [ 141.155277777777769, 42.984166666666667 ], [ 141.155555555555566, 42.986111111111114 ] ] ] } },
{ "type": "Feature", "properties": { "id": "11", "name": "二風谷", "area_km2": 0.02, "n_rain_in": 0 }, "geometry": { "type": "Polygon", "coordinates": [ [ [ 142.154166666666669, 42.626944444444447 ], [ 142.1525, 42.62638888888889 ], [ 142.155, 42.625833333333333 ], [ 142.154166666666669, 42.626944444444447 ] ] ] } },
{ "type": "Feature", "properties": { "id": "12", "name": "札内川", "area_km2": 0.3, "n_rain_in": 1 }, "geometry": { "type": "Polygon", "coordinates": [ [ [ 142.92638888888888, 42.596111111111114 ], [ 142.923611111111114, 42.5925 ], [ 142.922777777777782, 42.589166666666664 ], [ 142.931388888888875, 42.593333333333334 ], [ 142.92638888888888, 42.596111111111114 ] ] ] } },
{ "type": "Feature", "properties": { "id": "630", "name": "平取", "area_km2": 236.12, "n_rain_in": 3 }, "geometry": { "type": "Polygon", "coordinates": [ [ [ 142.568611111111125, 42.816388888888888 ], [ 142.535833333333329, 42.809444444444445 ], [ 142.533333333333331, 42.804166666666667 ], [ 142.509444444444455, 42.796111111111109 ], [ 142.509722222222223, 42.785277777777779 ], [ 142.501111111111101, 42.781944444444441 ], [ 142.496944444444438, 42.776388888888889 ], [ 142.460555555555544, 42.771944444444443 ], [ 142.450277777777785, 42.756666666666668 ], [ 142.430833333333339, 42.749444444444443 ], [ 142.420277777777784, 42.738611111111112 ], [ 142.408611111111099, 42.7425 ], [ 142.41, 42.730833333333337 ], [ 142.403055555555568, 42.729722222222222 ], [ 142.4025, 42.723888888888887 ], [ 142.394166666666678, 42.716388888888886 ], [ 142.394444444444446, 42.705277777777781 ], [ 142.39166666666668, 42.702222222222225 ], [ 142.395277777777778, 42.696666666666665 ], [ 142.384444444444455, 42.680277777777775 ], [ 142.415833333333325, 42.658333333333331 ], [ 142.431111111111107, 42.655833333333334 ], [ 142.447222222222223, 42.662222222222219 ], [ 142.455555555555549, 42.659722222222221 ], [ 142.462777777777774, 42.661666666666669 ], [ 142.474722222222226, 42.648333333333333 ], [ 142.4875, 42.646388888888886 ], [ 142.495, 42.634444444444448 ], [ 142.513611111111118, 42.633055555555558 ], [ 142.523333333333341, 42.635555555555555 ], [ 142.530833333333334, 42.631944444444443 ], [ 142.545555555555552, 42.639444444444443 ], [ 142.5425, 42.652222222222221 ], [ 142.547777777777782, 42.654444444444444 ], [ 142.550277777777779, 42.66 ], [ 142.542222222222222, 42.666388888888889 ], [ 142.549166666666679, 42.673888888888889 ], [ 142.545277777777784, 42.679166666666667 ], [ 142.54805555555555, 42.68333333333333 ], [ 142.545, 42.69083333333333 ], [ 142.552222222222213, 42.69361111111111 ], [ 142.550833333333344, 42.704722222222223 ], [ 142.5625, 42.706666666666663 ], [ 142.56583333333333, 42.720833333333331 ], [ 142.571666666666658, 42.727777777777774 ], [ 142.582222222222214, 42.727777777777774 ], [ 142.587222222222209, 42.735833333333332 ], [ 142.594444444444434, 42.737777777777779 ], [ 142.599444444444458, 42.735277777777775 ], [ 142.608611111111117, 42.737222222222222 ], [ 142.615833333333342, 42.725 ], [ 142.659166666666664, 42.727777777777774 ], [ 142.674166666666679, 42.724444444444444 ], [ 142.673888888888882, 42.720833333333331 ], [ 142.678055555555545, 42.718333333333334 ], [ 142.691944444444431, 42.725833333333334 ], [ 142.695, 42.738611111111112 ], [ 142.6875, 42.74388888888889 ], [ 142.686666666666667, 42.750555555555557 ], [ 142.658333333333331, 42.751111111111108 ], [ 142.643611111111113, 42.755 ], [ 142.642222222222216, 42.764166666666668 ], [ 142.63611111111112, 42.7725 ], [ 142.628611111111098, 42.772222222222226 ], [ 142.584166666666675, 42.791111111111114 ], [ 142.579444444444448, 42.80222222222222 ], [ 142.574722222222221, 42.805 ], [ 142.575833333333321, 42.80916666666667 ], [ 142.568611111111125, 42.816388888888888 ] ] ] } },
{ "type": "Feature", "properties": { "id": "15", "name": "留萌", "area_km2": 42.48, "n_rain_in": 2 }, "geometry": { "type": "Polygon", "coordinates": [ [ [ 141.748611111111103, 43.842222222222219 ], [ 141.7275, 43.8225 ], [ 141.724166666666662, 43.823333333333331 ], [ 141.716944444444437, 43.818055555555553 ], [ 141.703611111111115, 43.826388888888886 ], [ 141.695, 43.825 ], [ 141.69305555555556, 43.81583333333333 ], [ 141.698333333333323, 43.806111111111115 ], [ 141.699166666666656, 43.796111111111109 ], [ 141.707777777777778, 43.7925 ], [ 141.719722222222231, 43.795555555555552 ], [ 141.73333333333332, 43.788611111111109 ], [ 141.7425, 43.79 ], [ 141.741388888888878, 43.785277777777779 ], [ 141.748333333333335, 43.771666666666668 ], [ 141.760833333333323, 43.758055555555558 ], [ 141.769722222222214, 43.756388888888885 ], [ 141.775555555555542, 43.776111111111113 ], [ 141.770555555555546, 43.780277777777776 ], [ 141.771111111111111, 43.784444444444446 ], [ 141.804166666666674, 43.801111111111112 ], [ 141.80361111111111, 43.81111111111111 ], [ 141.806666666666672, 43.81583333333333 ], [ 141.798333333333346, 43.8225 ], [ 141.796111111111117, 43.829722222222223 ], [ 141.78, 43.826666666666668 ], [ 141.768888888888881, 43.836111111111109 ], [ 141.765833333333347, 43.835 ], [ 141.751944444444433, 43.838888888888889 ], [ 141.748611111111103, 43.842222222222219 ] ], [ [ 141.764166666666654, 43.835555555555558 ], [ 141.76444444444445, 43.835833333333333 ], [ 141.76444444444445, 43.835555555555558 ], [ 141.764166666666654, 43.835555555555558 ] ], [ [ 141.79805555555555, 43.822222222222223 ], [ 141.798333333333346, 43.8225 ], [ 141.798333333333346, 43.822222222222223 ], [ 141.79805555555555, 43.822222222222223 ] ] ] } },
{ "type": "Feature", "properties": { "id": "2", "name": "金山", "area_km2": 0.44, "n_rain_in": 1 }, "geometry": { "type": "Polygon", "coordinates": [ [ [ 142.43972222222223, 43.12833333333333 ], [ 142.430833333333339, 43.124722222222225 ], [ 142.43, 43.11888888888889 ], [ 142.44305555555556, 43.126111111111108 ], [ 142.43972222222223, 43.12833333333333 ] ] ] } },
{ "type": "Feature", "properties": { "id": "9", "name": "十勝", "area_km2": 0.06, "n_rain_in": 0 }, "geometry": { "type": "Polygon", "coordinates": [ [ [ 142.946666666666658, 43.242777777777775 ], [ 142.94305555555556, 43.242222222222225 ], [ 142.941944444444431, 43.240555555555552 ], [ 142.946666666666658, 43.242777777777775 ] ] ] } },
{ "type": "Feature", "properties": { "id": "14", "name": "忠別", "area_km2": 0.02, "n_rain_in": 0 }, "geometry": { "type": "MultiPolygon", "coordinates": [ [ [ [ 142.628611111111098, 43.626944444444447 ], [ 142.631388888888893, 43.6275 ], [ 142.628611111111098, 43.62638888888889 ], [ 142.628611111111098, 43.626944444444447 ] ] ], [ [ [ 142.629722222222227, 43.62777777777778 ], [ 142.63, 43.628055555555555 ], [ 142.63, 43.62777777777778 ], [ 142.629722222222227, 43.62777777777778 ] ] ], [ [ [ 142.629722222222227, 43.62833333333333 ], [ 142.629444444444431, 43.628055555555555 ], [ 142.629444444444431, 43.62833333333333 ], [ 142.629722222222227, 43.62833333333333 ] ] ], [ [ [ 142.629166666666663, 43.62833333333333 ], [ 142.629444444444431, 43.628611111111113 ], [ 142.629444444444431, 43.62833333333333 ], [ 142.629166666666663, 43.62833333333333 ] ] ] ] } },
{ "type": "Feature", "properties": { "id": "124", "name": "芦別", "area_km2": 0.1, "n_rain_in": 0 }, "geometry": { "type": "Polygon", "coordinates": [ [ [ 142.13388888888889, 43.286111111111111 ], [ 142.131666666666661, 43.283888888888889 ], [ 142.133055555555558, 43.281944444444441 ], [ 142.13611111111112, 43.283055555555556 ], [ 142.13388888888889, 43.286111111111111 ] ] ] } },
{ "type": "Feature", "properties": { "id": "8", "name": "鹿ノ子", "area_km2": 122.54, "n_rain_in": 4 }, "geometry": { "type": "Polygon", "coordinates": [ [ [ 143.292222222222222, 43.653611111111111 ], [ 143.280277777777769, 43.651111111111113 ], [ 143.275, 43.646111111111111 ], [ 143.2575, 43.646111111111111 ], [ 143.25333333333333, 43.640833333333333 ], [ 143.229444444444454, 43.640833333333333 ], [ 143.215, 43.6325 ], [ 143.188611111111101, 43.624722222222225 ], [ 143.180277777777775, 43.612777777777779 ], [ 143.187222222222232, 43.608055555555552 ], [ 143.174722222222215, 43.600833333333334 ], [ 143.173333333333346, 43.594722222222224 ], [ 143.18527777777777, 43.586388888888891 ], [ 143.183055555555569, 43.5825 ], [ 143.208055555555546, 43.584444444444443 ], [ 143.213055555555542, 43.575277777777778 ], [ 143.226111111111123, 43.574722222222221 ], [ 143.227777777777789, 43.571666666666665 ], [ 143.223888888888894, 43.568888888888885 ], [ 143.225833333333327, 43.562222222222225 ], [ 143.223611111111097, 43.556666666666665 ], [ 143.233055555555552, 43.551388888888887 ], [ 143.26111111111112, 43.55916666666667 ], [ 143.273055555555544, 43.553333333333335 ], [ 143.273888888888877, 43.561944444444443 ], [ 143.281388888888898, 43.566111111111113 ], [ 143.281944444444434, 43.57 ], [ 143.311111111111103, 43.579444444444448 ], [ 143.315277777777766, 43.586944444444441 ], [ 143.322777777777787, 43.587222222222223 ], [ 143.327777777777783, 43.582777777777778 ], [ 143.3475, 43.578888888888891 ], [ 143.354722222222222, 43.580277777777781 ], [ 143.357777777777784, 43.586666666666666 ], [ 143.364444444444445, 43.584444444444443 ], [ 143.384722222222223, 43.59 ], [ 143.39166666666668, 43.596666666666664 ], [ 143.388055555555553, 43.607777777777777 ], [ 143.405277777777769, 43.62 ], [ 143.403611111111104, 43.624166666666667 ], [ 143.396944444444443, 43.626944444444447 ], [ 143.365555555555545, 43.632222222222225 ], [ 143.358888888888885, 43.640555555555558 ], [ 143.350555555555559, 43.637777777777778 ], [ 143.3425, 43.640555555555558 ], [ 143.338611111111106, 43.6375 ], [ 143.336111111111109, 43.645277777777778 ], [ 143.317222222222227, 43.644722222222221 ], [ 143.292222222222222, 43.653611111111111 ] ] ] } },
{ "type": "Feature", "properties": { "id": "628", "name": "サンル", "area_km2": 179.28, "n_rain_in": 3 }, "geometry": { "type": "Polygon", "coordinates": [ [ [ 142.7, 44.483055555555552 ], [ 142.683333333333337, 44.473611111111111 ], [ 142.670555555555552, 44.455555555555556 ], [ 142.6575, 44.44916666666667 ], [ 142.653611111111104, 44.444722222222225 ], [ 142.655, 44.441388888888888 ], [ 142.65, 44.437222222222225 ], [ 142.626666666666665, 44.43472222222222 ], [ 142.606666666666655, 44.436666666666667 ], [ 142.590277777777771, 44.431666666666665 ], [ 142.583055555555546, 44.435 ], [ 142.558333333333337, 44.408888888888889 ], [ 142.566111111111098, 44.399444444444441 ], [ 142.585277777777776, 44.395555555555553 ], [ 142.595, 44.390277777777776 ], [ 142.606944444444451, 44.373888888888892 ], [ 142.619722222222208, 44.365555555555552 ], [ 142.621388888888902, 44.361388888888889 ], [ 142.626388888888897, 44.361388888888889 ], [ 142.634166666666658, 44.355 ], [ 142.632222222222225, 44.345833333333331 ], [ 142.64, 44.335 ], [ 142.634444444444455, 44.328333333333333 ], [ 142.6525, 44.320833333333333 ], [ 142.662222222222226, 44.32416666666667 ], [ 142.670555555555552, 44.318055555555553 ], [ 142.684444444444438, 44.318888888888885 ], [ 142.687222222222232, 44.328888888888891 ], [ 142.703055555555551, 44.341666666666669 ], [ 142.706944444444446, 44.359166666666667 ], [ 142.728888888888889, 44.37222222222222 ], [ 142.731388888888887, 44.380555555555553 ], [ 142.74, 44.385555555555555 ], [ 142.740277777777777, 44.3925 ], [ 142.750555555555565, 44.4075 ], [ 142.748333333333335, 44.414444444444442 ], [ 142.758333333333326, 44.4225 ], [ 142.76444444444445, 44.423611111111114 ], [ 142.7775, 44.418333333333337 ], [ 142.779444444444437, 44.4225 ], [ 142.812222222222232, 44.42722222222222 ], [ 142.827222222222218, 44.423888888888889 ], [ 142.837777777777774, 44.426944444444445 ], [ 142.84, 44.4325 ], [ 142.848611111111097, 44.438611111111108 ], [ 142.84, 44.446944444444448 ], [ 142.849166666666662, 44.461388888888891 ], [ 142.8275, 44.458333333333336 ], [ 142.821666666666658, 44.454722222222223 ], [ 142.809444444444438, 44.458611111111111 ], [ 142.790277777777789, 44.454166666666666 ], [ 142.7825, 44.461944444444441 ], [ 142.776666666666671, 44.460277777777776 ], [ 142.7675, 44.467222222222219 ], [ 142.758333333333326, 44.461388888888891 ], [ 142.758055555555558, 44.456944444444446 ], [ 142.748611111111103, 44.455 ], [ 142.739166666666677, 44.463333333333331 ], [ 142.732222222222219, 44.459444444444443 ], [ 142.720277777777767, 44.460833333333333 ], [ 142.718611111111102, 44.464166666666664 ], [ 142.721666666666664, 44.468055555555559 ], [ 142.716388888888901, 44.476111111111109 ], [ 142.709166666666675, 44.482777777777777 ], [ 142.7, 44.483055555555552 ] ] ] } },
{ "type": "Feature", "properties": { "id": "82", "name": "緑川", "area_km2": 356.99, "n_rain_in": 9 }, "geometry": { "type": "Polygon", "coordinates": [ [ [ 131.085277777777776, 32.790833333333332 ], [ 131.075, 32.795277777777777 ], [ 131.073888888888888, 32.791944444444447 ], [ 131.050277777777779, 32.789444444444442 ], [ 131.039444444444456, 32.783611111111114 ], [ 131.034166666666664, 32.784444444444446 ], [ 131.030555555555566, 32.789166666666667 ], [ 131.018333333333345, 32.786111111111111 ], [ 131.020833333333343, 32.768888888888888 ], [ 131.017777777777781, 32.768055555555556 ], [ 131.013055555555553, 32.755833333333335 ], [ 131.005277777777792, 32.749444444444443 ], [ 131.0, 32.73833333333333 ], [ 130.991944444444442, 32.7375 ], [ 130.98555555555555, 32.726666666666667 ], [ 130.971666666666664, 32.723611111111111 ], [ 130.970277777777767, 32.718333333333334 ], [ 130.96, 32.716111111111111 ], [ 130.958611111111111, 32.711666666666666 ], [ 130.964166666666671, 32.709722222222226 ], [ 130.965, 32.704166666666666 ], [ 130.968888888888898, 32.701944444444443 ], [ 130.968611111111102, 32.69222222222222 ], [ 130.965833333333336, 32.689444444444447 ], [ 130.965833333333336, 32.68138888888889 ], [ 130.959166666666675, 32.675 ], [ 130.954444444444448, 32.662222222222219 ], [ 130.946944444444455, 32.663611111111109 ], [ 130.939166666666665, 32.656666666666666 ], [ 130.930277777777775, 32.656111111111109 ], [ 130.924444444444447, 32.645833333333336 ], [ 130.917777777777786, 32.643333333333331 ], [ 130.918333333333322, 32.639722222222225 ], [ 130.904722222222233, 32.63666666666667 ], [ 130.908888888888896, 32.631944444444443 ], [ 130.908333333333331, 32.625833333333333 ], [ 130.93194444444444, 32.611666666666665 ], [ 130.936388888888899, 32.600277777777777 ], [ 130.951111111111118, 32.588888888888889 ], [ 130.948333333333323, 32.585 ], [ 130.950555555555553, 32.579166666666666 ], [ 130.957777777777778, 32.576666666666668 ], [ 130.971111111111099, 32.580277777777781 ], [ 130.987222222222215, 32.57138888888889 ], [ 131.000277777777768, 32.57 ], [ 131.011666666666656, 32.564166666666665 ], [ 131.010555555555555, 32.56 ], [ 131.019444444444446, 32.548888888888889 ], [ 131.023611111111109, 32.553333333333335 ], [ 131.038888888888891, 32.554444444444442 ], [ 131.040833333333325, 32.560555555555553 ], [ 131.0375, 32.56527777777778 ], [ 131.042222222222222, 32.57416666666667 ], [ 131.041388888888889, 32.579166666666666 ], [ 131.05138888888888, 32.587777777777781 ], [ 131.074444444444453, 32.585 ], [ 131.091111111111104, 32.578333333333333 ], [ 131.10833333333332, 32.581944444444446 ], [ 131.106111111111119, 32.589166666666664 ], [ 131.11388888888888, 32.591666666666669 ], [ 131.120555555555569, 32.605 ], [ 131.11611111111111, 32.609444444444442 ], [ 131.11611111111111, 32.621388888888887 ], [ 131.12, 32.62972222222222 ], [ 131.115833333333342, 32.634722222222223 ], [ 131.115555555555545, 32.6425 ], [ 131.123611111111103, 32.644444444444446 ], [ 131.126944444444433, 32.653888888888886 ], [ 131.135833333333323, 32.662222222222219 ], [ 131.134166666666658, 32.681944444444447 ], [ 131.14, 32.685 ], [ 131.1325, 32.692777777777778 ], [ 131.136388888888888, 32.696666666666665 ], [ 131.135833333333323, 32.705 ], [ 131.138611111111118, 32.707777777777778 ], [ 131.131944444444457, 32.716388888888886 ], [ 131.132222222222225, 32.734444444444442 ], [ 131.109166666666681, 32.766666666666666 ], [ 131.11, 32.776111111111113 ], [ 131.103055555555557, 32.781388888888891 ], [ 131.1025, 32.791111111111114 ], [ 131.092777777777769, 32.795277777777777 ], [ 131.085277777777776, 32.790833333333332 ] ] ] } },
{ "type": "Feature", "properties": { "id": "83", "name": "下筌", "area_km2": 181.65, "n_rain_in": 7 }, "geometry": { "type": "Polygon", "coordinates": [ [ [ 130.901666666666671, 33.189444444444447 ], [ 130.887777777777785, 33.187222222222225 ], [ 130.885277777777787, 33.176111111111112 ], [ 130.877777777777766, 33.174444444444447 ], [ 130.873611111111103, 33.168611111111112 ], [ 130.879722222222227, 33.1525 ], [ 130.870555555555569, 33.146666666666668 ], [ 130.86611111111111, 33.126666666666665 ], [ 130.859722222222217, 33.121388888888887 ], [ 130.861388888888882, 33.117222222222225 ], [ 130.853333333333325, 33.108888888888892 ], [ 130.840277777777771, 33.105277777777779 ], [ 130.84, 33.099444444444444 ], [ 130.845277777777767, 33.094166666666666 ], [ 130.861944444444447, 33.095833333333331 ], [ 130.866944444444442, 33.090833333333336 ], [ 130.876944444444433, 33.091944444444444 ], [ 130.886666666666656, 33.087222222222223 ], [ 130.890833333333347, 33.075555555555553 ], [ 130.896944444444443, 33.073055555555555 ], [ 130.897222222222211, 33.06527777777778 ], [ 130.906944444444434, 33.065 ], [ 130.916944444444454, 33.052777777777777 ], [ 130.935, 33.055 ], [ 130.938055555555565, 33.051666666666669 ], [ 130.947222222222223, 33.052777777777777 ], [ 130.959444444444443, 33.043333333333337 ], [ 130.971111111111099, 33.044722222222219 ], [ 130.979444444444454, 33.039166666666667 ], [ 130.981388888888887, 33.033611111111114 ], [ 130.995555555555569, 33.026111111111113 ], [ 131.003611111111098, 33.032777777777781 ], [ 131.004166666666663, 33.038611111111109 ], [ 131.0125, 33.043333333333337 ], [ 131.014166666666654, 33.050277777777779 ], [ 131.019166666666678, 33.049166666666665 ], [ 131.019722222222214, 33.055 ], [ 131.026944444444439, 33.059444444444445 ], [ 131.018611111111113, 33.068333333333335 ], [ 131.02, 33.073055555555555 ], [ 131.014166666666654, 33.0775 ], [ 131.023888888888877, 33.0875 ], [ 131.022222222222211, 33.091388888888886 ], [ 131.018055555555549, 33.091111111111111 ], [ 131.019722222222214, 33.100277777777777 ], [ 131.015555555555551, 33.111944444444447 ], [ 131.0175, 33.124722222222225 ], [ 131.001388888888897, 33.136388888888888 ], [ 131.003611111111098, 33.143888888888888 ], [ 131.00777777777779, 33.143333333333331 ], [ 131.009166666666658, 33.148055555555558 ], [ 131.013888888888886, 33.148333333333333 ], [ 131.005, 33.1525 ], [ 130.992777777777775, 33.153055555555554 ], [ 130.983611111111117, 33.161666666666669 ], [ 130.966111111111104, 33.166388888888889 ], [ 130.966388888888901, 33.169166666666669 ], [ 130.960555555555544, 33.169166666666669 ], [ 130.956666666666678, 33.173333333333332 ], [ 130.950833333333321, 33.169444444444444 ], [ 130.938888888888897, 33.174166666666665 ], [ 130.927777777777777, 33.172222222222224 ], [ 130.92861111111111, 33.177777777777777 ], [ 130.925277777777779, 33.181111111111115 ], [ 130.901666666666671, 33.189444444444447 ] ] ] } },
{ "type": "Feature", "properties": { "id": "77", "name": "大渡", "area_km2": 683.99, "n_rain_in": 21 }, "geometry": { "type": "Polygon", "coordinates": [ [ [ 133.107777777777784, 33.772777777777776 ], [ 133.101944444444456, 33.769166666666663 ], [ 133.100555555555559, 33.762222222222221 ], [ 133.084166666666675, 33.756388888888893 ], [ 133.073333333333323, 33.75888888888889 ], [ 133.058611111111105, 33.755 ], [ 133.031944444444434, 33.763611111111111 ], [ 133.010833333333323, 33.756388888888893 ], [ 132.99222222222221, 33.75888888888889 ], [ 132.9925, 33.752222222222223 ], [ 132.980555555555554, 33.73972222222222 ], [ 132.974166666666662, 33.744722222222222 ], [ 132.962222222222209, 33.7475 ], [ 132.953333333333347, 33.741666666666667 ], [ 132.953888888888883, 33.733611111111109 ], [ 132.9325, 33.733055555555552 ], [ 132.913888888888891, 33.726388888888891 ], [ 132.907777777777767, 33.728055555555557 ], [ 132.904722222222233, 33.724444444444444 ], [ 132.896388888888879, 33.723888888888887 ], [ 132.893611111111113, 33.719166666666666 ], [ 132.87833333333333, 33.722222222222221 ], [ 132.874722222222232, 33.727777777777774 ], [ 132.871388888888902, 33.721666666666664 ], [ 132.87166666666667, 33.713055555555556 ], [ 132.856111111111119, 33.703888888888891 ], [ 132.8525, 33.698611111111113 ], [ 132.853055555555557, 33.691388888888888 ], [ 132.848888888888894, 33.688611111111108 ], [ 132.833055555555546, 33.688333333333333 ], [ 132.821944444444455, 33.680555555555557 ], [ 132.825555555555553, 33.670833333333334 ], [ 132.831666666666678, 33.670277777777777 ], [ 132.835833333333341, 33.666111111111114 ], [ 132.831388888888881, 33.657222222222224 ], [ 132.835555555555544, 33.650833333333331 ], [ 132.831111111111113, 33.641388888888891 ], [ 132.8375, 33.640555555555558 ], [ 132.845277777777767, 33.63388888888889 ], [ 132.850833333333327, 33.634444444444448 ], [ 132.856944444444451, 33.62166666666667 ], [ 132.851666666666659, 33.610277777777775 ], [ 132.844444444444434, 33.607222222222219 ], [ 132.846666666666664, 33.594444444444441 ], [ 132.866388888888878, 33.588611111111113 ], [ 132.881944444444457, 33.591388888888886 ], [ 132.897222222222211, 33.588333333333331 ], [ 132.898611111111109, 33.580277777777781 ], [ 132.906388888888898, 33.575277777777778 ], [ 132.896666666666675, 33.570555555555558 ], [ 132.893611111111113, 33.563611111111108 ], [ 132.884722222222223, 33.55833333333333 ], [ 132.87, 33.554166666666667 ], [ 132.861388888888882, 33.556111111111115 ], [ 132.855277777777786, 33.5525 ], [ 132.855555555555554, 33.548055555555557 ], [ 132.8425, 33.550277777777779 ], [ 132.825, 33.538888888888891 ], [ 132.831666666666678, 33.535 ], [ 132.839444444444439, 33.521666666666668 ], [ 132.843333333333334, 33.521944444444443 ], [ 132.846666666666664, 33.511388888888888 ], [ 132.865833333333342, 33.50416666666667 ], [ 132.864166666666677, 33.490277777777777 ], [ 132.869722222222208, 33.488888888888887 ], [ 132.878055555555562, 33.479166666666664 ], [ 132.876666666666665, 33.471944444444446 ], [ 132.890277777777783, 33.473333333333336 ], [ 132.916388888888889, 33.4675 ], [ 132.940277777777766, 33.472222222222221 ], [ 132.951388888888886, 33.466666666666669 ], [ 132.960555555555544, 33.466388888888886 ], [ 133.015833333333347, 33.481111111111112 ], [ 133.048888888888882, 33.475555555555559 ], [ 133.068611111111125, 33.485277777777775 ], [ 133.06805555555556, 33.490555555555552 ], [ 133.075277777777785, 33.491666666666667 ], [ 133.079444444444448, 33.505277777777778 ], [ 133.100833333333327, 33.509722222222223 ], [ 133.101944444444456, 33.525833333333331 ], [ 133.113611111111112, 33.536944444444444 ], [ 133.114444444444445, 33.542222222222222 ], [ 133.123055555555567, 33.548333333333332 ], [ 133.120833333333337, 33.552777777777777 ], [ 133.108055555555552, 33.554166666666667 ], [ 133.101111111111123, 33.558611111111112 ], [ 133.081944444444446, 33.55833333333333 ], [ 133.06805555555556, 33.563333333333333 ], [ 133.061944444444435, 33.561666666666667 ], [ 133.046388888888885, 33.576666666666668 ], [ 133.05694444444444, 33.596111111111114 ], [ 133.07, 33.600833333333334 ], [ 133.078888888888883, 33.608611111111109 ], [ 133.07916666666668, 33.611666666666665 ], [ 133.067222222222227, 33.621111111111112 ], [ 133.074722222222221, 33.650277777777781 ], [ 133.090277777777771, 33.657777777777781 ], [ 133.106944444444451, 33.656666666666666 ], [ 133.116388888888878, 33.66 ], [ 133.121388888888902, 33.673888888888889 ], [ 133.12, 33.690555555555555 ], [ 133.125833333333333, 33.698611111111113 ], [ 133.144722222222214, 33.704722222222223 ], [ 133.139722222222218, 33.715833333333336 ], [ 133.160833333333329, 33.731666666666669 ], [ 133.157222222222231, 33.750833333333333 ], [ 133.135555555555555, 33.760555555555555 ], [ 133.133611111111122, 33.764722222222225 ], [ 133.116666666666674, 33.766388888888891 ], [ 133.107777777777784, 33.772777777777776 ] ], [ [ 132.893611111111113, 33.718888888888891 ], [ 132.893888888888881, 33.719166666666666 ], [ 132.893888888888881, 33.718888888888891 ], [ 132.893611111111113, 33.718888888888891 ] ], [ [ 132.834444444444443, 33.544444444444444 ], [ 132.834722222222211, 33.544722222222219 ], [ 132.834722222222211, 33.544444444444444 ], [ 132.834444444444443, 33.544444444444444 ] ] ] } },
{ "type": "Feature", "properties": { "id": "70", "name": "灰塚", "area_km2": 211.64, "n_rain_in": 9 }, "geometry": { "type": "Polygon", "coordinates": [ [ [ 133.134444444444455, 34.851944444444442 ], [ 133.134166666666658, 34.848611111111111 ], [ 133.129444444444431, 34.849444444444444 ], [ 133.126944444444433, 34.844722222222224 ], [ 133.106388888888887, 34.84 ], [ 133.105277777777786, 34.826111111111111 ], [ 133.096388888888896, 34.825833333333335 ], [ 133.091944444444437, 34.816944444444445 ], [ 133.086388888888877, 34.818333333333335 ], [ 133.0775, 34.81111111111111 ], [ 133.063888888888897, 34.808888888888887 ], [ 133.062222222222232, 34.80083333333333 ], [ 133.056388888888875, 34.798611111111114 ], [ 133.052777777777777, 34.791388888888889 ], [ 133.047777777777782, 34.793611111111112 ], [ 133.039166666666659, 34.788055555555559 ], [ 133.032222222222231, 34.793611111111112 ], [ 133.027222222222235, 34.793611111111112 ], [ 133.027222222222235, 34.796944444444442 ], [ 133.019444444444446, 34.798611111111114 ], [ 133.012222222222221, 34.782222222222224 ], [ 132.986111111111114, 34.781944444444441 ], [ 132.985277777777782, 34.769722222222221 ], [ 132.989166666666677, 34.756944444444443 ], [ 133.003611111111098, 34.750277777777775 ], [ 133.00777777777779, 34.74 ], [ 133.018333333333345, 34.735833333333332 ], [ 133.016111111111115, 34.726944444444442 ], [ 133.016944444444448, 34.723611111111111 ], [ 133.02, 34.723888888888887 ], [ 133.019444444444446, 34.717777777777776 ], [ 133.029444444444437, 34.713888888888889 ], [ 133.029444444444437, 34.706944444444446 ], [ 133.021111111111111, 34.699444444444445 ], [ 133.023611111111109, 34.69638888888889 ], [ 133.019722222222214, 34.688611111111108 ], [ 133.036666666666662, 34.68277777777778 ], [ 133.039166666666659, 34.671944444444442 ], [ 133.033333333333331, 34.668888888888887 ], [ 133.040277777777789, 34.665 ], [ 133.036388888888894, 34.660833333333336 ], [ 133.038055555555559, 34.656666666666666 ], [ 133.042777777777786, 34.655277777777776 ], [ 133.058611111111105, 34.66 ], [ 133.063888888888897, 34.654444444444444 ], [ 133.070555555555558, 34.660555555555554 ], [ 133.07694444444445, 34.661111111111111 ], [ 133.083611111111111, 34.657222222222224 ], [ 133.085833333333341, 34.662222222222219 ], [ 133.084166666666675, 34.6725 ], [ 133.086111111111109, 34.676666666666669 ], [ 133.091944444444437, 34.67861111111111 ], [ 133.093888888888898, 34.689444444444447 ], [ 133.108055555555552, 34.69638888888889 ], [ 133.113611111111112, 34.6925 ], [ 133.140833333333319, 34.691388888888888 ], [ 133.14, 34.695277777777775 ], [ 133.146666666666675, 34.698333333333331 ], [ 133.148055555555544, 34.709166666666668 ], [ 133.155277777777769, 34.709444444444443 ], [ 133.154722222222233, 34.713888888888889 ], [ 133.164444444444456, 34.716666666666669 ], [ 133.166111111111121, 34.723333333333336 ], [ 133.158611111111099, 34.728611111111114 ], [ 133.166111111111121, 34.740277777777777 ], [ 133.162222222222226, 34.74861111111111 ], [ 133.166111111111121, 34.75277777777778 ], [ 133.166111111111121, 34.768611111111113 ], [ 133.174722222222215, 34.777222222222221 ], [ 133.170555555555552, 34.784722222222221 ], [ 133.152777777777771, 34.7875 ], [ 133.154722222222233, 34.798611111111114 ], [ 133.158055555555563, 34.801666666666669 ], [ 133.155, 34.803333333333335 ], [ 133.157777777777767, 34.810277777777777 ], [ 133.153888888888901, 34.812777777777775 ], [ 133.157777777777767, 34.816111111111113 ], [ 133.163055555555559, 34.81527777777778 ], [ 133.163333333333327, 34.822222222222223 ], [ 133.154166666666669, 34.829444444444448 ], [ 133.149722222222209, 34.841111111111111 ], [ 133.144722222222214, 34.84 ], [ 133.143055555555549, 34.847222222222221 ], [ 133.134444444444455, 34.851944444444442 ] ] ] } },
{ "type": "Feature", "properties": { "id": "130", "name": "加古川大堰", "area_km2": 28.66, "n_rain_in": 1 }, "geometry": { "type": "Polygon", "coordinates": [ [ [ 134.92083333333332, 34.80361111111111 ], [ 134.911944444444458, 34.798055555555557 ], [ 134.891944444444448, 34.792777777777779 ], [ 134.892222222222216, 34.788055555555559 ], [ 134.898611111111109, 34.787222222222219 ], [ 134.894166666666678, 34.780555555555559 ], [ 134.899166666666673, 34.773888888888891 ], [ 134.904722222222233, 34.774166666666666 ], [ 134.908888888888896, 34.77 ], [ 134.915, 34.771944444444443 ], [ 134.92305555555555, 34.771388888888886 ], [ 134.925555555555547, 34.768055555555556 ], [ 134.93527777777777, 34.768888888888888 ], [ 134.935555555555567, 34.765277777777776 ], [ 134.966944444444437, 34.752222222222223 ], [ 134.971666666666664, 34.754444444444445 ], [ 134.982777777777784, 34.750833333333333 ], [ 135.001111111111101, 34.759444444444448 ], [ 135.026666666666671, 34.76027777777778 ], [ 135.024166666666673, 34.771388888888886 ], [ 135.018055555555549, 34.778055555555554 ], [ 135.01, 34.780555555555559 ], [ 134.995555555555569, 34.778888888888886 ], [ 134.975, 34.770555555555553 ], [ 134.963055555555542, 34.776944444444446 ], [ 134.956944444444446, 34.774722222222223 ], [ 134.948055555555555, 34.781388888888891 ], [ 134.936388888888899, 34.783333333333331 ], [ 134.929444444444442, 34.794444444444444 ], [ 134.925833333333344, 34.795555555555552 ], [ 134.926666666666677, 34.803333333333335 ], [ 134.92083333333332, 34.80361111111111 ] ] ] } },
{ "type": "Feature", "properties": { "id": "107", "name": "一庫", "area_km2": 113.38, "n_rain_in": 9 }, "geometry": { "type": "Polygon", "coordinates": [ [ [ 135.382222222222225, 35.031111111111109 ], [ 135.379444444444431, 35.023611111111109 ], [ 135.362777777777779, 35.023888888888891 ], [ 135.360277777777782, 35.020555555555553 ], [ 135.355, 35.020555555555553 ], [ 135.3525, 34.99 ], [ 135.363333333333344, 34.977222222222224 ], [ 135.360277777777782, 34.974166666666669 ], [ 135.364166666666677, 34.97 ], [ 135.362222222222215, 34.961111111111109 ], [ 135.385555555555555, 34.954166666666666 ], [ 135.388333333333321, 34.944166666666668 ], [ 135.395555555555546, 34.939166666666665 ], [ 135.388888888888886, 34.930277777777775 ], [ 135.401111111111106, 34.929722222222225 ], [ 135.399444444444441, 34.926666666666669 ], [ 135.41, 34.914444444444442 ], [ 135.411666666666662, 34.903055555555554 ], [ 135.428055555555545, 34.903333333333336 ], [ 135.438888888888897, 34.920555555555552 ], [ 135.463888888888903, 34.918333333333337 ], [ 135.467222222222233, 34.928888888888892 ], [ 135.475, 34.93 ], [ 135.479444444444454, 34.944166666666668 ], [ 135.485, 34.94638888888889 ], [ 135.473055555555561, 34.961111111111109 ], [ 135.477222222222224, 34.969166666666666 ], [ 135.476666666666659, 34.979444444444447 ], [ 135.484166666666653, 34.983055555555552 ], [ 135.482777777777784, 34.994444444444447 ], [ 135.471111111111099, 34.994722222222222 ], [ 135.455, 35.0025 ], [ 135.453333333333347, 35.010555555555555 ], [ 135.461111111111109, 35.020555555555553 ], [ 135.455555555555549, 35.0275 ], [ 135.433611111111105, 35.024722222222223 ], [ 135.425833333333344, 35.028888888888886 ], [ 135.423611111111114, 35.026388888888889 ], [ 135.415555555555557, 35.028055555555554 ], [ 135.397222222222211, 35.024722222222223 ], [ 135.382222222222225, 35.031111111111109 ] ], [ [ 135.41, 34.914444444444442 ], [ 135.410277777777765, 34.914722222222224 ], [ 135.410277777777765, 34.914444444444442 ], [ 135.41, 34.914444444444442 ] ] ] } },
{ "type": "Feature", "properties": { "id": "108", "name": "布目", "area_km2": 71.21, "n_rain_in": 8 }, "geometry": { "type": "Polygon", "coordinates": [ [ [ 135.976111111111123, 34.701666666666668 ], [ 135.953055555555551, 34.68138888888889 ], [ 135.954444444444448, 34.675 ], [ 135.940277777777766, 34.653888888888886 ], [ 135.936944444444435, 34.650833333333331 ], [ 135.92638888888888, 34.650277777777781 ], [ 135.925277777777779, 34.62916666666667 ], [ 135.920277777777784, 34.630277777777778 ], [ 135.916111111111121, 34.625 ], [ 135.911944444444458, 34.625277777777775 ], [ 135.906666666666666, 34.632222222222225 ], [ 135.901111111111106, 34.634166666666665 ], [ 135.895555555555546, 34.630555555555553 ], [ 135.898333333333341, 34.6225 ], [ 135.89166666666668, 34.616388888888892 ], [ 135.898611111111109, 34.607777777777777 ], [ 135.890277777777783, 34.6025 ], [ 135.899166666666673, 34.5975 ], [ 135.911666666666662, 34.605833333333337 ], [ 135.913888888888891, 34.602222222222224 ], [ 135.933333333333337, 34.595 ], [ 135.939166666666665, 34.584166666666668 ], [ 135.935833333333335, 34.575555555555553 ], [ 135.944444444444457, 34.56722222222222 ], [ 135.94638888888889, 34.571666666666665 ], [ 135.958611111111111, 34.577222222222225 ], [ 135.96, 34.5875 ], [ 135.971111111111099, 34.589444444444446 ], [ 135.975833333333327, 34.601111111111109 ], [ 135.971666666666664, 34.605277777777779 ], [ 135.975555555555559, 34.609166666666667 ], [ 135.9825, 34.606944444444444 ], [ 135.986666666666679, 34.610555555555557 ], [ 135.992777777777775, 34.609722222222224 ], [ 135.995277777777773, 34.618055555555557 ], [ 136.004166666666663, 34.62083333333333 ], [ 135.998611111111103, 34.625833333333333 ], [ 135.994166666666672, 34.63527777777778 ], [ 135.999166666666667, 34.638611111111111 ], [ 135.990555555555545, 34.645555555555553 ], [ 135.994166666666672, 34.650833333333331 ], [ 135.991388888888878, 34.661111111111111 ], [ 135.996944444444438, 34.669722222222219 ], [ 135.994722222222208, 34.675277777777779 ], [ 135.998611111111103, 34.680833333333332 ], [ 135.998055555555567, 34.691944444444445 ], [ 135.9875, 34.6925 ], [ 135.986388888888882, 34.698611111111113 ], [ 135.976111111111123, 34.701666666666668 ] ], [ [ 135.995555555555569, 34.6325 ], [ 135.995833333333337, 34.632777777777775 ], [ 135.995833333333337, 34.6325 ], [ 135.995555555555569, 34.6325 ] ] ] } },
{ "type": "Feature", "properties": { "id": "121", "name": "大滝", "area_km2": 258.17, "n_rain_in": 9 }, "geometry": { "type": "Polygon", "coordinates": [ [ [ 136.070833333333326, 34.364444444444445 ], [ 136.065277777777766, 34.360555555555557 ], [ 136.068611111111125, 34.355 ], [ 136.063888888888897, 34.346388888888889 ], [ 136.04805555555555, 34.343888888888891 ], [ 136.030277777777769, 34.345833333333331 ], [ 136.026666666666671, 34.352222222222224 ], [ 136.017222222222216, 34.356388888888887 ], [ 136.01, 34.353055555555557 ], [ 136.00333333333333, 34.354166666666664 ], [ 135.998333333333335, 34.349722222222219 ], [ 135.981388888888887, 34.354444444444447 ], [ 135.977777777777789, 34.3525 ], [ 135.979444444444454, 34.348888888888887 ], [ 135.976666666666659, 34.348888888888887 ], [ 135.968888888888898, 34.355833333333337 ], [ 135.93527777777777, 34.3575 ], [ 135.929444444444442, 34.346944444444446 ], [ 135.92305555555555, 34.344722222222224 ], [ 135.918888888888887, 34.337222222222223 ], [ 135.908888888888896, 34.334722222222226 ], [ 135.904722222222233, 34.329166666666666 ], [ 135.912777777777791, 34.314444444444447 ], [ 135.910833333333329, 34.310833333333335 ], [ 135.916666666666657, 34.29 ], [ 135.914722222222224, 34.283888888888889 ], [ 135.938055555555565, 34.276388888888889 ], [ 135.938888888888897, 34.273055555555558 ], [ 135.932777777777773, 34.267222222222223 ], [ 135.94083333333333, 34.25888888888889 ], [ 135.938611111111101, 34.253611111111113 ], [ 135.944166666666661, 34.24666666666667 ], [ 135.950555555555553, 34.247777777777777 ], [ 135.967222222222233, 34.242777777777775 ], [ 135.963055555555542, 34.235555555555557 ], [ 135.965555555555568, 34.225277777777777 ], [ 135.995833333333337, 34.228611111111114 ], [ 136.002777777777766, 34.233333333333334 ], [ 136.020277777777778, 34.236666666666665 ], [ 136.025, 34.234722222222224 ], [ 136.026944444444439, 34.227222222222224 ], [ 136.024722222222209, 34.224444444444444 ], [ 136.034722222222229, 34.208055555555553 ], [ 136.0575, 34.207222222222221 ], [ 136.063888888888897, 34.199444444444445 ], [ 136.074722222222221, 34.200833333333335 ], [ 136.093611111111102, 34.195555555555558 ], [ 136.099722222222226, 34.199722222222221 ], [ 136.098888888888894, 34.202777777777776 ], [ 136.107222222222219, 34.206666666666663 ], [ 136.108611111111117, 34.211111111111109 ], [ 136.116666666666674, 34.211666666666666 ], [ 136.1175, 34.222777777777779 ], [ 136.109722222222217, 34.224444444444444 ], [ 136.11, 34.228333333333332 ], [ 136.115833333333342, 34.229444444444447 ], [ 136.1225, 34.23972222222222 ], [ 136.130277777777792, 34.242777777777775 ], [ 136.131666666666661, 34.251666666666665 ], [ 136.125833333333333, 34.258333333333333 ], [ 136.118333333333339, 34.260555555555555 ], [ 136.120833333333337, 34.269722222222221 ], [ 136.112222222222215, 34.280833333333334 ], [ 136.097777777777765, 34.288888888888891 ], [ 136.095, 34.301944444444445 ], [ 136.1, 34.305277777777775 ], [ 136.111944444444447, 34.305 ], [ 136.129444444444431, 34.316388888888888 ], [ 136.121388888888902, 34.326388888888886 ], [ 136.109444444444449, 34.328888888888891 ], [ 136.102222222222224, 34.336111111111109 ], [ 136.104166666666657, 34.341944444444444 ], [ 136.098055555555561, 34.345277777777781 ], [ 136.094722222222231, 34.361388888888889 ], [ 136.070833333333326, 34.364444444444445 ] ] ] } },
{ "type": "Feature", "properties": { "id": "104", "name": "室生", "area_km2": 134.67, "n_rain_in": 12 }, "geometry": { "type": "Polygon", "coordinates": [ [ [ 135.991388888888878, 34.56583333333333 ], [ 135.975555555555559, 34.565 ], [ 135.9725, 34.558611111111112 ], [ 135.946944444444455, 34.55916666666667 ], [ 135.9475, 34.555833333333332 ], [ 135.940555555555562, 34.550555555555555 ], [ 135.94, 34.546111111111109 ], [ 135.946944444444455, 34.537222222222219 ], [ 135.947222222222223, 34.532222222222224 ], [ 135.94305555555556, 34.526944444444446 ], [ 135.928333333333342, 34.525277777777781 ], [ 135.910555555555561, 34.518333333333331 ], [ 135.908333333333331, 34.51027777777778 ], [ 135.913611111111123, 34.505833333333335 ], [ 135.906666666666666, 34.502222222222223 ], [ 135.899722222222209, 34.488611111111112 ], [ 135.886944444444453, 34.4775 ], [ 135.893055555555549, 34.4625 ], [ 135.8875, 34.453055555555558 ], [ 135.8925, 34.447222222222223 ], [ 135.896944444444443, 34.446666666666665 ], [ 135.898055555555544, 34.441944444444445 ], [ 135.906388888888898, 34.44777777777778 ], [ 135.913055555555559, 34.44638888888889 ], [ 135.921388888888885, 34.453888888888891 ], [ 135.931111111111107, 34.455277777777781 ], [ 135.932777777777773, 34.458888888888886 ], [ 135.940277777777766, 34.461111111111109 ], [ 135.948888888888888, 34.44916666666667 ], [ 135.953611111111115, 34.448055555555555 ], [ 135.952777777777783, 34.44027777777778 ], [ 135.957777777777778, 34.43333333333333 ], [ 135.959722222222211, 34.436388888888892 ], [ 135.979166666666657, 34.436944444444443 ], [ 135.98, 34.439722222222223 ], [ 135.991944444444442, 34.444166666666668 ], [ 136.006111111111125, 34.443055555555553 ], [ 136.012777777777785, 34.453611111111108 ], [ 136.03, 34.456111111111113 ], [ 136.049444444444447, 34.468888888888891 ], [ 136.044166666666655, 34.473888888888887 ], [ 136.046111111111117, 34.478055555555557 ], [ 136.039444444444456, 34.479444444444447 ], [ 136.039166666666659, 34.49 ], [ 136.032777777777767, 34.490555555555552 ], [ 136.028611111111104, 34.49527777777778 ], [ 136.027222222222235, 34.519722222222221 ], [ 136.034722222222229, 34.525 ], [ 136.034444444444432, 34.531111111111109 ], [ 136.022222222222211, 34.54 ], [ 136.0175, 34.539444444444442 ], [ 136.006666666666661, 34.556944444444447 ], [ 135.999166666666667, 34.5575 ], [ 135.991388888888878, 34.56583333333333 ] ] ] } },
{ "type": "Feature", "properties": { "id": "143", "name": "寒狭川堰", "area_km2": 292.01, "n_rain_in": 8 }, "geometry": { "type": "MultiPolygon", "coordinates": [ [ [ [ 137.458888888888879, 35.005277777777778 ], [ 137.458611111111111, 35.005555555555553 ], [ 137.458888888888879, 35.005555555555553 ], [ 137.458888888888879, 35.005277777777778 ] ] ], [ [ [ 137.458611111111111, 35.005833333333335 ], [ 137.458333333333343, 35.005555555555553 ], [ 137.458333333333343, 35.005833333333335 ], [ 137.458611111111111, 35.005833333333335 ] ] ], [ [ [ 137.581666666666678, 35.170277777777777 ], [ 137.595, 35.164166666666667 ], [ 137.6075, 35.1625 ], [ 137.608611111111117, 35.156666666666666 ], [ 137.615555555555545, 35.152222222222221 ], [ 137.608055555555552, 35.140833333333333 ], [ 137.611111111111114, 35.136944444444445 ], [ 137.611111111111114, 35.125833333333333 ], [ 137.605833333333322, 35.103888888888889 ], [ 137.609722222222217, 35.097777777777779 ], [ 137.599444444444458, 35.086388888888891 ], [ 137.601944444444456, 35.080833333333331 ], [ 137.579444444444448, 35.063333333333333 ], [ 137.589722222222235, 35.033888888888889 ], [ 137.594722222222231, 35.031666666666666 ], [ 137.599444444444458, 35.020555555555553 ], [ 137.575833333333321, 35.003611111111113 ], [ 137.584722222222211, 34.99583333333333 ], [ 137.584444444444443, 34.985833333333332 ], [ 137.57361111111112, 34.983333333333334 ], [ 137.56583333333333, 34.975 ], [ 137.55, 34.968055555555559 ], [ 137.544722222222219, 34.97 ], [ 137.540833333333325, 34.9675 ], [ 137.534444444444432, 34.972777777777779 ], [ 137.522222222222211, 34.97 ], [ 137.520833333333343, 34.960277777777776 ], [ 137.511944444444453, 34.951111111111111 ], [ 137.511944444444453, 34.946111111111108 ], [ 137.499722222222232, 34.945555555555558 ], [ 137.490277777777777, 34.935555555555553 ], [ 137.474444444444458, 34.93277777777778 ], [ 137.467777777777769, 34.925277777777779 ], [ 137.450277777777785, 34.915277777777774 ], [ 137.445833333333326, 34.92 ], [ 137.443611111111125, 34.916944444444447 ], [ 137.439444444444433, 34.918055555555554 ], [ 137.433888888888902, 34.911388888888887 ], [ 137.422222222222217, 34.907777777777781 ], [ 137.416944444444454, 34.923611111111114 ], [ 137.411111111111097, 34.92722222222222 ], [ 137.409722222222229, 34.938611111111108 ], [ 137.412777777777791, 34.942777777777778 ], [ 137.410833333333329, 34.946666666666665 ], [ 137.4075, 34.945833333333333 ], [ 137.401944444444439, 34.950555555555553 ], [ 137.408611111111099, 34.958611111111111 ], [ 137.390833333333347, 34.965277777777779 ], [ 137.3975, 34.971666666666664 ], [ 137.410833333333329, 34.9725 ], [ 137.415833333333325, 34.97 ], [ 137.42861111111111, 34.9725 ], [ 137.435833333333335, 34.968055555555559 ], [ 137.435, 34.972222222222221 ], [ 137.438888888888897, 34.977222222222224 ], [ 137.433611111111105, 34.981388888888887 ], [ 137.435833333333335, 34.987777777777779 ], [ 137.433888888888902, 34.99 ], [ 137.438333333333333, 34.989166666666669 ], [ 137.441666666666663, 34.996944444444445 ], [ 137.449166666666656, 35.000833333333333 ], [ 137.456388888888881, 34.99527777777778 ], [ 137.458888888888879, 35.005277777777778 ], [ 137.459444444444443, 35.005277777777778 ], [ 137.459444444444443, 35.005555555555553 ], [ 137.460277777777776, 35.005555555555553 ], [ 137.461111111111109, 35.006944444444443 ], [ 137.4625, 35.006944444444443 ], [ 137.471388888888896, 35.0175 ], [ 137.468888888888898, 35.024722222222223 ], [ 137.475277777777791, 35.033055555555556 ], [ 137.474444444444458, 35.044444444444444 ], [ 137.470555555555563, 35.047222222222224 ], [ 137.471388888888896, 35.05361111111111 ], [ 137.462222222222209, 35.053055555555552 ], [ 137.459166666666675, 35.056111111111115 ], [ 137.452222222222218, 35.054166666666667 ], [ 137.449444444444453, 35.057222222222222 ], [ 137.454444444444448, 35.070277777777775 ], [ 137.45194444444445, 35.073333333333331 ], [ 137.44305555555556, 35.07277777777778 ], [ 137.444722222222225, 35.078055555555558 ], [ 137.433333333333337, 35.087222222222223 ], [ 137.434444444444438, 35.093333333333334 ], [ 137.43, 35.095 ], [ 137.42972222222221, 35.102777777777774 ], [ 137.433888888888902, 35.108055555555552 ], [ 137.44527777777779, 35.110277777777775 ], [ 137.443611111111125, 35.115277777777777 ], [ 137.449166666666656, 35.125833333333333 ], [ 137.457777777777778, 35.12361111111111 ], [ 137.463611111111106, 35.113055555555555 ], [ 137.468333333333334, 35.111944444444447 ], [ 137.49444444444444, 35.118055555555557 ], [ 137.477222222222224, 35.1425 ], [ 137.491666666666674, 35.152222222222221 ], [ 137.499444444444435, 35.149444444444441 ], [ 137.502777777777766, 35.143888888888888 ], [ 137.50888888888889, 35.1475 ], [ 137.523055555555544, 35.139444444444443 ], [ 137.527222222222235, 35.140277777777776 ], [ 137.540555555555557, 35.128888888888888 ], [ 137.561111111111103, 35.128888888888888 ], [ 137.563333333333333, 35.123333333333335 ], [ 137.56583333333333, 35.130833333333335 ], [ 137.5725, 35.135555555555555 ], [ 137.57027777777779, 35.144722222222221 ], [ 137.581666666666678, 35.170277777777777 ] ] ] ] } },
{ "type": "Feature", "properties": { "id": "71", "name": "志津見", "area_km2": 214.55, "n_rain_in": 8 }, "geometry": { "type": "Polygon", "coordinates": [ [ [ 132.6825, 35.171944444444442 ], [ 132.660833333333329, 35.170555555555552 ], [ 132.657777777777767, 35.161666666666669 ], [ 132.653055555555568, 35.160277777777779 ], [ 132.650555555555542, 35.150833333333331 ], [ 132.6375, 35.146666666666668 ], [ 132.631944444444457, 35.13388888888889 ], [ 132.640277777777783, 35.128611111111113 ], [ 132.651111111111106, 35.126666666666665 ], [ 132.651111111111106, 35.119444444444447 ], [ 132.653611111111104, 35.118333333333332 ], [ 132.663611111111123, 35.117777777777775 ], [ 132.666111111111121, 35.12083333333333 ], [ 132.671388888888885, 35.118611111111115 ], [ 132.67083333333332, 35.111944444444447 ], [ 132.663888888888891, 35.107777777777777 ], [ 132.668333333333322, 35.1025 ], [ 132.666666666666657, 35.096944444444446 ], [ 132.660555555555561, 35.093055555555559 ], [ 132.658055555555563, 35.085555555555558 ], [ 132.671944444444449, 35.082777777777778 ], [ 132.67, 35.076388888888886 ], [ 132.677222222222213, 35.076944444444443 ], [ 132.6825, 35.069166666666668 ], [ 132.687777777777768, 35.073333333333331 ], [ 132.691388888888895, 35.0725 ], [ 132.704444444444448, 35.057222222222222 ], [ 132.715, 35.05777777777778 ], [ 132.720277777777767, 35.051111111111112 ], [ 132.711944444444441, 35.040555555555557 ], [ 132.7175, 35.033333333333331 ], [ 132.715277777777771, 35.029166666666669 ], [ 132.717222222222233, 35.022777777777776 ], [ 132.712222222222209, 35.022777777777776 ], [ 132.711111111111109, 35.026388888888889 ], [ 132.700555555555553, 35.024722222222223 ], [ 132.69527777777779, 35.029166666666669 ], [ 132.686388888888899, 35.025 ], [ 132.685555555555567, 35.019444444444446 ], [ 132.691388888888895, 35.013333333333335 ], [ 132.700555555555553, 35.013055555555553 ], [ 132.708611111111111, 35.006944444444443 ], [ 132.705, 34.999444444444443 ], [ 132.698055555555555, 34.994722222222222 ], [ 132.703333333333347, 34.993333333333332 ], [ 132.706111111111113, 34.986666666666665 ], [ 132.700277777777785, 34.977222222222224 ], [ 132.709722222222211, 34.973055555555554 ], [ 132.705555555555549, 34.966388888888886 ], [ 132.706944444444446, 34.963611111111113 ], [ 132.701388888888886, 34.958333333333336 ], [ 132.720555555555563, 34.948055555555555 ], [ 132.727222222222224, 34.952777777777776 ], [ 132.727777777777789, 34.956666666666663 ], [ 132.734722222222217, 34.957777777777778 ], [ 132.738611111111112, 34.962222222222223 ], [ 132.740555555555545, 34.956666666666663 ], [ 132.749444444444435, 34.96 ], [ 132.75222222222223, 34.967222222222219 ], [ 132.745, 34.976388888888891 ], [ 132.748888888888899, 34.978888888888889 ], [ 132.756111111111125, 34.977222222222224 ], [ 132.7675, 34.982777777777777 ], [ 132.76666666666668, 34.991666666666667 ], [ 132.763888888888886, 34.992777777777775 ], [ 132.765833333333347, 34.99666666666667 ], [ 132.7875, 35.004444444444445 ], [ 132.788611111111123, 35.015833333333333 ], [ 132.80472222222221, 35.024722222222223 ], [ 132.811111111111103, 35.031944444444441 ], [ 132.809722222222234, 35.034444444444446 ], [ 132.813333333333333, 35.035833333333336 ], [ 132.813611111111101, 35.040555555555557 ], [ 132.827222222222218, 35.047222222222224 ], [ 132.836944444444441, 35.047222222222224 ], [ 132.837777777777774, 35.051666666666669 ], [ 132.827777777777783, 35.061944444444443 ], [ 132.839444444444439, 35.070833333333333 ], [ 132.848333333333329, 35.083333333333336 ], [ 132.856944444444451, 35.0875 ], [ 132.859722222222217, 35.093333333333334 ], [ 132.842222222222233, 35.110277777777775 ], [ 132.830555555555549, 35.103611111111114 ], [ 132.811944444444435, 35.106111111111112 ], [ 132.801111111111112, 35.1025 ], [ 132.790277777777789, 35.106944444444444 ], [ 132.789444444444456, 35.111388888888889 ], [ 132.780555555555566, 35.112222222222222 ], [ 132.770555555555546, 35.108333333333334 ], [ 132.768611111111113, 35.1125 ], [ 132.756111111111125, 35.114166666666669 ], [ 132.754722222222227, 35.121944444444445 ], [ 132.74, 35.12 ], [ 132.727777777777789, 35.12361111111111 ], [ 132.717777777777769, 35.1325 ], [ 132.722222222222229, 35.141944444444448 ], [ 132.717777777777769, 35.149722222222223 ], [ 132.722777777777765, 35.154722222222219 ], [ 132.708888888888879, 35.162222222222219 ], [ 132.702777777777783, 35.163333333333334 ], [ 132.696666666666658, 35.16 ], [ 132.69, 35.161944444444444 ], [ 132.690555555555562, 35.169166666666669 ], [ 132.6825, 35.171944444444442 ] ] ] } },
{ "type": "Feature", "properties": { "id": "72", "name": "尾原", "area_km2": 279.65, "n_rain_in": 10 }, "geometry": { "type": "MultiPolygon", "coordinates": [ [ [ [ 133.151388888888903, 35.215277777777779 ], [ 133.153611111111104, 35.209722222222226 ], [ 133.151111111111106, 35.206666666666663 ], [ 133.154722222222233, 35.203055555555558 ], [ 133.169166666666655, 35.209166666666668 ], [ 133.182222222222208, 35.201388888888886 ], [ 133.184722222222234, 35.196944444444448 ], [ 133.18194444444444, 35.188333333333333 ], [ 133.189444444444433, 35.18472222222222 ], [ 133.195, 35.169166666666669 ], [ 133.191666666666663, 35.162222222222219 ], [ 133.183888888888902, 35.156388888888891 ], [ 133.170555555555552, 35.153611111111111 ], [ 133.166111111111121, 35.148888888888891 ], [ 133.157222222222231, 35.148888888888891 ], [ 133.148333333333341, 35.14 ], [ 133.145, 35.131388888888893 ], [ 133.146666666666675, 35.123333333333335 ], [ 133.14, 35.117777777777775 ], [ 133.145555555555546, 35.105 ], [ 133.139722222222218, 35.1 ], [ 133.141111111111115, 35.097222222222221 ], [ 133.136666666666656, 35.090555555555554 ], [ 133.1375, 35.085 ], [ 133.141944444444448, 35.081944444444446 ], [ 133.140555555555551, 35.075555555555553 ], [ 133.126388888888897, 35.076666666666668 ], [ 133.125277777777768, 35.081388888888888 ], [ 133.128611111111098, 35.087222222222223 ], [ 133.125, 35.086944444444441 ], [ 133.117777777777775, 35.096388888888889 ], [ 133.106944444444451, 35.082222222222221 ], [ 133.096111111111099, 35.085277777777776 ], [ 133.086666666666673, 35.078055555555558 ], [ 133.072222222222223, 35.082222222222221 ], [ 133.068888888888893, 35.079722222222223 ], [ 133.060833333333335, 35.080833333333331 ], [ 133.052222222222213, 35.07 ], [ 133.033055555555563, 35.068055555555553 ], [ 133.025277777777774, 35.0775 ], [ 133.016388888888883, 35.078333333333333 ], [ 133.01444444444445, 35.087777777777781 ], [ 133.003611111111098, 35.090277777777779 ], [ 133.000277777777768, 35.097222222222221 ], [ 132.99222222222221, 35.098333333333336 ], [ 132.986111111111114, 35.109722222222224 ], [ 132.9875, 35.11333333333333 ], [ 132.994722222222208, 35.11611111111111 ], [ 132.995, 35.131666666666668 ], [ 133.001666666666665, 35.139722222222225 ], [ 132.9975, 35.142222222222223 ], [ 132.9975, 35.150555555555556 ], [ 132.988611111111112, 35.158611111111114 ], [ 132.9775, 35.16 ], [ 132.985, 35.173055555555557 ], [ 132.9825, 35.176388888888887 ], [ 132.984722222222217, 35.186944444444443 ], [ 132.976111111111123, 35.194444444444443 ], [ 132.970833333333331, 35.195 ], [ 132.971388888888896, 35.19916666666667 ], [ 132.963055555555542, 35.199444444444445 ], [ 132.9625, 35.204166666666666 ], [ 132.968888888888898, 35.208333333333336 ], [ 132.969166666666666, 35.212777777777781 ], [ 132.960277777777776, 35.215833333333336 ], [ 132.9575, 35.221111111111114 ], [ 132.963333333333338, 35.228611111111114 ], [ 132.970555555555563, 35.228333333333332 ], [ 132.9725, 35.234722222222224 ], [ 132.965, 35.23833333333333 ], [ 132.975833333333327, 35.246944444444445 ], [ 132.981666666666655, 35.242777777777775 ], [ 132.993333333333339, 35.240833333333335 ], [ 133.003611111111098, 35.24722222222222 ], [ 133.018611111111113, 35.24388888888889 ], [ 133.032222222222231, 35.248888888888892 ], [ 133.0525, 35.244166666666665 ], [ 133.075277777777785, 35.250555555555557 ], [ 133.091388888888901, 35.250277777777775 ], [ 133.098888888888894, 35.240833333333335 ], [ 133.108611111111117, 35.237222222222222 ], [ 133.103333333333325, 35.232222222222219 ], [ 133.105, 35.225 ], [ 133.102777777777789, 35.223611111111111 ], [ 133.107222222222219, 35.214444444444446 ], [ 133.13055555555556, 35.208888888888886 ], [ 133.1375, 35.212222222222223 ], [ 133.145833333333343, 35.211388888888891 ], [ 133.151388888888903, 35.215277777777779 ] ] ], [ [ [ 133.151388888888903, 35.215833333333336 ], [ 133.151666666666671, 35.216111111111111 ], [ 133.151666666666671, 35.215833333333336 ], [ 133.151388888888903, 35.215833333333336 ] ] ] ] } },
{ "type": "Feature", "properties": { "id": "69", "name": "苫田", "area_km2": 218.46, "n_rain_in": 10 }, "geometry": { "type": "Polygon", "coordinates": [ [ [ 133.9975, 35.352777777777774 ], [ 133.980277777777786, 35.341944444444444 ], [ 133.969166666666666, 35.347777777777779 ], [ 133.955555555555549, 35.341944444444444 ], [ 133.946111111111122, 35.332777777777778 ], [ 133.93416666666667, 35.335555555555558 ], [ 133.928055555555545, 35.325277777777778 ], [ 133.931388888888875, 35.31388888888889 ], [ 133.925277777777779, 35.306944444444447 ], [ 133.907777777777767, 35.307222222222222 ], [ 133.903611111111104, 35.30361111111111 ], [ 133.898055555555544, 35.304444444444442 ], [ 133.88611111111112, 35.294166666666669 ], [ 133.861944444444447, 35.2925 ], [ 133.860833333333346, 35.286944444444444 ], [ 133.86611111111111, 35.285277777777779 ], [ 133.863611111111112, 35.277222222222221 ], [ 133.86611111111111, 35.272222222222226 ], [ 133.853055555555557, 35.265555555555558 ], [ 133.844166666666666, 35.25416666666667 ], [ 133.844722222222231, 35.249444444444443 ], [ 133.838611111111106, 35.25138888888889 ], [ 133.831111111111113, 35.248888888888892 ], [ 133.817777777777792, 35.2525 ], [ 133.820555555555558, 35.241944444444442 ], [ 133.81472222222223, 35.231111111111112 ], [ 133.81027777777777, 35.228888888888889 ], [ 133.82, 35.213888888888889 ], [ 133.828611111111115, 35.2175 ], [ 133.846666666666664, 35.213055555555556 ], [ 133.854444444444454, 35.214722222222221 ], [ 133.875, 35.206666666666663 ], [ 133.889166666666654, 35.195277777777775 ], [ 133.883333333333326, 35.18277777777778 ], [ 133.87, 35.18 ], [ 133.871388888888902, 35.171111111111109 ], [ 133.865555555555545, 35.168611111111112 ], [ 133.872222222222234, 35.160277777777779 ], [ 133.868055555555543, 35.152222222222221 ], [ 133.877777777777766, 35.143888888888888 ], [ 133.873333333333335, 35.1325 ], [ 133.874722222222232, 35.1275 ], [ 133.883055555555558, 35.123888888888892 ], [ 133.891388888888883, 35.12777777777778 ], [ 133.898333333333341, 35.124722222222225 ], [ 133.912222222222226, 35.139722222222225 ], [ 133.9125, 35.145277777777778 ], [ 133.925, 35.145 ], [ 133.928055555555545, 35.148055555555558 ], [ 133.928055555555545, 35.158611111111114 ], [ 133.919166666666655, 35.1675 ], [ 133.933333333333337, 35.178333333333335 ], [ 133.938333333333333, 35.1775 ], [ 133.950277777777785, 35.188611111111108 ], [ 133.953888888888883, 35.199722222222221 ], [ 133.967222222222233, 35.206666666666663 ], [ 133.966666666666669, 35.222222222222221 ], [ 133.960555555555544, 35.225 ], [ 133.956666666666678, 35.235277777777775 ], [ 133.969444444444434, 35.245 ], [ 133.968611111111102, 35.253055555555555 ], [ 133.974444444444458, 35.259166666666665 ], [ 134.005, 35.256666666666668 ], [ 134.010277777777787, 35.264444444444443 ], [ 134.019444444444446, 35.269166666666663 ], [ 134.022222222222211, 35.276944444444446 ], [ 134.0175, 35.283888888888889 ], [ 134.018888888888881, 35.291388888888889 ], [ 134.025555555555542, 35.296388888888892 ], [ 134.029722222222233, 35.307222222222222 ], [ 134.012222222222221, 35.306666666666665 ], [ 133.999444444444435, 35.314444444444447 ], [ 134.004444444444431, 35.325555555555553 ], [ 134.015277777777783, 35.333888888888886 ], [ 134.01, 35.339722222222221 ], [ 134.015833333333319, 35.346944444444446 ], [ 134.014722222222218, 35.350277777777777 ], [ 133.9975, 35.352777777777774 ] ] ] } },
{ "type": "Feature", "properties": { "id": "51", "name": "小渋", "area_km2": 288.82, "n_rain_in": 10 }, "geometry": { "type": "MultiPolygon", "coordinates": [ [ [ [ 138.102222222222224, 35.647777777777776 ], [ 138.105833333333322, 35.626666666666665 ], [ 138.101111111111123, 35.61472222222222 ], [ 138.107777777777784, 35.604166666666664 ], [ 138.110833333333346, 35.6 ], [ 138.125833333333333, 35.593333333333334 ], [ 138.13055555555556, 35.581111111111113 ], [ 138.135833333333323, 35.581666666666663 ], [ 138.1525, 35.57138888888889 ], [ 138.143055555555549, 35.555 ], [ 138.154444444444437, 35.553333333333335 ], [ 138.159166666666664, 35.545 ], [ 138.138333333333321, 35.521111111111111 ], [ 138.146388888888879, 35.518611111111113 ], [ 138.140555555555551, 35.503055555555555 ], [ 138.155277777777769, 35.495 ], [ 138.164722222222224, 35.494166666666665 ], [ 138.158611111111099, 35.487222222222222 ], [ 138.156666666666666, 35.478055555555557 ], [ 138.160277777777765, 35.4675 ], [ 138.155, 35.458888888888886 ], [ 138.141111111111115, 35.458888888888886 ], [ 138.132222222222225, 35.452777777777776 ], [ 138.12277777777777, 35.456666666666663 ], [ 138.120277777777773, 35.454722222222223 ], [ 138.107222222222219, 35.473333333333336 ], [ 138.094444444444434, 35.474444444444444 ], [ 138.081388888888881, 35.485555555555557 ], [ 138.070555555555558, 35.4825 ], [ 138.06472222222223, 35.474444444444444 ], [ 138.053055555555545, 35.468888888888891 ], [ 138.049444444444447, 35.4625 ], [ 138.038055555555559, 35.457777777777778 ], [ 138.031111111111102, 35.469166666666666 ], [ 138.02, 35.474166666666669 ], [ 138.00222222222223, 35.489166666666669 ], [ 137.99111111111111, 35.493055555555557 ], [ 137.993333333333339, 35.50277777777778 ], [ 137.998333333333335, 35.505277777777778 ], [ 138.000277777777768, 35.515833333333333 ], [ 138.003888888888895, 35.519166666666663 ], [ 138.008611111111122, 35.542222222222222 ], [ 138.0175, 35.5525 ], [ 138.018333333333345, 35.560277777777777 ], [ 138.0075, 35.566388888888888 ], [ 137.998055555555567, 35.579166666666666 ], [ 137.990555555555545, 35.581111111111113 ], [ 137.989722222222213, 35.592777777777776 ], [ 137.974722222222226, 35.601388888888891 ], [ 137.973611111111097, 35.603888888888889 ], [ 137.981666666666655, 35.615555555555552 ], [ 137.978333333333325, 35.616388888888892 ], [ 137.977777777777789, 35.6275 ], [ 137.968611111111102, 35.635 ], [ 137.986666666666679, 35.652777777777779 ], [ 137.9875, 35.662222222222219 ], [ 137.983055555555552, 35.668055555555554 ], [ 137.984722222222217, 35.675277777777779 ], [ 137.999722222222232, 35.679722222222225 ], [ 138.014722222222218, 35.672777777777775 ], [ 138.019166666666678, 35.67583333333333 ], [ 138.026666666666671, 35.674722222222222 ], [ 138.036111111111097, 35.666944444444447 ], [ 138.043888888888887, 35.673611111111114 ], [ 138.045555555555552, 35.686388888888892 ], [ 138.043333333333322, 35.69166666666667 ], [ 138.046388888888885, 35.698055555555555 ], [ 138.050277777777779, 35.701666666666668 ], [ 138.061388888888899, 35.703611111111108 ], [ 138.077222222222218, 35.693888888888893 ], [ 138.079444444444448, 35.678888888888892 ], [ 138.085, 35.674166666666665 ], [ 138.091944444444437, 35.654722222222219 ], [ 138.098611111111097, 35.6475 ], [ 138.102222222222224, 35.647777777777776 ] ] ], [ [ [ 138.102222222222224, 35.648333333333333 ], [ 138.1025, 35.648611111111109 ], [ 138.1025, 35.648333333333333 ], [ 138.102222222222224, 35.648333333333333 ] ] ] ] } },
{ "type": "Feature", "properties": { "id": "103", "name": "味噌川", "area_km2": 55.21, "n_rain_in": 2 }, "geometry": { "type": "Polygon", "coordinates": [ [ [ 137.754166666666663, 36.087222222222223 ], [ 137.73555555555555, 36.069722222222225 ], [ 137.736111111111114, 36.050555555555555 ], [ 137.741944444444442, 36.043333333333337 ], [ 137.743333333333339, 36.035833333333336 ], [ 137.739444444444445, 36.03 ], [ 137.745, 36.013055555555553 ], [ 137.7575, 36.0 ], [ 137.761666666666656, 35.980833333333337 ], [ 137.780833333333334, 35.976388888888891 ], [ 137.789166666666659, 35.990277777777777 ], [ 137.789722222222224, 36.015833333333333 ], [ 137.795555555555552, 36.018888888888888 ], [ 137.808888888888902, 36.016666666666666 ], [ 137.81027777777777, 36.038055555555559 ], [ 137.815555555555562, 36.054166666666667 ], [ 137.802222222222213, 36.05777777777778 ], [ 137.804444444444442, 36.064444444444447 ], [ 137.797777777777782, 36.068333333333335 ], [ 137.796388888888885, 36.078333333333333 ], [ 137.789166666666659, 36.078611111111108 ], [ 137.781388888888898, 36.073333333333331 ], [ 137.754166666666663, 36.087222222222223 ] ] ] } },
{ "type": "Feature", "properties": { "id": "117", "name": "滝沢", "area_km2": 107.46, "n_rain_in": 3 }, "geometry": { "type": "Polygon", "coordinates": [ [ [ 138.768888888888881, 36.038888888888891 ], [ 138.754444444444431, 36.034444444444446 ], [ 138.749166666666667, 36.016388888888891 ], [ 138.736666666666679, 36.006666666666668 ], [ 138.734166666666653, 35.999722222222225 ], [ 138.726666666666659, 35.994444444444447 ], [ 138.716666666666669, 35.993055555555557 ], [ 138.713055555555542, 35.985555555555557 ], [ 138.713055555555542, 35.967222222222219 ], [ 138.726666666666659, 35.956944444444446 ], [ 138.731111111111119, 35.945277777777775 ], [ 138.738611111111112, 35.93888888888889 ], [ 138.746944444444438, 35.944722222222225 ], [ 138.753055555555562, 35.955555555555556 ], [ 138.774722222222209, 35.960833333333333 ], [ 138.781944444444434, 35.958333333333336 ], [ 138.790833333333325, 35.962222222222223 ], [ 138.797222222222217, 35.961944444444441 ], [ 138.800833333333344, 35.956944444444446 ], [ 138.808333333333337, 35.959444444444443 ], [ 138.819444444444457, 35.957222222222221 ], [ 138.822777777777787, 35.953333333333333 ], [ 138.848055555555561, 35.95 ], [ 138.900555555555542, 35.949444444444445 ], [ 138.896388888888879, 35.973333333333336 ], [ 138.88388888888889, 35.973055555555554 ], [ 138.865833333333342, 35.980833333333337 ], [ 138.839722222222235, 36.000833333333333 ], [ 138.838333333333338, 36.019722222222221 ], [ 138.842222222222233, 36.0275 ], [ 138.838888888888903, 36.033333333333331 ], [ 138.825555555555553, 36.0375 ], [ 138.790555555555557, 36.029166666666669 ], [ 138.780277777777769, 36.036944444444444 ], [ 138.768888888888881, 36.038888888888891 ] ] ] } },
{ "type": "Feature", "properties": { "id": "47", "name": "三国川", "area_km2": 76.03, "n_rain_in": 4 }, "geometry": { "type": "Polygon", "coordinates": [ [ [ 139.037222222222226, 37.098888888888887 ], [ 139.026944444444439, 37.0975 ], [ 139.018333333333345, 37.080555555555556 ], [ 139.021111111111111, 37.07277777777778 ], [ 139.012777777777785, 37.061944444444443 ], [ 138.998055555555567, 37.051944444444445 ], [ 139.000277777777768, 37.045555555555552 ], [ 139.01, 37.04 ], [ 139.009722222222223, 37.026111111111113 ], [ 138.998333333333335, 37.008055555555558 ], [ 139.00222222222223, 37.000833333333333 ], [ 139.009722222222223, 36.998055555555553 ], [ 139.015, 36.98833333333333 ], [ 139.030277777777769, 36.983611111111109 ], [ 139.047777777777782, 36.9875 ], [ 139.054444444444442, 36.99861111111111 ], [ 139.073333333333323, 37.008611111111108 ], [ 139.080833333333345, 37.00888888888889 ], [ 139.088333333333338, 37.016388888888891 ], [ 139.091111111111104, 37.020555555555553 ], [ 139.09, 37.044722222222219 ], [ 139.097777777777765, 37.06583333333333 ], [ 139.083055555555546, 37.074722222222221 ], [ 139.076666666666654, 37.086666666666666 ], [ 139.037222222222226, 37.098888888888887 ] ] ] } },
{ "type": "Feature", "properties": { "id": "27", "name": "七ヶ宿", "area_km2": 231.29, "n_rain_in": 8 }, "geometry": { "type": "Polygon", "coordinates": [ [ [ 140.44305555555556, 38.130833333333335 ], [ 140.42972222222221, 38.1275 ], [ 140.424722222222215, 38.1225 ], [ 140.423611111111114, 38.111666666666665 ], [ 140.417222222222222, 38.103333333333332 ], [ 140.421111111111117, 38.089166666666664 ], [ 140.418333333333322, 38.080833333333331 ], [ 140.406666666666666, 38.075555555555553 ], [ 140.401944444444439, 38.07 ], [ 140.380833333333328, 38.070277777777775 ], [ 140.384166666666658, 38.060833333333335 ], [ 140.378888888888895, 38.055555555555557 ], [ 140.355277777777786, 38.05833333333333 ], [ 140.35, 38.053888888888892 ], [ 140.343333333333334, 38.053333333333335 ], [ 140.335, 38.056111111111115 ], [ 140.319444444444457, 38.055277777777775 ], [ 140.314444444444433, 38.05833333333333 ], [ 140.3025, 38.053333333333335 ], [ 140.296666666666653, 38.057222222222222 ], [ 140.291944444444454, 38.055555555555557 ], [ 140.289166666666659, 38.05916666666667 ], [ 140.277222222222235, 38.056666666666665 ], [ 140.283333333333331, 38.049722222222222 ], [ 140.276111111111106, 38.036666666666669 ], [ 140.276111111111106, 38.029166666666669 ], [ 140.288888888888891, 38.016666666666666 ], [ 140.291388888888889, 38.007777777777775 ], [ 140.276666666666671, 37.99388888888889 ], [ 140.274722222222209, 37.983333333333334 ], [ 140.276944444444439, 37.980277777777779 ], [ 140.281388888888898, 37.9775 ], [ 140.290555555555557, 37.988611111111112 ], [ 140.299166666666679, 37.985555555555557 ], [ 140.316944444444431, 37.988888888888887 ], [ 140.324444444444453, 37.983611111111109 ], [ 140.341944444444437, 37.991666666666667 ], [ 140.354444444444454, 37.986111111111114 ], [ 140.355833333333322, 37.980277777777779 ], [ 140.363333333333344, 37.973888888888887 ], [ 140.372222222222234, 37.9725 ], [ 140.371111111111105, 37.979722222222222 ], [ 140.391388888888883, 37.995 ], [ 140.407777777777767, 37.984166666666667 ], [ 140.409166666666664, 37.963611111111113 ], [ 140.428888888888878, 37.954444444444448 ], [ 140.438333333333333, 37.953888888888891 ], [ 140.444444444444457, 37.956944444444446 ], [ 140.448333333333323, 37.950833333333335 ], [ 140.461666666666673, 37.9525 ], [ 140.474722222222226, 37.946944444444448 ], [ 140.477777777777789, 37.954444444444448 ], [ 140.50777777777779, 37.950833333333335 ], [ 140.508333333333326, 37.955833333333331 ], [ 140.517222222222216, 37.963611111111113 ], [ 140.532222222222231, 37.964444444444446 ], [ 140.531111111111102, 37.976111111111109 ], [ 140.516388888888883, 37.995555555555555 ], [ 140.516944444444448, 38.00138888888889 ], [ 140.521666666666675, 38.00416666666667 ], [ 140.511666666666656, 38.010833333333331 ], [ 140.514166666666654, 38.016388888888891 ], [ 140.510555555555555, 38.030833333333334 ], [ 140.500277777777768, 38.033055555555556 ], [ 140.490277777777777, 38.041666666666664 ], [ 140.490277777777777, 38.044722222222219 ], [ 140.486111111111114, 38.048611111111114 ], [ 140.48555555555555, 38.051666666666669 ], [ 140.490555555555545, 38.059444444444445 ], [ 140.486388888888882, 38.06861111111111 ], [ 140.471111111111099, 38.081944444444446 ], [ 140.476944444444456, 38.090833333333336 ], [ 140.476111111111123, 38.095833333333331 ], [ 140.457777777777778, 38.105833333333337 ], [ 140.453611111111115, 38.119722222222222 ], [ 140.44305555555556, 38.130833333333335 ] ], [ [ 140.485833333333346, 38.048333333333332 ], [ 140.486111111111114, 38.048611111111114 ], [ 140.486111111111114, 38.048333333333332 ], [ 140.485833333333346, 38.048333333333332 ] ] ] } },
{ "type": "Feature", "properties": { "id": "29", "name": "月山", "area_km2": 245.49, "n_rain_in": 9 }, "geometry": { "type": "MultiPolygon", "coordinates": [ [ [ [ 139.831944444444446, 38.43333333333333 ], [ 139.831666666666678, 38.433055555555555 ], [ 139.831666666666678, 38.43333333333333 ], [ 139.831944444444446, 38.43333333333333 ] ] ], [ [ [ 139.831944444444446, 38.43333333333333 ], [ 139.829722222222216, 38.439722222222223 ], [ 139.836111111111109, 38.454166666666666 ], [ 139.823888888888888, 38.464722222222221 ], [ 139.808055555555569, 38.462777777777781 ], [ 139.802222222222213, 38.468888888888891 ], [ 139.805555555555543, 38.477222222222224 ], [ 139.828333333333347, 38.493333333333332 ], [ 139.826388888888886, 38.499166666666667 ], [ 139.830555555555549, 38.505277777777778 ], [ 139.845, 38.508333333333333 ], [ 139.844722222222231, 38.51166666666667 ], [ 139.850555555555559, 38.516388888888891 ], [ 139.861944444444447, 38.516944444444448 ], [ 139.870555555555569, 38.529444444444444 ], [ 139.88277777777779, 38.534722222222221 ], [ 139.883611111111122, 38.55 ], [ 139.887222222222221, 38.55361111111111 ], [ 139.884166666666658, 38.556944444444447 ], [ 139.88277777777779, 38.571111111111108 ], [ 139.891111111111115, 38.578333333333333 ], [ 139.895, 38.590833333333336 ], [ 139.906944444444434, 38.593611111111109 ], [ 139.922222222222217, 38.609166666666667 ], [ 139.944444444444457, 38.605 ], [ 139.9475, 38.598611111111111 ], [ 139.953611111111115, 38.595555555555556 ], [ 139.989722222222213, 38.583888888888886 ], [ 139.999722222222232, 38.576111111111111 ], [ 140.0025, 38.564444444444447 ], [ 140.006666666666661, 38.564166666666665 ], [ 140.016111111111115, 38.551111111111112 ], [ 140.023333333333341, 38.546666666666667 ], [ 140.0125, 38.543333333333337 ], [ 140.005, 38.535555555555554 ], [ 139.995277777777773, 38.539444444444442 ], [ 139.973611111111097, 38.522777777777776 ], [ 139.950833333333321, 38.513333333333335 ], [ 139.951666666666654, 38.509722222222223 ], [ 139.9475, 38.506666666666668 ], [ 139.932777777777773, 38.50277777777778 ], [ 139.934722222222234, 38.494166666666665 ], [ 139.942222222222227, 38.489166666666669 ], [ 139.92638888888888, 38.48 ], [ 139.9325, 38.469722222222224 ], [ 139.927777777777777, 38.465555555555554 ], [ 139.929166666666674, 38.459722222222226 ], [ 139.924166666666679, 38.451666666666668 ], [ 139.933611111111105, 38.448055555555555 ], [ 139.934444444444438, 38.435833333333335 ], [ 139.92972222222221, 38.423055555555557 ], [ 139.917222222222222, 38.418333333333337 ], [ 139.914166666666659, 38.410555555555554 ], [ 139.921388888888885, 38.393333333333331 ], [ 139.912222222222226, 38.386111111111113 ], [ 139.91, 38.379444444444445 ], [ 139.917222222222222, 38.366944444444442 ], [ 139.910555555555561, 38.355277777777779 ], [ 139.9025, 38.348611111111111 ], [ 139.903055555555568, 38.339722222222221 ], [ 139.898055555555544, 38.332222222222221 ], [ 139.883055555555558, 38.326388888888886 ], [ 139.875, 38.31666666666667 ], [ 139.847222222222229, 38.3375 ], [ 139.858055555555552, 38.352222222222224 ], [ 139.85, 38.3625 ], [ 139.851111111111123, 38.36888888888889 ], [ 139.846666666666664, 38.374722222222225 ], [ 139.849166666666662, 38.380277777777778 ], [ 139.840833333333336, 38.3925 ], [ 139.844444444444434, 38.402222222222221 ], [ 139.848333333333329, 38.404166666666669 ], [ 139.847777777777765, 38.409444444444446 ], [ 139.8425, 38.408888888888889 ], [ 139.835, 38.415 ], [ 139.833611111111111, 38.418333333333337 ], [ 139.838055555555542, 38.4275 ], [ 139.833333333333343, 38.433055555555555 ], [ 139.832222222222214, 38.433055555555555 ], [ 139.831944444444446, 38.43333333333333 ] ] ] ] } },
{ "type": "Feature", "properties": { "id": "43", "name": "大石", "area_km2": 71.24, "n_rain_in": 2 }, "geometry": { "type": "Polygon", "coordinates": [ [ [ 139.583333333333343, 38.034444444444446 ], [ 139.558611111111105, 38.027777777777779 ], [ 139.551111111111112, 38.014444444444443 ], [ 139.5525, 38.00888888888889 ], [ 139.563333333333333, 38.00611111111111 ], [ 139.566944444444431, 37.993611111111107 ], [ 139.563611111111101, 37.988611111111112 ], [ 139.563333333333333, 37.966666666666669 ], [ 139.556111111111107, 37.959722222222226 ], [ 139.556388888888875, 37.956666666666663 ], [ 139.563333333333333, 37.953611111111108 ], [ 139.561388888888899, 37.9425 ], [ 139.56805555555556, 37.931666666666665 ], [ 139.606944444444451, 37.935277777777777 ], [ 139.6075, 37.926388888888887 ], [ 139.624722222222232, 37.917777777777779 ], [ 139.631388888888893, 37.93 ], [ 139.63944444444445, 37.93472222222222 ], [ 139.642777777777781, 37.94638888888889 ], [ 139.64, 37.952777777777776 ], [ 139.645, 37.962777777777781 ], [ 139.638055555555553, 37.970833333333331 ], [ 139.644166666666678, 37.979166666666664 ], [ 139.639166666666654, 37.985833333333332 ], [ 139.644722222222214, 37.993333333333332 ], [ 139.6325, 38.00611111111111 ], [ 139.614722222222213, 38.011388888888888 ], [ 139.607777777777784, 38.021666666666668 ], [ 139.600555555555559, 38.023055555555558 ], [ 139.596666666666664, 38.03 ], [ 139.583333333333343, 38.034444444444446 ] ] ] } },
{ "type": "Feature", "properties": { "id": "49", "name": "横川（直轄）", "area_km2": 112.98, "n_rain_in": 5 }, "geometry": { "type": "Polygon", "coordinates": [ [ [ 139.816388888888895, 38.040555555555557 ], [ 139.81, 38.038611111111109 ], [ 139.811111111111103, 38.028888888888886 ], [ 139.80694444444444, 38.015833333333333 ], [ 139.794444444444451, 38.012222222222221 ], [ 139.794166666666655, 38.000833333333333 ], [ 139.783888888888896, 37.99722222222222 ], [ 139.778333333333336, 38.0 ], [ 139.772222222222211, 37.993333333333332 ], [ 139.7575, 37.990277777777777 ], [ 139.751666666666665, 37.983611111111109 ], [ 139.754444444444431, 37.980277777777779 ], [ 139.752777777777766, 37.973055555555554 ], [ 139.748611111111103, 37.971111111111114 ], [ 139.746388888888902, 37.965 ], [ 139.751388888888897, 37.956388888888888 ], [ 139.742777777777775, 37.950555555555553 ], [ 139.750833333333333, 37.9375 ], [ 139.750277777777768, 37.929722222222225 ], [ 139.76, 37.922777777777775 ], [ 139.754444444444431, 37.913055555555559 ], [ 139.74, 37.906944444444441 ], [ 139.733611111111117, 37.899722222222223 ], [ 139.739166666666677, 37.883055555555558 ], [ 139.745, 37.878888888888888 ], [ 139.743888888888875, 37.868611111111107 ], [ 139.750833333333333, 37.860277777777775 ], [ 139.75888888888889, 37.858611111111109 ], [ 139.768611111111113, 37.867222222222225 ], [ 139.776111111111106, 37.868611111111107 ], [ 139.777777777777771, 37.878611111111113 ], [ 139.786388888888894, 37.879444444444445 ], [ 139.797777777777782, 37.887222222222221 ], [ 139.81027777777777, 37.888888888888886 ], [ 139.811666666666667, 37.898055555555558 ], [ 139.805833333333339, 37.902777777777779 ], [ 139.811388888888899, 37.911666666666669 ], [ 139.824444444444453, 37.918333333333337 ], [ 139.825833333333321, 37.924722222222222 ], [ 139.833888888888879, 37.9225 ], [ 139.836388888888877, 37.926666666666669 ], [ 139.846111111111099, 37.926388888888887 ], [ 139.848333333333329, 37.935277777777777 ], [ 139.853888888888889, 37.9375 ], [ 139.853611111111121, 37.951111111111111 ], [ 139.859722222222217, 37.954722222222223 ], [ 139.850277777777791, 37.959444444444443 ], [ 139.853888888888889, 37.962222222222223 ], [ 139.851388888888891, 37.964444444444446 ], [ 139.853333333333325, 37.967222222222219 ], [ 139.846666666666664, 37.971944444444446 ], [ 139.843055555555566, 37.985277777777775 ], [ 139.8325, 37.986388888888889 ], [ 139.824722222222221, 37.983611111111109 ], [ 139.821666666666658, 37.993611111111107 ], [ 139.835, 38.009444444444448 ], [ 139.836388888888877, 38.018888888888888 ], [ 139.831666666666678, 38.025833333333331 ], [ 139.833888888888879, 38.033888888888889 ], [ 139.816388888888895, 38.040555555555557 ] ] ] } },
{ "type": "Feature", "properties": { "id": "24", "name": "寒河江", "area_km2": 230.92, "n_rain_in": 11 }, "geometry": { "type": "Polygon", "coordinates": [ [ [ 140.025277777777774, 38.546944444444442 ], [ 140.0125, 38.543333333333337 ], [ 140.005, 38.535555555555554 ], [ 139.995277777777773, 38.539444444444442 ], [ 139.973611111111097, 38.522777777777776 ], [ 139.950833333333321, 38.513333333333335 ], [ 139.951666666666654, 38.509722222222223 ], [ 139.9475, 38.506666666666668 ], [ 139.9325, 38.502222222222223 ], [ 139.934722222222234, 38.494166666666665 ], [ 139.942222222222227, 38.489166666666669 ], [ 139.92638888888888, 38.48 ], [ 139.9325, 38.469722222222224 ], [ 139.927777777777777, 38.465555555555554 ], [ 139.929166666666674, 38.459722222222226 ], [ 139.924166666666679, 38.451666666666668 ], [ 139.933611111111105, 38.448055555555555 ], [ 139.934444444444438, 38.435833333333335 ], [ 139.92972222222221, 38.423055555555557 ], [ 139.917222222222222, 38.418333333333337 ], [ 139.914166666666659, 38.410555555555554 ], [ 139.921388888888885, 38.393333333333331 ], [ 139.912222222222226, 38.386111111111113 ], [ 139.91, 38.379444444444445 ], [ 139.917222222222222, 38.366944444444442 ], [ 139.910555555555561, 38.355277777777779 ], [ 139.9025, 38.348611111111111 ], [ 139.903055555555568, 38.339722222222221 ], [ 139.898055555555544, 38.332222222222221 ], [ 139.883055555555558, 38.326388888888886 ], [ 139.875, 38.316944444444445 ], [ 139.879444444444431, 38.303055555555552 ], [ 139.888611111111118, 38.30083333333333 ], [ 139.898888888888877, 38.293055555555554 ], [ 139.898611111111109, 38.276666666666664 ], [ 139.911111111111097, 38.272777777777776 ], [ 139.921111111111117, 38.263055555555553 ], [ 139.945, 38.273333333333333 ], [ 139.951111111111118, 38.3 ], [ 139.955833333333345, 38.308888888888887 ], [ 139.962222222222209, 38.311666666666667 ], [ 139.961388888888877, 38.315 ], [ 139.971388888888896, 38.314722222222223 ], [ 139.983055555555552, 38.319166666666668 ], [ 139.986944444444447, 38.321111111111108 ], [ 139.988333333333344, 38.328611111111108 ], [ 139.992777777777775, 38.333055555555553 ], [ 139.998888888888899, 38.330555555555556 ], [ 140.010277777777787, 38.336388888888891 ], [ 140.006666666666661, 38.352222222222224 ], [ 140.011666666666656, 38.374166666666667 ], [ 140.005277777777792, 38.380277777777778 ], [ 140.010833333333323, 38.384166666666665 ], [ 140.013611111111118, 38.399166666666666 ], [ 140.006944444444457, 38.408611111111114 ], [ 140.007222222222225, 38.413333333333334 ], [ 140.009722222222223, 38.421944444444442 ], [ 140.029444444444437, 38.427777777777777 ], [ 140.03, 38.43888888888889 ], [ 140.035277777777765, 38.44638888888889 ], [ 140.04, 38.44777777777778 ], [ 140.038888888888891, 38.455277777777781 ], [ 140.027222222222235, 38.47 ], [ 140.031666666666666, 38.476944444444442 ], [ 140.029722222222233, 38.483055555555552 ], [ 140.041666666666657, 38.499444444444443 ], [ 140.035, 38.505555555555553 ], [ 140.035555555555561, 38.517222222222223 ], [ 140.039166666666659, 38.518333333333331 ], [ 140.035277777777765, 38.531388888888891 ], [ 140.026944444444439, 38.539444444444442 ], [ 140.025277777777774, 38.546944444444442 ] ] ] } },
{ "type": "Feature", "properties": { "id": "16", "name": "四十四田", "area_km2": 1185.93, "n_rain_in": 19 }, "geometry": { "type": "Polygon", "coordinates": [ [ [ 141.12722222222223, 40.096111111111114 ], [ 141.115555555555545, 40.091388888888886 ], [ 141.115555555555545, 40.07138888888889 ], [ 141.113055555555547, 40.06861111111111 ], [ 141.1075, 40.070555555555558 ], [ 141.098888888888894, 40.063055555555557 ], [ 141.1, 40.053333333333335 ], [ 141.095833333333331, 40.05222222222222 ], [ 141.094722222222231, 40.048055555555557 ], [ 141.088888888888903, 40.045277777777777 ], [ 141.076666666666654, 40.046111111111109 ], [ 141.068888888888893, 40.041111111111114 ], [ 141.068611111111125, 40.037222222222219 ], [ 141.048333333333346, 40.024444444444441 ], [ 141.045, 40.0275 ], [ 141.035277777777765, 40.023888888888891 ], [ 141.020833333333343, 40.028055555555554 ], [ 141.0075, 40.026666666666664 ], [ 141.000555555555565, 40.020277777777778 ], [ 140.994722222222208, 40.02 ], [ 140.976944444444456, 40.009166666666665 ], [ 140.956944444444446, 39.987222222222222 ], [ 140.958055555555546, 39.9775 ], [ 140.940277777777766, 39.9775 ], [ 140.927777777777777, 39.965555555555554 ], [ 140.915555555555557, 39.959722222222226 ], [ 140.905, 39.96 ], [ 140.896388888888879, 39.953888888888891 ], [ 140.883611111111122, 39.961944444444441 ], [ 140.876666666666665, 39.96 ], [ 140.874166666666667, 39.955833333333331 ], [ 140.870833333333337, 39.957777777777778 ], [ 140.856111111111119, 39.951944444444443 ], [ 140.856944444444451, 39.944166666666668 ], [ 140.851944444444456, 39.935833333333335 ], [ 140.857777777777784, 39.930555555555557 ], [ 140.856944444444451, 39.9225 ], [ 140.867777777777775, 39.911666666666669 ], [ 140.86722222222221, 39.9 ], [ 140.882222222222225, 39.882777777777775 ], [ 140.87833333333333, 39.874444444444443 ], [ 140.893333333333345, 39.853611111111114 ], [ 140.905, 39.845555555555556 ], [ 140.9175, 39.847222222222221 ], [ 140.925, 39.841388888888886 ], [ 140.936388888888899, 39.8425 ], [ 140.938611111111101, 39.84 ], [ 140.942222222222227, 39.842777777777776 ], [ 140.945555555555558, 39.841388888888886 ], [ 140.9525, 39.850555555555559 ], [ 140.966666666666669, 39.851944444444442 ], [ 140.974166666666662, 39.844444444444441 ], [ 140.984444444444449, 39.842222222222219 ], [ 140.998333333333335, 39.845 ], [ 141.003055555555562, 39.853333333333332 ], [ 141.0125, 39.841944444444444 ], [ 141.051666666666677, 39.830277777777781 ], [ 141.072222222222223, 39.81527777777778 ], [ 141.095277777777767, 39.813055555555557 ], [ 141.1075, 39.816388888888888 ], [ 141.104722222222222, 39.811944444444443 ], [ 141.107777777777784, 39.807222222222222 ], [ 141.111388888888882, 39.80833333333333 ], [ 141.120555555555569, 39.80361111111111 ], [ 141.125833333333333, 39.80777777777778 ], [ 141.129444444444431, 39.806944444444447 ], [ 141.155555555555566, 39.788611111111109 ], [ 141.136944444444453, 39.758055555555558 ], [ 141.148888888888877, 39.75138888888889 ], [ 141.158888888888896, 39.755 ], [ 141.166944444444454, 39.74861111111111 ], [ 141.175277777777779, 39.751666666666665 ], [ 141.175555555555547, 39.757222222222225 ], [ 141.17972222222221, 39.76 ], [ 141.182222222222208, 39.755277777777778 ], [ 141.19527777777779, 39.75611111111111 ], [ 141.196666666666658, 39.761388888888888 ], [ 141.208333333333343, 39.765 ], [ 141.221388888888896, 39.776111111111113 ], [ 141.232777777777784, 39.773888888888891 ], [ 141.244166666666672, 39.7775 ], [ 141.262777777777785, 39.800555555555555 ], [ 141.259444444444455, 39.81 ], [ 141.275833333333338, 39.810277777777777 ], [ 141.283888888888896, 39.806111111111115 ], [ 141.291944444444454, 39.806111111111115 ], [ 141.296388888888885, 39.801388888888887 ], [ 141.298888888888882, 39.803888888888892 ], [ 141.309722222222234, 39.802777777777777 ], [ 141.313055555555565, 39.796388888888892 ], [ 141.32694444444445, 39.793333333333337 ], [ 141.329444444444448, 39.789166666666667 ], [ 141.350277777777791, 39.787222222222219 ], [ 141.360277777777782, 39.7775 ], [ 141.371111111111105, 39.774166666666666 ], [ 141.376666666666665, 39.761388888888888 ], [ 141.38388888888889, 39.758611111111108 ], [ 141.388333333333321, 39.750833333333333 ], [ 141.395, 39.7475 ], [ 141.410277777777765, 39.759722222222223 ], [ 141.42305555555555, 39.75611111111111 ], [ 141.438333333333333, 39.758611111111108 ], [ 141.4525, 39.766666666666666 ], [ 141.473055555555561, 39.764722222222225 ], [ 141.477777777777789, 39.769166666666663 ], [ 141.478055555555557, 39.775555555555556 ], [ 141.485833333333346, 39.7775 ], [ 141.489444444444445, 39.790833333333332 ], [ 141.499166666666667, 39.794166666666669 ], [ 141.501388888888897, 39.801388888888887 ], [ 141.498888888888899, 39.807222222222222 ], [ 141.5025, 39.810833333333335 ], [ 141.523055555555544, 39.806666666666665 ], [ 141.527222222222235, 39.812777777777775 ], [ 141.52, 39.819722222222225 ], [ 141.511666666666656, 39.847222222222221 ], [ 141.50222222222223, 39.856111111111112 ], [ 141.5075, 39.8675 ], [ 141.506111111111125, 39.87916666666667 ], [ 141.498611111111103, 39.87833333333333 ], [ 141.487222222222215, 39.88388888888889 ], [ 141.479166666666657, 39.875555555555557 ], [ 141.47, 39.874166666666667 ], [ 141.457222222222214, 39.881666666666668 ], [ 141.441666666666663, 39.884722222222223 ], [ 141.435833333333335, 39.881666666666668 ], [ 141.425555555555547, 39.882222222222225 ], [ 141.421111111111117, 39.887222222222221 ], [ 141.416666666666657, 39.885555555555555 ], [ 141.410555555555561, 39.889444444444443 ], [ 141.405833333333334, 39.888611111111111 ], [ 141.403333333333336, 39.891944444444448 ], [ 141.406944444444434, 39.896666666666668 ], [ 141.4, 39.8975 ], [ 141.397222222222211, 39.904166666666669 ], [ 141.401388888888903, 39.906388888888891 ], [ 141.403055555555568, 39.915 ], [ 141.383333333333326, 39.929722222222225 ], [ 141.385, 39.935833333333335 ], [ 141.373055555555567, 39.944166666666668 ], [ 141.378888888888895, 39.954444444444448 ], [ 141.378055555555562, 39.966666666666669 ], [ 141.371388888888902, 39.965833333333336 ], [ 141.355, 39.972222222222221 ], [ 141.338333333333338, 39.9725 ], [ 141.335833333333341, 39.977222222222224 ], [ 141.331666666666678, 39.974722222222219 ], [ 141.325, 39.976388888888891 ], [ 141.32138888888889, 39.979722222222222 ], [ 141.323055555555555, 39.983055555555552 ], [ 141.306666666666672, 39.988888888888887 ], [ 141.303055555555545, 39.99666666666667 ], [ 141.3075, 40.0025 ], [ 141.305833333333339, 40.01027777777778 ], [ 141.29583333333332, 40.017777777777781 ], [ 141.299166666666679, 40.023611111111109 ], [ 141.292222222222222, 40.028055555555554 ], [ 141.289444444444456, 40.038055555555559 ], [ 141.281111111111102, 40.0375 ], [ 141.278055555555568, 40.041111111111114 ], [ 141.262777777777785, 40.044166666666669 ], [ 141.251388888888897, 40.041388888888889 ], [ 141.244166666666672, 40.053888888888892 ], [ 141.236111111111114, 40.053888888888892 ], [ 141.230555555555554, 40.060833333333335 ], [ 141.226111111111123, 40.060277777777777 ], [ 141.223055555555561, 40.063611111111108 ], [ 141.206388888888881, 40.06666666666667 ], [ 141.188611111111101, 40.06388888888889 ], [ 141.180555555555543, 40.066111111111113 ], [ 141.171666666666653, 40.075277777777778 ], [ 141.159166666666664, 40.080555555555556 ], [ 141.161666666666662, 40.085277777777776 ], [ 141.152777777777771, 40.093055555555559 ], [ 141.12722222222223, 40.096111111111114 ] ], [ [ 141.327222222222218, 39.793055555555554 ], [ 141.3275, 39.793333333333337 ], [ 141.3275, 39.793055555555554 ], [ 141.327222222222218, 39.793055555555554 ] ] ] } },
{ "type": "Feature", "properties": { "id": "3", "name": "桂沢", "area_km2": 150.68, "n_rain_in": 4 }, "geometry": { "type": "Polygon", "coordinates": [ [ [ 142.0525, 43.301666666666669 ], [ 142.043333333333322, 43.295 ], [ 142.033055555555563, 43.295833333333334 ], [ 142.029444444444437, 43.288055555555559 ], [ 142.019166666666678, 43.288888888888891 ], [ 142.013055555555553, 43.284444444444446 ], [ 142.014722222222218, 43.274444444444441 ], [ 142.004166666666663, 43.266944444444448 ], [ 142.010277777777787, 43.261388888888888 ], [ 142.006666666666661, 43.241944444444442 ], [ 141.959444444444443, 43.228333333333332 ], [ 141.954444444444448, 43.221111111111114 ], [ 141.943333333333328, 43.216111111111111 ], [ 141.943611111111125, 43.207777777777778 ], [ 141.937222222222232, 43.199722222222221 ], [ 141.941388888888895, 43.191944444444445 ], [ 141.958333333333343, 43.194444444444443 ], [ 141.965277777777771, 43.188055555555557 ], [ 141.983888888888885, 43.186944444444443 ], [ 142.006944444444457, 43.171944444444442 ], [ 142.017777777777781, 43.172777777777775 ], [ 142.022777777777776, 43.17 ], [ 142.026944444444439, 43.173055555555557 ], [ 142.039166666666659, 43.150555555555556 ], [ 142.038055555555559, 43.145833333333336 ], [ 142.043055555555554, 43.142222222222223 ], [ 142.058888888888902, 43.146666666666668 ], [ 142.060833333333335, 43.157222222222224 ], [ 142.07, 43.160555555555554 ], [ 142.0725, 43.164722222222224 ], [ 142.086388888888877, 43.167777777777779 ], [ 142.096388888888896, 43.163888888888891 ], [ 142.108888888888885, 43.172222222222224 ], [ 142.11722222222221, 43.173611111111114 ], [ 142.12833333333333, 43.19027777777778 ], [ 142.156666666666666, 43.19638888888889 ], [ 142.152222222222235, 43.205 ], [ 142.155277777777769, 43.216388888888886 ], [ 142.161388888888894, 43.223888888888887 ], [ 142.161111111111097, 43.226666666666667 ], [ 142.15, 43.229166666666664 ], [ 142.1425, 43.226944444444442 ], [ 142.140555555555551, 43.223333333333336 ], [ 142.125555555555565, 43.219722222222224 ], [ 142.110833333333346, 43.224166666666669 ], [ 142.107777777777784, 43.235555555555557 ], [ 142.100277777777791, 43.2425 ], [ 142.094166666666666, 43.2575 ], [ 142.088611111111106, 43.260555555555555 ], [ 142.088611111111106, 43.269444444444446 ], [ 142.078333333333347, 43.271666666666668 ], [ 142.076111111111118, 43.275555555555556 ], [ 142.080555555555549, 43.283888888888889 ], [ 142.07916666666668, 43.286944444444444 ], [ 142.0625, 43.2925 ], [ 142.0525, 43.301666666666669 ] ] ] } },
{ "type": "Feature", "properties": { "id": "123", "name": "夕張シューパロ", "area_km2": 433.69, "n_rain_in": 6 }, "geometry": { "type": "Polygon", "coordinates": [ [ [ 142.278333333333336, 43.226666666666667 ], [ 142.267777777777781, 43.2225 ], [ 142.2475, 43.222777777777779 ], [ 142.243333333333339, 43.2125 ], [ 142.225, 43.208055555555553 ], [ 142.215833333333336, 43.211944444444441 ], [ 142.188888888888897, 43.206388888888888 ], [ 142.181666666666672, 43.213333333333331 ], [ 142.175833333333344, 43.213888888888889 ], [ 142.160277777777765, 43.223611111111111 ], [ 142.152222222222235, 43.205 ], [ 142.156666666666666, 43.19638888888889 ], [ 142.12833333333333, 43.19027777777778 ], [ 142.11722222222221, 43.173611111111114 ], [ 142.108888888888885, 43.172222222222224 ], [ 142.096388888888896, 43.163888888888891 ], [ 142.086388888888877, 43.167777777777779 ], [ 142.0725, 43.164722222222224 ], [ 142.07, 43.160555555555554 ], [ 142.060833333333335, 43.157222222222224 ], [ 142.058888888888902, 43.146666666666668 ], [ 142.043333333333322, 43.142222222222223 ], [ 142.035833333333329, 43.143888888888888 ], [ 142.030555555555566, 43.138333333333335 ], [ 142.039444444444456, 43.12027777777778 ], [ 142.0375, 43.11611111111111 ], [ 142.043333333333322, 43.108055555555552 ], [ 142.035555555555561, 43.098333333333336 ], [ 142.043611111111119, 43.086666666666666 ], [ 142.049444444444447, 43.088888888888889 ], [ 142.066111111111098, 43.084444444444443 ], [ 142.073888888888888, 43.087222222222223 ], [ 142.078333333333347, 43.078888888888891 ], [ 142.074444444444453, 43.06666666666667 ], [ 142.0775, 43.051944444444445 ], [ 142.082222222222214, 43.041666666666664 ], [ 142.09, 43.038333333333334 ], [ 142.098055555555561, 43.022222222222226 ], [ 142.103333333333325, 43.018888888888888 ], [ 142.1, 43.00611111111111 ], [ 142.103333333333325, 43.000833333333333 ], [ 142.102222222222224, 42.993333333333332 ], [ 142.111388888888882, 42.979722222222222 ], [ 142.11, 42.963888888888889 ], [ 142.115555555555545, 42.961111111111109 ], [ 142.116388888888878, 42.955555555555556 ], [ 142.14, 42.959722222222226 ], [ 142.145, 42.955555555555556 ], [ 142.145833333333343, 42.949722222222221 ], [ 142.1525, 42.954722222222223 ], [ 142.1625, 42.950555555555553 ], [ 142.170277777777784, 42.957222222222221 ], [ 142.178888888888878, 42.959166666666668 ], [ 142.183333333333337, 42.957777777777778 ], [ 142.185833333333335, 42.951388888888886 ], [ 142.201666666666654, 42.952222222222225 ], [ 142.210833333333341, 42.960277777777776 ], [ 142.223611111111097, 42.963055555555556 ], [ 142.223333333333329, 42.97 ], [ 142.228888888888889, 42.971944444444446 ], [ 142.239444444444445, 42.974166666666669 ], [ 142.25555555555556, 42.966666666666669 ], [ 142.2625, 42.9825 ], [ 142.271666666666675, 42.987222222222222 ], [ 142.278611111111104, 42.981111111111112 ], [ 142.284166666666664, 42.984722222222224 ], [ 142.291388888888889, 43.002222222222223 ], [ 142.289166666666659, 43.00888888888889 ], [ 142.296111111111117, 43.015555555555558 ], [ 142.320555555555558, 43.023611111111109 ], [ 142.33, 43.030833333333334 ], [ 142.323333333333323, 43.035833333333336 ], [ 142.325, 43.039722222222224 ], [ 142.320833333333326, 43.046666666666667 ], [ 142.294722222222219, 43.05083333333333 ], [ 142.269444444444446, 43.06583333333333 ], [ 142.263611111111118, 43.083333333333336 ], [ 142.250277777777768, 43.094166666666666 ], [ 142.250833333333333, 43.099722222222219 ], [ 142.243055555555543, 43.105833333333337 ], [ 142.244722222222208, 43.1175 ], [ 142.255277777777792, 43.124444444444443 ], [ 142.254444444444431, 43.132777777777775 ], [ 142.263888888888886, 43.136388888888888 ], [ 142.256666666666661, 43.149444444444441 ], [ 142.25333333333333, 43.150555555555556 ], [ 142.257222222222225, 43.154722222222219 ], [ 142.25555555555556, 43.160555555555554 ], [ 142.266111111111115, 43.171388888888892 ], [ 142.270277777777778, 43.188333333333333 ], [ 142.284166666666664, 43.198055555555555 ], [ 142.281666666666666, 43.201111111111111 ], [ 142.283888888888896, 43.210277777777776 ], [ 142.281388888888898, 43.220555555555556 ], [ 142.278333333333336, 43.226666666666667 ] ] ] } },
{ "type": "Feature", "properties": { "id": "1", "name": "大雪", "area_km2": 285.7, "n_rain_in": 6 }, "geometry": { "type": "MultiPolygon", "coordinates": [ [ [ [ 142.959166666666675, 43.526666666666664 ], [ 142.958888888888879, 43.526388888888889 ], [ 142.958888888888879, 43.526666666666664 ], [ 142.959166666666675, 43.526666666666664 ] ] ], [ [ [ 143.035833333333329, 43.6675 ], [ 143.04583333333332, 43.668888888888887 ], [ 143.050833333333344, 43.680555555555557 ], [ 143.075277777777785, 43.688055555555557 ], [ 143.09, 43.688333333333333 ], [ 143.100277777777791, 43.696944444444448 ], [ 143.116944444444442, 43.698333333333331 ], [ 143.12, 43.693888888888893 ], [ 143.128055555555562, 43.69361111111111 ], [ 143.134166666666658, 43.688611111111108 ], [ 143.146944444444443, 43.691111111111113 ], [ 143.145277777777778, 43.68 ], [ 143.14, 43.6775 ], [ 143.141944444444448, 43.670833333333334 ], [ 143.164166666666659, 43.657222222222224 ], [ 143.162777777777791, 43.651944444444446 ], [ 143.171666666666653, 43.646944444444443 ], [ 143.174166666666679, 43.639722222222225 ], [ 143.155, 43.628611111111113 ], [ 143.148055555555544, 43.615555555555552 ], [ 143.13611111111112, 43.6075 ], [ 143.13611111111112, 43.599722222222219 ], [ 143.1425, 43.595277777777781 ], [ 143.14166666666668, 43.591944444444444 ], [ 143.115555555555545, 43.583333333333336 ], [ 143.113055555555547, 43.578888888888891 ], [ 143.103055555555557, 43.576666666666668 ], [ 143.101388888888891, 43.5725 ], [ 143.083333333333343, 43.564166666666665 ], [ 143.07027777777779, 43.564444444444447 ], [ 143.068888888888893, 43.558611111111112 ], [ 143.061111111111103, 43.555555555555557 ], [ 143.041111111111121, 43.563333333333333 ], [ 143.035833333333329, 43.561388888888892 ], [ 143.03, 43.549166666666665 ], [ 143.024722222222209, 43.549444444444447 ], [ 143.021111111111111, 43.545833333333334 ], [ 143.023333333333341, 43.534166666666664 ], [ 143.014166666666654, 43.528611111111111 ], [ 142.988333333333344, 43.532777777777781 ], [ 142.975555555555559, 43.539166666666667 ], [ 142.973055555555561, 43.534444444444446 ], [ 142.968055555555566, 43.534444444444446 ], [ 142.964166666666671, 43.529444444444444 ], [ 142.962777777777774, 43.529444444444444 ], [ 142.961666666666673, 43.527777777777779 ], [ 142.960555555555544, 43.527777777777779 ], [ 142.960277777777776, 43.526944444444446 ], [ 142.959722222222211, 43.526944444444446 ], [ 142.959722222222211, 43.526666666666664 ], [ 142.959166666666675, 43.526666666666664 ], [ 142.953888888888883, 43.533888888888889 ], [ 142.944166666666661, 43.537222222222219 ], [ 142.935833333333335, 43.548611111111114 ], [ 142.927222222222213, 43.551111111111112 ], [ 142.913055555555559, 43.565 ], [ 142.893888888888881, 43.566111111111113 ], [ 142.890277777777783, 43.581944444444446 ], [ 142.897222222222211, 43.587777777777781 ], [ 142.894166666666678, 43.593333333333334 ], [ 142.899166666666673, 43.599722222222219 ], [ 142.895277777777778, 43.603888888888889 ], [ 142.898611111111109, 43.612777777777779 ], [ 142.897222222222211, 43.617777777777775 ], [ 142.9075, 43.640277777777776 ], [ 142.906388888888898, 43.646388888888886 ], [ 142.911666666666662, 43.654166666666669 ], [ 142.907222222222231, 43.662777777777777 ], [ 142.913055555555559, 43.661388888888887 ], [ 142.924722222222215, 43.666944444444447 ], [ 142.925555555555547, 43.671944444444442 ], [ 142.9325, 43.676388888888887 ], [ 142.941666666666663, 43.676666666666669 ], [ 142.945, 43.680555555555557 ], [ 142.959444444444443, 43.68333333333333 ], [ 142.964166666666671, 43.681666666666665 ], [ 142.9775, 43.69027777777778 ], [ 142.986666666666679, 43.68472222222222 ], [ 143.003055555555562, 43.696944444444448 ], [ 143.007222222222225, 43.683055555555555 ], [ 143.020277777777778, 43.674166666666665 ], [ 143.031666666666666, 43.673333333333332 ], [ 143.035833333333329, 43.6675 ] ], [ [ 143.034166666666664, 43.6675 ], [ 143.033888888888896, 43.667222222222222 ], [ 143.034166666666664, 43.667222222222222 ], [ 143.034166666666664, 43.6675 ] ] ] ] } },
{ "type": "Feature", "properties": { "id": "7", "name": "岩尾内", "area_km2": 331.48, "n_rain_in": 4 }, "geometry": { "type": "Polygon", "coordinates": [ [ [ 142.740277777777777, 44.1925 ], [ 142.717222222222233, 44.188055555555557 ], [ 142.716111111111104, 44.180555555555557 ], [ 142.701388888888886, 44.179166666666667 ], [ 142.698888888888888, 44.171388888888892 ], [ 142.703611111111115, 44.164166666666667 ], [ 142.702222222222218, 44.158888888888889 ], [ 142.709444444444443, 44.150277777777781 ], [ 142.709722222222211, 44.139166666666668 ], [ 142.714444444444439, 44.134444444444448 ], [ 142.713611111111106, 44.12638888888889 ], [ 142.706111111111113, 44.113888888888887 ], [ 142.708333333333343, 44.093333333333334 ], [ 142.701388888888886, 44.082222222222221 ], [ 142.709166666666675, 44.07138888888889 ], [ 142.708888888888879, 44.065555555555555 ], [ 142.6975, 44.059444444444445 ], [ 142.700833333333321, 44.034722222222221 ], [ 142.69638888888889, 44.025833333333331 ], [ 142.68972222222223, 44.024166666666666 ], [ 142.688055555555565, 44.013611111111111 ], [ 142.701111111111118, 44.003055555555555 ], [ 142.720277777777767, 43.996388888888887 ], [ 142.725833333333327, 43.979444444444447 ], [ 142.737777777777779, 43.971666666666664 ], [ 142.7375, 43.956111111111113 ], [ 142.744722222222208, 43.954722222222223 ], [ 142.745555555555569, 43.94916666666667 ], [ 142.754722222222227, 43.946944444444448 ], [ 142.756111111111125, 43.941388888888888 ], [ 142.7675, 43.938333333333333 ], [ 142.768055555555549, 43.934444444444445 ], [ 142.776944444444439, 43.928333333333335 ], [ 142.795277777777784, 43.922222222222224 ], [ 142.79805555555555, 43.916388888888889 ], [ 142.816666666666663, 43.915277777777774 ], [ 142.828333333333347, 43.920833333333334 ], [ 142.83, 43.929722222222225 ], [ 142.840833333333336, 43.935277777777777 ], [ 142.843055555555566, 43.94166666666667 ], [ 142.853055555555557, 43.944722222222225 ], [ 142.863611111111112, 43.942777777777778 ], [ 142.8675, 43.950277777777778 ], [ 142.881111111111125, 43.952777777777776 ], [ 142.884722222222223, 43.956388888888888 ], [ 142.885555555555555, 43.9625 ], [ 142.890833333333347, 43.965555555555554 ], [ 142.888611111111118, 43.976388888888891 ], [ 142.897777777777776, 43.979722222222222 ], [ 142.902222222222235, 43.989166666666669 ], [ 142.894444444444446, 44.0025 ], [ 142.898333333333341, 44.008055555555558 ], [ 142.889166666666654, 44.020833333333336 ], [ 142.875, 44.018888888888888 ], [ 142.876666666666665, 44.0325 ], [ 142.866388888888878, 44.039444444444442 ], [ 142.873611111111103, 44.0475 ], [ 142.881666666666661, 44.050277777777779 ], [ 142.874722222222232, 44.05972222222222 ], [ 142.863333333333344, 44.064166666666665 ], [ 142.86055555555555, 44.069166666666668 ], [ 142.871388888888902, 44.084722222222226 ], [ 142.856944444444451, 44.090555555555554 ], [ 142.855, 44.099444444444444 ], [ 142.858055555555552, 44.100555555555559 ], [ 142.856388888888887, 44.104444444444447 ], [ 142.86055555555555, 44.108333333333334 ], [ 142.856111111111119, 44.110555555555557 ], [ 142.851388888888891, 44.1225 ], [ 142.841944444444437, 44.127222222222223 ], [ 142.843611111111102, 44.133333333333333 ], [ 142.839722222222235, 44.136111111111113 ], [ 142.843055555555566, 44.145833333333336 ], [ 142.838333333333338, 44.149722222222223 ], [ 142.838611111111106, 44.156944444444441 ], [ 142.820833333333326, 44.153888888888886 ], [ 142.811388888888899, 44.144444444444446 ], [ 142.801944444444445, 44.141666666666666 ], [ 142.79, 44.148611111111109 ], [ 142.7925, 44.157777777777781 ], [ 142.783611111111099, 44.161388888888887 ], [ 142.780555555555566, 44.169444444444444 ], [ 142.77, 44.17861111111111 ], [ 142.75, 44.18 ], [ 142.746944444444438, 44.189166666666665 ], [ 142.740277777777777, 44.1925 ] ], [ [ 142.721388888888896, 43.9975 ], [ 142.721666666666664, 43.997777777777777 ], [ 142.721666666666664, 43.9975 ], [ 142.721388888888896, 43.9975 ] ], [ [ 142.721111111111099, 43.99722222222222 ], [ 142.721388888888896, 43.9975 ], [ 142.721388888888896, 43.99722222222222 ], [ 142.721111111111099, 43.99722222222222 ] ], [ [ 142.720833333333331, 43.996944444444445 ], [ 142.721111111111099, 43.99722222222222 ], [ 142.721111111111099, 43.996944444444445 ], [ 142.720833333333331, 43.996944444444445 ] ], [ [ 142.720555555555563, 43.99666666666667 ], [ 142.720833333333331, 43.996944444444445 ], [ 142.720833333333331, 43.99666666666667 ], [ 142.720555555555563, 43.99666666666667 ] ], [ [ 142.720277777777767, 43.996388888888887 ], [ 142.720555555555563, 43.99666666666667 ], [ 142.720555555555563, 43.996388888888887 ], [ 142.720277777777767, 43.996388888888887 ] ] ] } }
]
}
