{"type": "FeatureCollection", "features": [{"type": "Feature", "geometry": {"type": "Point", "coordinates": [143.0475, 43.6711111]}, "properties": {"dam_name": "大雪", "prefecture": "北海道", "water_system": "石狩川", "river": "石狩川", "manager": "北海道開発局", "manager_class": "国交省直轄", "hourly_in_riverdb": "True"}}, {"type": "Feature", "geometry": {"type": "Point", "coordinates": [142.4416667, 43.1272222]}, "properties": {"dam_name": "金山", "prefecture": "北海道", "water_system": "石狩川", "river": "空知川", "manager": "北海道開発局", "manager_class": "国交省直轄", "hourly_in_riverdb": "True"}}, {"type": "Feature", "geometry": {"type": "Point", "coordinates": [142.0025, 43.2397222]}, "properties": {"dam_name": "桂沢", "prefecture": "北海道", "water_system": "石狩川", "river": "幾春別川", "manager": "北海道開発局", "manager_class": "国交省直轄", "hourly_in_riverdb": "True"}}, {"type": "Feature", "geometry": {"type": "Point", "coordinates": [141.4483333, 42.8444444]}, "properties": {"dam_name": "漁川", "prefecture": "北海道", "water_system": "石狩川", "river": "漁川", "manager": "北海道開発局", "manager_class": "国交省直轄", "hourly_in_riverdb": "True"}}, {"type": "Feature", "geometry": {"type": "Point", "coordinates": [141.1575, 42.9116667]}, "properties": {"dam_name": "豊平峡", "prefecture": "北海道", "water_system": "石狩川", "river": "豊平川", "manager": "北海道開発局", "manager_class": "国交省直轄", "hourly_in_riverdb": "True"}}, {"type": "Feature", "geometry": {"type": "Point", "coordinates": [141.1541667, 42.985]}, "properties": {"dam_name": "定山渓", "prefecture": "北海道", "water_system": "石狩川", "river": "小樽内川", "manager": "北海道開発局", "manager_class": "国交省直轄", "hourly_in_riverdb": "True"}}, {"type": "Feature", "geometry": {"type": "Point", "coordinates": [142.7072222, 44.1147222]}, "properties": {"dam_name": "岩尾内", "prefecture": "北海道", "water_system": "天塩川", "river": "天塩川", "manager": "北海道開発局", "manager_class": "国交省直轄", "hourly_in_riverdb": "True"}}, {"type": "Feature", "geometry": {"type": "Point", "coordinates": [143.3869444, 43.6066667]}, "properties": {"dam_name": "鹿ノ子", "prefecture": "北海道", "water_system": "常呂川", "river": "常呂川", "manager": "北海道開発局", "manager_class": "国交省直轄", "hourly_in_riverdb": "True"}}, {"type": "Feature", "geometry": {"type": "Point", "coordinates": [142.9416667, 43.2416667]}, "properties": {"dam_name": "十勝", "prefecture": "北海道", "water_system": "十勝川", "river": "十勝川", "manager": "北海道開発局", "manager_class": "国交省直轄", "hourly_in_riverdb": "True"}}, {"type": "Feature", "geometry": {"type": "Point", "coordinates": [140.2023861, 42.4732278]}, "properties": {"dam_name": "美利河", "prefecture": "北海道", "water_system": "後志利別", "river": "後志利別", "manager": "北海道開発局", "manager_class": "国交省直轄", "hourly_in_riverdb": "True"}}, {"type": "Feature", "geometry": {"type": "Point", "coordinates": [142.1527778, 42.6272222]}, "properties": {"dam_name": "二風谷", "prefecture": "北海道", "water_system": "沙流川", "river": "沙流川", "manager": "北海道開発局", "manager_class": "国交省直轄", "hourly_in_riverdb": "True"}}, {"type": "Feature", "geometry": {"type": "Point", "coordinates": [142.9238889, 42.5897222]}, "properties": {"dam_name": "札内川", "prefecture": "北海道", "water_system": "十勝川", "river": "札内川", "manager": "北海道開発局", "manager_class": "国交省直轄", "hourly_in_riverdb": "True"}}, {"type": "Feature", "geometry": {"type": "Point", "coordinates": [142.2880556, 43.4436111]}, "properties": {"dam_name": "滝里", "prefecture": "北海道", "water_system": "石狩川", "river": "空知川", "manager": "北海道開発局", "manager_class": "国交省直轄", "hourly_in_riverdb": "True"}}, {"type": "Feature", "geometry": {"type": "Point", "coordinates": [142.6302778, 43.6275]}, "properties": {"dam_name": "忠別", "prefecture": "北海道", "water_system": "石狩川", "river": "忠別川", "manager": "北海道開発局", "manager_class": "国交省直轄", "hourly_in_riverdb": "True"}}, {"type": "Feature", "geometry": {"type": "Point", "coordinates": [141.7627778, 43.8352778]}, "properties": {"dam_name": "留萌", "prefecture": "北海道", "water_system": "留萌川", "river": "チバベリ川", "manager": "北海道開発局", "manager_class": "国交省直轄", "hourly_in_riverdb": "True"}}, {"type": "Feature", "geometry": {"type": "Point", "coordinates": [141.1480556, 39.7527778]}, "properties": {"dam_name": "四十四田", "prefecture": "岩手県", "water_system": "北上川", "river": "北上川", "manager": "東北地方整備局", "manager_class": "国交省直轄", "hourly_in_riverdb": "True"}}, {"type": "Feature", "geometry": {"type": "Point", "coordinates": [141.3180556, 39.3452778]}, "properties": {"dam_name": "田瀬", "prefecture": "岩手県", "water_system": "北上川", "river": "猿ヶ石川", "manager": "東北地方整備局", "manager_class": "国交省直轄", "hourly_in_riverdb": "True"}}, {"type": "Feature", "geometry": {"type": "Point", "coordinates": [140.8833333, 39.3011111]}, "properties": {"dam_name": "湯田", "prefecture": "岩手県", "water_system": "北上川", "river": "和賀川", "manager": "東北地方整備局", "manager_class": "国交省直轄", "hourly_in_riverdb": "True"}}, {"type": "Feature", "geometry": {"type": "Point", "coordinates": [140.9030556, 39.1158333]}, "properties": {"dam_name": "石淵", "prefecture": "岩手県", "water_system": "北上川", "river": "胆沢川", "manager": "東北地方整備局", "manager_class": "国交省直轄", "hourly_in_riverdb": "True"}}, {"type": "Feature", "geometry": {"type": "Point", "coordinates": [140.7050278, 38.7542917]}, "properties": {"dam_name": "鳴子", "prefecture": "宮城県", "water_system": "北上川", "river": "江合川", "manager": "東北地方整備局", "manager_class": "国交省直轄", "hourly_in_riverdb": "True"}}, {"type": "Feature", "geometry": {"type": "Point", "coordinates": [141.0127778, 39.6902778]}, "properties": {"dam_name": "御所", "prefecture": "岩手県", "water_system": "北上川", "river": "雫石川", "manager": "東北地方整備局", "manager_class": "国交省直轄", "hourly_in_riverdb": "True"}}, {"type": "Feature", "geometry": {"type": "Point", "coordinates": [140.6997222, 38.2002778]}, "properties": {"dam_name": "釜房", "prefecture": "宮城県", "water_system": "名取川", "river": "碁石川", "manager": "東北地方整備局", "manager_class": "国交省直轄", "hourly_in_riverdb": "True"}}, {"type": "Feature", "geometry": {"type": "Point", "coordinates": [139.9261111, 37.9719444]}, "properties": {"dam_name": "白川（直轄）", "prefecture": "山形県", "water_system": "最上川", "river": "置賜白川", "manager": "東北地方整備局", "manager_class": "国交省直轄", "hourly_in_riverdb": "True"}}, {"type": "Feature", "geometry": {"type": "Point", "coordinates": [140.0383333, 38.4552778]}, "properties": {"dam_name": "寒河江", "prefecture": "山形県", "water_system": "最上川", "river": "寒河江川", "manager": "東北地方整備局", "manager_class": "国交省直轄", "hourly_in_riverdb": "True"}}, {"type": "Feature", "geometry": {"type": "Point", "coordinates": [140.6963889, 40.5941667]}, "properties": {"dam_name": "浅瀬石川", "prefecture": "青森県", "water_system": "岩木川", "river": "浅瀬石川", "manager": "東北地方整備局", "manager_class": "国交省直轄", "hourly_in_riverdb": "True"}}, {"type": "Feature", "geometry": {"type": "Point", "coordinates": [140.6388889, 39.8291667]}, "properties": {"dam_name": "玉川（直轄）", "prefecture": "秋田県", "water_system": "雄物川", "river": "玉川", "manager": "東北地方整備局", "manager_class": "国交省直轄", "hourly_in_riverdb": "True"}}, {"type": "Feature", "geometry": {"type": "Point", "coordinates": [140.5138889, 37.9613889]}, "properties": {"dam_name": "七ヶ宿", "prefecture": "宮城県", "water_system": "阿武隈川", "river": "白石川", "manager": "東北地方整備局", "manager_class": "国交省直轄", "hourly_in_riverdb": "True"}}, {"type": "Feature", "geometry": {"type": "Point", "coordinates": [140.4750917, 37.4038583]}, "properties": {"dam_name": "三春", "prefecture": "福島県", "water_system": "阿武隈川", "river": "大滝根川", "manager": "東北地方整備局", "manager_class": "国交省直轄", "hourly_in_riverdb": "True"}}, {"type": "Feature", "geometry": {"type": "Point", "coordinates": [139.8927778, 38.5841667]}, "properties": {"dam_name": "月山", "prefecture": "山形県", "water_system": "赤川", "river": "梵字川", "manager": "東北地方整備局", "manager_class": "国交省直轄", "hourly_in_riverdb": "True"}}, {"type": "Feature", "geometry": {"type": "Point", "coordinates": [140.4156444, 37.9262083]}, "properties": {"dam_name": "摺上川", "prefecture": "福島県", "water_system": "阿武隈川", "river": "摺上川", "manager": "東北地方整備局", "manager_class": "国交省直轄", "hourly_in_riverdb": "True"}}, {"type": "Feature", "geometry": {"type": "Point", "coordinates": [139.9572222, 38.1008333]}, "properties": {"dam_name": "長井", "prefecture": "山形県", "water_system": "最上川", "river": "置賜野川", "manager": "東北地方整備局", "manager_class": "国交省直轄", "hourly_in_riverdb": "True"}}, {"type": "Feature", "geometry": {"type": "Point", "coordinates": [140.4577778, 40.0358333]}, "properties": {"dam_name": "森吉山", "prefecture": "秋田県", "water_system": "米代川", "river": "小又川", "manager": "東北地方整備局", "manager_class": "国交省直轄", "hourly_in_riverdb": "True"}}, {"type": "Feature", "geometry": {"type": "Point", "coordinates": [139.0366667, 36.8041667]}, "properties": {"dam_name": "藤原", "prefecture": "群馬県", "water_system": "利根川", "river": "利根川", "manager": "関東地方整備局", "manager_class": "国交省直轄", "hourly_in_riverdb": "True"}}, {"type": "Feature", "geometry": {"type": "Point", "coordinates": [138.8930556, 36.7122222]}, "properties": {"dam_name": "相俣", "prefecture": "群馬県", "water_system": "利根川", "river": "赤谷川", "manager": "関東地方整備局", "manager_class": "国交省直轄", "hourly_in_riverdb": "True"}}, {"type": "Feature", "geometry": {"type": "Point", "coordinates": [139.175, 36.6388889]}, "properties": {"dam_name": "薗原", "prefecture": "群馬県", "water_system": "利根川", "river": "片品川", "manager": "関東地方整備局", "manager_class": "国交省直轄", "hourly_in_riverdb": "True"}}, {"type": "Feature", "geometry": {"type": "Point", "coordinates": [138.6341944, 36.6282222]}, "properties": {"dam_name": "品木", "prefecture": "群馬県", "water_system": "利根川", "river": "湯川", "manager": "関東地方整備局", "manager_class": "国交省直轄", "hourly_in_riverdb": "True"}}, {"type": "Feature", "geometry": {"type": "Point", "coordinates": [139.7056917, 36.9029917]}, "properties": {"dam_name": "五十里", "prefecture": "栃木県", "water_system": "利根川", "river": "男鹿川", "manager": "関東地方整備局", "manager_class": "国交省直轄", "hourly_in_riverdb": "True"}}, {"type": "Feature", "geometry": {"type": "Point", "coordinates": [139.5201722, 36.8780056]}, "properties": {"dam_name": "川俣", "prefecture": "栃木県", "water_system": "利根川", "river": "鬼怒川", "manager": "関東地方整備局", "manager_class": "国交省直轄", "hourly_in_riverdb": "True"}}, {"type": "Feature", "geometry": {"type": "Point", "coordinates": [139.6927611, 36.8988028]}, "properties": {"dam_name": "川治", "prefecture": "栃木県", "water_system": "利根川", "river": "鬼怒川", "manager": "関東地方整備局", "manager_class": "国交省直轄", "hourly_in_riverdb": "True"}}, {"type": "Feature", "geometry": {"type": "Point", "coordinates": [139.6633333, 36.9361111]}, "properties": {"dam_name": "湯西川", "prefecture": "栃木県", "water_system": "利根川", "river": "湯西川", "manager": "関東地方整備局", "manager_class": "国交省直轄", "hourly_in_riverdb": "True"}}, {"type": "Feature", "geometry": {"type": "Point", "coordinates": [138.9097611, 35.9415694]}, "properties": {"dam_name": "二瀬", "prefecture": "埼玉県", "water_system": "荒川", "river": "荒川", "manager": "関東地方整備局", "manager_class": "国交省直轄", "hourly_in_riverdb": "True"}}, {"type": "Feature", "geometry": {"type": "Point", "coordinates": [139.2499611, 35.5433917]}, "properties": {"dam_name": "宮ヶ瀬", "prefecture": "神奈川県", "water_system": "相模川", "river": "中津川", "manager": "関東地方整備局", "manager_class": "国交省直轄", "hourly_in_riverdb": "True"}}, {"type": "Feature", "geometry": {"type": "Point", "coordinates": [139.5680556, 38.0305556]}, "properties": {"dam_name": "大石", "prefecture": "新潟県", "water_system": "荒川", "river": "大石川", "manager": "北陸地方整備局", "manager_class": "国交省直轄", "hourly_in_riverdb": "True"}}, {"type": "Feature", "geometry": {"type": "Point", "coordinates": [136.6408333, 36.2683333]}, "properties": {"dam_name": "手取川", "prefecture": "石川県", "water_system": "手取川", "river": "手取川", "manager": "北陸地方整備局", "manager_class": "国交省直轄", "hourly_in_riverdb": "True"}}, {"type": "Feature", "geometry": {"type": "Point", "coordinates": [137.7822222, 36.5163889]}, "properties": {"dam_name": "大町", "prefecture": "長野県", "water_system": "信濃川", "river": "高瀬川", "manager": "北陸地方整備局", "manager_class": "国交省直轄", "hourly_in_riverdb": "True"}}, {"type": "Feature", "geometry": {"type": "Point", "coordinates": [139.9102778, 37.3472222]}, "properties": {"dam_name": "大川（直轄）", "prefecture": "福島県", "water_system": "阿賀野川", "river": "阿賀川", "manager": "北陸地方整備局", "manager_class": "国交省直轄", "hourly_in_riverdb": "True"}}, {"type": "Feature", "geometry": {"type": "Point", "coordinates": [139.0025, 37.0552778]}, "properties": {"dam_name": "三国川", "prefecture": "新潟県", "water_system": "信濃川", "river": "三国川", "manager": "北陸地方整備局", "manager_class": "国交省直轄", "hourly_in_riverdb": "True"}}, {"type": "Feature", "geometry": {"type": "Point", "coordinates": [137.5913889, 36.8097222]}, "properties": {"dam_name": "宇奈月", "prefecture": "富山県", "water_system": "黒部川", "river": "黒部川", "manager": "北陸地方整備局", "manager_class": "国交省直轄", "hourly_in_riverdb": "True"}}, {"type": "Feature", "geometry": {"type": "Point", "coordinates": [139.8241667, 38.0366667]}, "properties": {"dam_name": "横川（直轄）", "prefecture": "山形県", "water_system": "荒川", "river": "横川", "manager": "北陸地方整備局", "manager_class": "国交省直轄", "hourly_in_riverdb": "True"}}, {"type": "Feature", "geometry": {"type": "Point", "coordinates": [138.0711111, 35.8138889]}, "properties": {"dam_name": "美和", "prefecture": "長野県", "water_system": "天竜川", "river": "三峰川", "manager": "中部地方整備局", "manager_class": "国交省直轄", "hourly_in_riverdb": "True"}}, {"type": "Feature", "geometry": {"type": "Point", "coordinates": [137.9774722, 35.6054167]}, "properties": {"dam_name": "小渋", "prefecture": "長野県", "water_system": "天竜川", "river": "小渋川", "manager": "中部地方整備局", "manager_class": "国交省直轄", "hourly_in_riverdb": "True"}}, {"type": "Feature", "geometry": {"type": "Point", "coordinates": [137.7569667, 35.12715]}, "properties": {"dam_name": "新豊根", "prefecture": "愛知県", "water_system": "天竜川", "river": "大入川", "manager": "中部地方整備局", "manager_class": "国交省直轄", "hourly_in_riverdb": "True"}}, {"type": "Feature", "geometry": {"type": "Point", "coordinates": [137.4158833, 35.2351833]}, "properties": {"dam_name": "矢作", "prefecture": "岐阜県", "water_system": "矢作川", "river": "矢作川", "manager": "中部地方整備局", "manager_class": "国交省直轄", "hourly_in_riverdb": "True"}}, {"type": "Feature", "geometry": {"type": "Point", "coordinates": [137.17, 35.4680556]}, "properties": {"dam_name": "丸山", "prefecture": "岐阜県", "water_system": "木曽川", "river": "木曽川", "manager": "中部地方整備局", "manager_class": "国交省直轄", "hourly_in_riverdb": "True"}}, {"type": "Feature", "geometry": {"type": "Point", "coordinates": [136.4561111, 35.5922222]}, "properties": {"dam_name": "横山", "prefecture": "岐阜県", "water_system": "木曽川", "river": "揖斐川", "manager": "中部地方整備局", "manager_class": "国交省直轄", "hourly_in_riverdb": "True"}}, {"type": "Feature", "geometry": {"type": "Point", "coordinates": [136.2136111, 34.3733333]}, "properties": {"dam_name": "蓮", "prefecture": "三重県", "water_system": "櫛田川", "river": "蓮川", "manager": "中部地方整備局", "manager_class": "国交省直轄", "hourly_in_riverdb": "True"}}, {"type": "Feature", "geometry": {"type": "Point", "coordinates": [138.1569444, 35.1669444]}, "properties": {"dam_name": "長島", "prefecture": "静岡県", "water_system": "大井川", "river": "大井川", "manager": "中部地方整備局", "manager_class": "国交省直轄", "hourly_in_riverdb": "True"}}, {"type": "Feature", "geometry": {"type": "Point", "coordinates": [137.3027778, 35.3288889]}, "properties": {"dam_name": "小里川", "prefecture": "岐阜県", "water_system": "庄内川", "river": "小里川", "manager": "中部地方整備局", "manager_class": "国交省直轄", "hourly_in_riverdb": "True"}}, {"type": "Feature", "geometry": {"type": "Point", "coordinates": [135.8281139, 34.8809306]}, "properties": {"dam_name": "天ヶ瀬", "prefecture": "京都府", "water_system": "淀川", "river": "淀川（宇治川）", "manager": "近畿地方整備局", "manager_class": "国交省直轄", "hourly_in_riverdb": "True"}}, {"type": "Feature", "geometry": {"type": "Point", "coordinates": [136.6897222, 35.8886111]}, "properties": {"dam_name": "九頭竜", "prefecture": "福井県", "water_system": "九頭竜川", "river": "九頭竜川", "manager": "近畿地方整備局", "manager_class": "国交省直轄", "hourly_in_riverdb": "True"}}, {"type": "Feature", "geometry": {"type": "Point", "coordinates": [136.540925, 35.9189611]}, "properties": {"dam_name": "真名川", "prefecture": "福井県", "water_system": "九頭竜川", "river": "真名川", "manager": "近畿地方整備局", "manager_class": "国交省直轄", "hourly_in_riverdb": "True"}}, {"type": "Feature", "geometry": {"type": "Point", "coordinates": [135.7447222, 34.175]}, "properties": {"dam_name": "猿谷", "prefecture": "奈良県", "water_system": "新宮川", "river": "熊野川", "manager": "近畿地方整備局", "manager_class": "国交省直轄", "hourly_in_riverdb": "True"}}, {"type": "Feature", "geometry": {"type": "Point", "coordinates": [133.3005556, 35.2022222]}, "properties": {"dam_name": "菅沢", "prefecture": "鳥取県", "water_system": "日野川", "river": "印賀川", "manager": "中国地方整備局", "manager_class": "国交省直轄", "hourly_in_riverdb": "True"}}, {"type": "Feature", "geometry": {"type": "Point", "coordinates": [132.6221861, 34.6440361]}, "properties": {"dam_name": "土師", "prefecture": "広島県", "water_system": "江の川", "river": "江の川", "manager": "中国地方整備局", "manager_class": "国交省直轄", "hourly_in_riverdb": "True"}}, {"type": "Feature", "geometry": {"type": "Point", "coordinates": [131.7752778, 34.1702778]}, "properties": {"dam_name": "島地川", "prefecture": "山口県", "water_system": "佐波川", "river": "島地川", "manager": "中国地方整備局", "manager_class": "国交省直轄", "hourly_in_riverdb": "True"}}, {"type": "Feature", "geometry": {"type": "Point", "coordinates": [132.165, 34.2352778]}, "properties": {"dam_name": "弥栄", "prefecture": "広島県", "water_system": "小瀬川", "river": "小瀬川", "manager": "中国地方整備局", "manager_class": "国交省直轄", "hourly_in_riverdb": "True"}}, {"type": "Feature", "geometry": {"type": "Point", "coordinates": [133.1488889, 34.585]}, "properties": {"dam_name": "八田原", "prefecture": "広島県", "water_system": "芦田川", "river": "芦田川", "manager": "中国地方整備局", "manager_class": "国交省直轄", "hourly_in_riverdb": "True"}}, {"type": "Feature", "geometry": {"type": "Point", "coordinates": [132.3033333, 34.635]}, "properties": {"dam_name": "温井", "prefecture": "広島県", "water_system": "太田川", "river": "滝山川", "manager": "中国地方整備局", "manager_class": "国交省直轄", "hourly_in_riverdb": "True"}}, {"type": "Feature", "geometry": {"type": "Point", "coordinates": [133.8941667, 35.1269444]}, "properties": {"dam_name": "苫田", "prefecture": "岡山県", "water_system": "吉井川", "river": "吉井川", "manager": "中国地方整備局", "manager_class": "国交省直轄", "hourly_in_riverdb": "True"}}, {"type": "Feature", "geometry": {"type": "Point", "coordinates": [132.9877778, 34.7808333]}, "properties": {"dam_name": "灰塚", "prefecture": "広島県", "water_system": "江の川", "river": "上下川", "manager": "中国地方整備局", "manager_class": "国交省直轄", "hourly_in_riverdb": "True"}}, {"type": "Feature", "geometry": {"type": "Point", "coordinates": [132.68, 35.17]}, "properties": {"dam_name": "志津見", "prefecture": "島根県", "water_system": "斐伊川", "river": "神戸川", "manager": "中国地方整備局", "manager_class": "国交省直轄", "hourly_in_riverdb": "True"}}, {"type": "Feature", "geometry": {"type": "Point", "coordinates": [132.9616667, 35.2247222]}, "properties": {"dam_name": "尾原", "prefecture": "島根県", "water_system": "斐伊川", "river": "斐伊川", "manager": "中国地方整備局", "manager_class": "国交省直轄", "hourly_in_riverdb": "True"}}, {"type": "Feature", "geometry": {"type": "Point", "coordinates": [134.3422222, 35.4491667]}, "properties": {"dam_name": "殿", "prefecture": "鳥取県", "water_system": "千代川", "river": "袋川", "manager": "中国地方整備局", "manager_class": "国交省直轄", "hourly_in_riverdb": "True"}}, {"type": "Feature", "geometry": {"type": "Point", "coordinates": [133.5694444, 33.9366667]}, "properties": {"dam_name": "柳瀬", "prefecture": "愛媛県", "water_system": "吉野川", "river": "銅山川", "manager": "四国地方整備局", "manager_class": "国交省直轄", "hourly_in_riverdb": "True"}}, {"type": "Feature", "geometry": {"type": "Point", "coordinates": [132.8405556, 33.875]}, "properties": {"dam_name": "石手川", "prefecture": "愛媛県", "water_system": "重信川", "river": "石手川", "manager": "四国地方整備局", "manager_class": "国交省直轄", "hourly_in_riverdb": "True"}}, {"type": "Feature", "geometry": {"type": "Point", "coordinates": [132.6283333, 33.3605556]}, "properties": {"dam_name": "野村", "prefecture": "愛媛県", "water_system": "肱川", "river": "肱川", "manager": "四国地方整備局", "manager_class": "国交省直轄", "hourly_in_riverdb": "True"}}, {"type": "Feature", "geometry": {"type": "Point", "coordinates": [133.1155556, 33.545]}, "properties": {"dam_name": "大渡", "prefecture": "高知県", "water_system": "仁淀川", "river": "仁淀川", "manager": "四国地方整備局", "manager_class": "国交省直轄", "hourly_in_riverdb": "True"}}, {"type": "Feature", "geometry": {"type": "Point", "coordinates": [132.8105556, 32.9275]}, "properties": {"dam_name": "中筋川", "prefecture": "高知県", "water_system": "渡川", "river": "中筋川", "manager": "四国地方整備局", "manager_class": "国交省直轄", "hourly_in_riverdb": "True"}}, {"type": "Feature", "geometry": {"type": "Point", "coordinates": [132.6852778, 33.4502778]}, "properties": {"dam_name": "鹿野川", "prefecture": "愛媛県", "water_system": "肱川", "river": "肱川", "manager": "四国地方整備局", "manager_class": "国交省直轄", "hourly_in_riverdb": "True"}}, {"type": "Feature", "geometry": {"type": "Point", "coordinates": [134.3638889, 33.8088889]}, "properties": {"dam_name": "長安口", "prefecture": "徳島県", "water_system": "那賀川", "river": "那賀川", "manager": "四国地方整備局", "manager_class": "国交省直轄", "hourly_in_riverdb": "True"}}, {"type": "Feature", "geometry": {"type": "Point", "coordinates": [130.4958333, 31.9852778]}, "properties": {"dam_name": "鶴田", "prefecture": "鹿児島県", "water_system": "川内川", "river": "川内川", "manager": "九州地方整備局", "manager_class": "国交省直轄", "hourly_in_riverdb": "True"}}, {"type": "Feature", "geometry": {"type": "Point", "coordinates": [130.9088889, 32.62725]}, "properties": {"dam_name": "緑川", "prefecture": "熊本県", "water_system": "緑川", "river": "緑川", "manager": "九州地方整備局", "manager_class": "国交省直轄", "hourly_in_riverdb": "True"}}, {"type": "Feature", "geometry": {"type": "Point", "coordinates": [130.9854111, 33.1594583]}, "properties": {"dam_name": "下筌", "prefecture": "熊本県", "water_system": "筑後川", "river": "津江川", "manager": "九州地方整備局", "manager_class": "国交省直轄", "hourly_in_riverdb": "True"}}, {"type": "Feature", "geometry": {"type": "Point", "coordinates": [130.9934639, 33.1944556]}, "properties": {"dam_name": "松原", "prefecture": "大分県", "water_system": "筑後川", "river": "筑後川", "manager": "九州地方整備局", "manager_class": "国交省直轄", "hourly_in_riverdb": "True"}}, {"type": "Feature", "geometry": {"type": "Point", "coordinates": [131.1252778, 33.4475]}, "properties": {"dam_name": "耶馬渓", "prefecture": "大分県", "water_system": "山国川", "river": "山移川", "manager": "九州地方整備局", "manager_class": "国交省直轄", "hourly_in_riverdb": "True"}}, {"type": "Feature", "geometry": {"type": "Point", "coordinates": [130.1027, 33.3266444]}, "properties": {"dam_name": "厳木", "prefecture": "佐賀県", "water_system": "松浦川", "river": "厳木川", "manager": "九州地方整備局", "manager_class": "国交省直轄", "hourly_in_riverdb": "True"}}, {"type": "Feature", "geometry": {"type": "Point", "coordinates": [130.8469444, 33.0372222]}, "properties": {"dam_name": "竜門（直轄）", "prefecture": "熊本県", "water_system": "菊池川", "river": "迫間川", "manager": "九州地方整備局", "manager_class": "国交省直轄", "hourly_in_riverdb": "True"}}, {"type": "Feature", "geometry": {"type": "Point", "coordinates": [130.2169444, 33.3894444]}, "properties": {"dam_name": "嘉瀬川", "prefecture": "佐賀県", "water_system": "嘉瀬川", "river": "嘉瀬川", "manager": "九州地方整備局", "manager_class": "国交省直轄", "hourly_in_riverdb": "True"}}, {"type": "Feature", "geometry": {"type": "Point", "coordinates": [128.1775, 26.6436111]}, "properties": {"dam_name": "福地", "prefecture": "沖縄県", "water_system": "福地川", "river": "福地川", "manager": "沖縄総合事務局", "manager_class": "都道府県・その他", "hourly_in_riverdb": "False"}}, {"type": "Feature", "geometry": {"type": "Point", "coordinates": [128.2472222, 26.6763889]}, "properties": {"dam_name": "新川", "prefecture": "沖縄県", "water_system": "新川川", "river": "新川川", "manager": "沖縄総合事務局", "manager_class": "都道府県・その他", "hourly_in_riverdb": "False"}}, {"type": "Feature", "geometry": {"type": "Point", "coordinates": [128.2691667, 26.7105556]}, "properties": {"dam_name": "安波", "prefecture": "沖縄県", "water_system": "安波川", "river": "安波川", "manager": "沖縄総合事務局", "manager_class": "都道府県・その他", "hourly_in_riverdb": "False"}}, {"type": "Feature", "geometry": {"type": "Point", "coordinates": [128.2794444, 26.7413889]}, "properties": {"dam_name": "普久川", "prefecture": "沖縄県", "water_system": "安波川", "river": "普久川", "manager": "沖縄総合事務局", "manager_class": "都道府県・その他", "hourly_in_riverdb": "False"}}, {"type": "Feature", "geometry": {"type": "Point", "coordinates": [128.255, 26.7861111]}, "properties": {"dam_name": "辺野喜", "prefecture": "沖縄県", "water_system": "辺野喜川", "river": "辺野喜川", "manager": "沖縄総合事務局", "manager_class": "都道府県・その他", "hourly_in_riverdb": "False"}}, {"type": "Feature", "geometry": {"type": "Point", "coordinates": [127.9494444, 26.4819444]}, "properties": {"dam_name": "漢那", "prefecture": "沖縄県", "water_system": "漢那福地川", "river": "漢那福地川", "manager": "沖縄総合事務局", "manager_class": "都道府県・その他", "hourly_in_riverdb": "False"}}, {"type": "Feature", "geometry": {"type": "Point", "coordinates": [128.0216667, 26.6072222]}, "properties": {"dam_name": "羽地", "prefecture": "沖縄県", "water_system": "羽地大川", "river": "羽地大川", "manager": "沖縄総合事務局", "manager_class": "都道府県・その他", "hourly_in_riverdb": "False"}}, {"type": "Feature", "geometry": {"type": "Point", "coordinates": [128.1461111, 26.6533333]}, "properties": {"dam_name": "大保", "prefecture": "沖縄県", "water_system": "大保川", "river": "大保川", "manager": "沖縄総合事務局", "manager_class": "都道府県・その他", "hourly_in_riverdb": "False"}}, {"type": "Feature", "geometry": {"type": "Point", "coordinates": [139.05, 36.9]}, "properties": {"dam_name": "矢木沢", "prefecture": "群馬県", "water_system": "利根川", "river": "利根川", "manager": "水資源機構", "manager_class": "水資源機構", "hourly_in_riverdb": "True"}}, {"type": "Feature", "geometry": {"type": "Point", "coordinates": [139.0227778, 36.1277778]}, "properties": {"dam_name": "下久保", "prefecture": "埼玉県", "water_system": "利根川", "river": "神流川", "manager": "水資源機構", "manager_class": "水資源機構", "hourly_in_riverdb": "True"}}, {"type": "Feature", "geometry": {"type": "Point", "coordinates": [139.3738889, 36.5422222]}, "properties": {"dam_name": "草木", "prefecture": "群馬県", "water_system": "利根川", "river": "渡良瀬川", "manager": "水資源機構", "manager_class": "水資源機構", "hourly_in_riverdb": "True"}}, {"type": "Feature", "geometry": {"type": "Point", "coordinates": [139.0666667, 36.8666667]}, "properties": {"dam_name": "奈良俣", "prefecture": "群馬県", "water_system": "利根川", "river": "楢俣川", "manager": "水資源機構", "manager_class": "水資源機構", "hourly_in_riverdb": "True"}}, {"type": "Feature", "geometry": {"type": "Point", "coordinates": [137.1566667, 35.7611111]}, "properties": {"dam_name": "岩屋", "prefecture": "岐阜県", "water_system": "木曽川", "river": "馬瀬川", "manager": "水資源機構", "manager_class": "水資源機構", "hourly_in_riverdb": "True"}}, {"type": "Feature", "geometry": {"type": "Point", "coordinates": [137.4315278, 35.4248944]}, "properties": {"dam_name": "阿木川", "prefecture": "岐阜県", "water_system": "木曽川", "river": "阿木川", "manager": "水資源機構", "manager_class": "水資源機構", "hourly_in_riverdb": "True"}}, {"type": "Feature", "geometry": {"type": "Point", "coordinates": [137.7694444, 35.9805556]}, "properties": {"dam_name": "味噌川", "prefecture": "長野県", "water_system": "木曽川", "river": "木曽川", "manager": "水資源機構", "manager_class": "水資源機構", "hourly_in_riverdb": "True"}}, {"type": "Feature", "geometry": {"type": "Point", "coordinates": [136.0063889, 34.5563889]}, "properties": {"dam_name": "室生", "prefecture": "奈良県", "water_system": "淀川", "river": "宇陀川", "manager": "水資源機構", "manager_class": "水資源機構", "hourly_in_riverdb": "True"}}, {"type": "Feature", "geometry": {"type": "Point", "coordinates": [136.1216667, 34.6047222]}, "properties": {"dam_name": "青蓮寺", "prefecture": "三重県", "water_system": "淀川", "river": "名張川", "manager": "水資源機構", "manager_class": "水資源機構", "hourly_in_riverdb": "True"}}, {"type": "Feature", "geometry": {"type": "Point", "coordinates": [136.0130556, 34.7530556]}, "properties": {"dam_name": "高山", "prefecture": "京都府", "water_system": "淀川", "river": "名張川", "manager": "水資源機構", "manager_class": "水資源機構", "hourly_in_riverdb": "True"}}, {"type": "Feature", "geometry": {"type": "Point", "coordinates": [135.4116667, 34.9052778]}, "properties": {"dam_name": "一庫", "prefecture": "兵庫県", "water_system": "淀川", "river": "猪名川", "manager": "水資源機構", "manager_class": "水資源機構", "hourly_in_riverdb": "True"}}, {"type": "Feature", "geometry": {"type": "Point", "coordinates": [135.9775, 34.7013889]}, "properties": {"dam_name": "布目", "prefecture": "奈良県", "water_system": "淀川", "river": "布目川", "manager": "水資源機構", "manager_class": "水資源機構", "hourly_in_riverdb": "True"}}, {"type": "Feature", "geometry": {"type": "Point", "coordinates": [135.5197222, 35.1483333]}, "properties": {"dam_name": "日吉", "prefecture": "京都府", "water_system": "淀川", "river": "桂川", "manager": "水資源機構", "manager_class": "水資源機構", "hourly_in_riverdb": "True"}}, {"type": "Feature", "geometry": {"type": "Point", "coordinates": [133.8088889, 34.0308333]}, "properties": {"dam_name": "池田", "prefecture": "徳島県", "water_system": "吉野川", "river": "吉野川", "manager": "水資源機構", "manager_class": "水資源機構", "hourly_in_riverdb": "True"}}, {"type": "Feature", "geometry": {"type": "Point", "coordinates": [133.5505556, 33.7566667]}, "properties": {"dam_name": "早明浦", "prefecture": "高知県", "water_system": "吉野川", "river": "吉野川", "manager": "水資源機構", "manager_class": "水資源機構", "hourly_in_riverdb": "True"}}, {"type": "Feature", "geometry": {"type": "Point", "coordinates": [133.6254361, 33.9569278]}, "properties": {"dam_name": "新宮", "prefecture": "愛媛県", "water_system": "吉野川", "river": "銅山川", "manager": "水資源機構", "manager_class": "水資源機構", "hourly_in_riverdb": "True"}}, {"type": "Feature", "geometry": {"type": "Point", "coordinates": [130.7252778, 33.4275]}, "properties": {"dam_name": "寺内", "prefecture": "福岡県", "water_system": "筑後川", "river": "佐田川", "manager": "水資源機構", "manager_class": "水資源機構", "hourly_in_riverdb": "True"}}, {"type": "Feature", "geometry": {"type": "Point", "coordinates": [139.0522222, 35.9533333]}, "properties": {"dam_name": "浦山", "prefecture": "埼玉県", "water_system": "荒川", "river": "浦山川", "manager": "水資源機構", "manager_class": "水資源機構", "hourly_in_riverdb": "True"}}, {"type": "Feature", "geometry": {"type": "Point", "coordinates": [136.1547222, 34.6125]}, "properties": {"dam_name": "比奈知", "prefecture": "三重県", "water_system": "淀川", "river": "名張川", "manager": "水資源機構", "manager_class": "水資源機構", "hourly_in_riverdb": "True"}}, {"type": "Feature", "geometry": {"type": "Point", "coordinates": [133.4783972, 33.8836028]}, "properties": {"dam_name": "富郷", "prefecture": "愛媛県", "water_system": "吉野川", "river": "銅山川", "manager": "水資源機構", "manager_class": "水資源機構", "hourly_in_riverdb": "True"}}, {"type": "Feature", "geometry": {"type": "Point", "coordinates": [138.8983333, 35.9558333]}, "properties": {"dam_name": "滝沢", "prefecture": "埼玉県", "water_system": "荒川", "river": "中津川", "manager": "水資源機構", "manager_class": "水資源機構", "hourly_in_riverdb": "True"}}, {"type": "Feature", "geometry": {"type": "Point", "coordinates": [136.5018361, 35.6673139]}, "properties": {"dam_name": "徳山", "prefecture": "岐阜県", "water_system": "木曽川", "river": "揖斐川", "manager": "水資源機構", "manager_class": "水資源機構", "hourly_in_riverdb": "True"}}, {"type": "Feature", "geometry": {"type": "Point", "coordinates": [127.9316667, 26.465]}, "properties": {"dam_name": "金武", "prefecture": "沖縄県", "water_system": "億首川", "river": "億首川", "manager": "沖縄総合事務局", "manager_class": "都道府県・その他", "hourly_in_riverdb": "False"}}, {"type": "Feature", "geometry": {"type": "Point", "coordinates": [130.9566667, 33.2433333]}, "properties": {"dam_name": "大山", "prefecture": "大分県", "water_system": "筑後川", "river": "赤石川", "manager": "水資源機構", "manager_class": "水資源機構", "hourly_in_riverdb": "True"}}, {"type": "Feature", "geometry": {"type": "Point", "coordinates": [135.9355556, 34.3541667]}, "properties": {"dam_name": "大滝", "prefecture": "奈良県", "water_system": "紀の川", "river": "紀の川", "manager": "近畿地方整備局", "manager_class": "国交省直轄", "hourly_in_riverdb": "True"}}, {"type": "Feature", "geometry": {"type": "Point", "coordinates": [140.9205556, 39.1225]}, "properties": {"dam_name": "胆沢", "prefecture": "岩手県", "water_system": "北上川", "river": "胆沢川", "manager": "東北地方整備局", "manager_class": "国交省直轄", "hourly_in_riverdb": "True"}}, {"type": "Feature", "geometry": {"type": "Point", "coordinates": [142.0991667, 43.0233333]}, "properties": {"dam_name": "夕張シューパロ", "prefecture": "北海道", "water_system": "石狩川", "river": "夕張川", "manager": "北海道開発局", "manager_class": "国交省直轄", "hourly_in_riverdb": "True"}}, {"type": "Feature", "geometry": {"type": "Point", "coordinates": [142.1327778, 43.2844444]}, "properties": {"dam_name": "芦別", "prefecture": "北海道", "water_system": "石狩川", "river": "芦別川", "manager": "北海道開発局", "manager_class": "国交省直轄", "hourly_in_riverdb": "True"}}, {"type": "Feature", "geometry": {"type": "Point", "coordinates": [139.6391667, 35.8063889]}, "properties": {"dam_name": "荒川調節池総合開発施設", "prefecture": "埼玉県", "water_system": "荒川", "river": "荒川", "manager": "関東地方整備局", "manager_class": "国交省直轄", "hourly_in_riverdb": "True"}}, {"type": "Feature", "geometry": {"type": "Point", "coordinates": [140.7038889, 35.8375]}, "properties": {"dam_name": "利根川河口堰", "prefecture": "茨城県", "water_system": "利根川", "river": "利根川", "manager": "水資源機構", "manager_class": "水資源機構", "hourly_in_riverdb": "True"}}, {"type": "Feature", "geometry": {"type": "Point", "coordinates": [140.4527778, 35.9438889]}, "properties": {"dam_name": "霞ヶ浦開発総合", "prefecture": "茨城県", "water_system": "利根川", "river": "霞ヶ浦", "manager": "水資源機構", "manager_class": "水資源機構", "hourly_in_riverdb": "True"}}, {"type": "Feature", "geometry": {"type": "Point", "coordinates": [136.6972222, 35.08]}, "properties": {"dam_name": "長良川河口堰", "prefecture": "三重県", "water_system": "木曽川", "river": "長良川", "manager": "水資源機構", "manager_class": "水資源機構", "hourly_in_riverdb": "True"}}, {"type": "Feature", "geometry": {"type": "Point", "coordinates": [136.3208333, 36.1036111]}, "properties": {"dam_name": "鳴鹿大堰", "prefecture": "福井県", "water_system": "九頭竜川", "river": "九頭竜川", "manager": "近畿地方整備局", "manager_class": "国交省直轄", "hourly_in_riverdb": "True"}}, {"type": "Feature", "geometry": {"type": "Point", "coordinates": [134.8936111, 34.7913889]}, "properties": {"dam_name": "加古川大堰", "prefecture": "兵庫県", "water_system": "加古川", "river": "加古川", "manager": "近畿地方整備局", "manager_class": "国交省直轄", "hourly_in_riverdb": "True"}}, {"type": "Feature", "geometry": {"type": "Point", "coordinates": [134.105, 34.7352778]}, "properties": {"dam_name": "坂根堰", "prefecture": "岡山県", "water_system": "吉井川", "river": "吉井川", "manager": "中国地方整備局", "manager_class": "国交省直轄", "hourly_in_riverdb": "True"}}, {"type": "Feature", "geometry": {"type": "Point", "coordinates": [130.3952722, 34.4446611]}, "properties": {"dam_name": "芦田川河口堰", "prefecture": "広島県", "water_system": "芦田川", "river": "芦田川", "manager": "中国地方整備局", "manager_class": "国交省直轄", "hourly_in_riverdb": "True"}}, {"type": "Feature", "geometry": {"type": "Point", "coordinates": [132.5002528, 34.4726806]}, "properties": {"dam_name": "高瀬堰", "prefecture": "広島県", "water_system": "太田川", "river": "太田川", "manager": "中国地方整備局", "manager_class": "国交省直轄", "hourly_in_riverdb": "True"}}, {"type": "Feature", "geometry": {"type": "Point", "coordinates": [134.5883333, 34.1405556]}, "properties": {"dam_name": "旧吉野川河口堰", "prefecture": "徳島県", "water_system": "吉野川", "river": "旧吉野川", "manager": "水資源機構", "manager_class": "水資源機構", "hourly_in_riverdb": "True"}}, {"type": "Feature", "geometry": {"type": "Point", "coordinates": [130.6768194, 33.8890778]}, "properties": {"dam_name": "遠賀川河口堰", "prefecture": "福岡県", "water_system": "遠賀川", "river": "遠賀川", "manager": "九州地方整備局", "manager_class": "国交省直轄", "hourly_in_riverdb": "True"}}, {"type": "Feature", "geometry": {"type": "Point", "coordinates": [131.1736111, 33.5833611]}, "properties": {"dam_name": "平成大堰", "prefecture": "大分県", "water_system": "山国川", "river": "山国川", "manager": "九州地方整備局", "manager_class": "国交省直轄", "hourly_in_riverdb": "True"}}, {"type": "Feature", "geometry": {"type": "Point", "coordinates": [130.1877778, 33.2027778]}, "properties": {"dam_name": "六角川河口堰", "prefecture": "佐賀県", "water_system": "六角川", "river": "六角川", "manager": "九州地方整備局", "manager_class": "国交省直轄", "hourly_in_riverdb": "True"}}, {"type": "Feature", "geometry": {"type": "Point", "coordinates": [130.4777222, 33.3044444]}, "properties": {"dam_name": "筑後大堰", "prefecture": "佐賀県", "water_system": "筑後川", "river": "筑後川", "manager": "水資源機構", "manager_class": "水資源機構", "hourly_in_riverdb": "True"}}, {"type": "Feature", "geometry": {"type": "Point", "coordinates": [139.6819444, 36.2022222]}, "properties": {"dam_name": "渡良瀬遊水池総合開発施設", "prefecture": "埼玉県", "water_system": "利根川", "river": "渡良瀬川", "manager": "関東地方整備局", "manager_class": "国交省直轄", "hourly_in_riverdb": "True"}}, {"type": "Feature", "geometry": {"type": "Point", "coordinates": [137.5511111, 34.9708333]}, "properties": {"dam_name": "寒狭川堰", "prefecture": "愛知県", "water_system": "豊川", "river": "豊川", "manager": "中部地方整備局", "manager_class": "国交省直轄", "hourly_in_riverdb": "True"}}, {"type": "Feature", "geometry": {"type": "Point", "coordinates": [135.1969444, 34.2558333]}, "properties": {"dam_name": "紀の川大堰", "prefecture": "和歌山県", "water_system": "紀の川", "river": "紀の川", "manager": "近畿地方整備局", "manager_class": "国交省直轄", "hourly_in_riverdb": "True"}}, {"type": "Feature", "geometry": {"type": "Point", "coordinates": [130.3055556, 33.295]}, "properties": {"dam_name": "佐賀導水路", "prefecture": "福岡県", "water_system": "筑後川", "river": "西佐賀導水路", "manager": "九州地方整備局", "manager_class": "国交省直轄", "hourly_in_riverdb": "True"}}, {"type": "Feature", "geometry": {"type": "Point", "coordinates": [141.8461111, 44.4022222]}, "properties": {"dam_name": "有明", "prefecture": "北海道", "water_system": "茂築別川", "river": "茂築別川", "manager": "都道府県・市町村", "manager_class": "都道府県・その他", "hourly_in_riverdb": "False"}}, {"type": "Feature", "geometry": {"type": "Point", "coordinates": [142.9594444, 42.185]}, "properties": {"dam_name": "様似", "prefecture": "北海道", "water_system": "様似川", "river": "様似川", "manager": "都道府県・市町村", "manager_class": "都道府県・その他", "hourly_in_riverdb": "False"}}, {"type": "Feature", "geometry": {"type": "Point", "coordinates": [140.9080556, 41.8388889]}, "properties": {"dam_name": "矢別", "prefecture": "北海道", "water_system": "汐泊川", "river": "汐泊川", "manager": "都道府県・市町村", "manager_class": "都道府県・その他", "hourly_in_riverdb": "False"}}, {"type": "Feature", "geometry": {"type": "Point", "coordinates": [141.9794444, 43.3544444]}, "properties": {"dam_name": "美唄", "prefecture": "北海道", "water_system": "石狩川", "river": "美唄川", "manager": "都道府県・市町村", "manager_class": "都道府県・その他", "hourly_in_riverdb": "False"}}, {"type": "Feature", "geometry": {"type": "Point", "coordinates": [142.6358333, 43.9561111]}, "properties": {"dam_name": "愛別", "prefecture": "北海道", "water_system": "石狩川", "river": "狩布川", "manager": "都道府県・市町村", "manager_class": "都道府県・その他", "hourly_in_riverdb": "False"}}, {"type": "Feature", "geometry": {"type": "Point", "coordinates": [142.6375, 42.4575]}, "properties": {"dam_name": "高見", "prefecture": "北海道", "water_system": "静内川", "river": "静内川", "manager": "都道府県・市町村", "manager_class": "都道府県・その他", "hourly_in_riverdb": "False"}}, {"type": "Feature", "geometry": {"type": "Point", "coordinates": [142.8377778, 43.17]}, "properties": {"dam_name": "佐幌", "prefecture": "北海道", "water_system": "十勝川", "river": "佐幌川", "manager": "都道府県・市町村", "manager_class": "都道府県・その他", "hourly_in_riverdb": "False"}}, {"type": "Feature", "geometry": {"type": "Point", "coordinates": [140.7858333, 41.8702778]}, "properties": {"dam_name": "新中野", "prefecture": "北海道", "water_system": "亀田川", "river": "亀田川", "manager": "都道府県・市町村", "manager_class": "都道府県・その他", "hourly_in_riverdb": "False"}}, {"type": "Feature", "geometry": {"type": "Point", "coordinates": [141.9061111, 44.0647222]}, "properties": {"dam_name": "小平", "prefecture": "北海道", "water_system": "小平蘂川", "river": "小平蘂川", "manager": "都道府県・市町村", "manager_class": "都道府県・その他", "hourly_in_riverdb": "False"}}, {"type": "Feature", "geometry": {"type": "Point", "coordinates": [141.7266667, 42.9002778]}, "properties": {"dam_name": "栗山", "prefecture": "北海道", "water_system": "石狩川", "river": "ポンウエンベツ川", "manager": "都道府県・市町村", "manager_class": "都道府県・その他", "hourly_in_riverdb": "False"}}, {"type": "Feature", "geometry": {"type": "Point", "coordinates": [141.0413889, 43.1330556]}, "properties": {"dam_name": "朝里", "prefecture": "北海道", "water_system": "朝里川", "river": "朝里川", "manager": "都道府県・市町村", "manager_class": "都道府県・その他", "hourly_in_riverdb": "False"}}, {"type": "Feature", "geometry": {"type": "Point", "coordinates": [142.7244444, 42.2388889]}, "properties": {"dam_name": "浦河", "prefecture": "北海道", "water_system": "向別川", "river": "向別川", "manager": "都道府県・市町村", "manager_class": "都道府県・その他", "hourly_in_riverdb": "False"}}, {"type": "Feature", "geometry": {"type": "Point", "coordinates": [140.1847222, 41.8025]}, "properties": {"dam_name": "上ノ国", "prefecture": "北海道", "water_system": "天野川", "river": "目名川", "manager": "都道府県・市町村", "manager_class": "都道府県・その他", "hourly_in_riverdb": "False"}}, {"type": "Feature", "geometry": {"type": "Point", "coordinates": [143.9858333, 43.1722222]}, "properties": {"dam_name": "庶路", "prefecture": "北海道", "water_system": "庶路川", "river": "庶路川", "manager": "都道府県・市町村", "manager_class": "都道府県・その他", "hourly_in_riverdb": "False"}}, {"type": "Feature", "geometry": {"type": "Point", "coordinates": [142.2972222, 44.0630556]}, "properties": {"dam_name": "西岡", "prefecture": "北海道", "water_system": "天塩川", "river": "小沢川", "manager": "都道府県・市町村", "manager_class": "都道府県・その他", "hourly_in_riverdb": "False"}}, {"type": "Feature", "geometry": {"type": "Point", "coordinates": [141.5666667, 43.3152778]}, "properties": {"dam_name": "当別", "prefecture": "北海道", "water_system": "石狩川", "river": "当別川", "manager": "都道府県・市町村", "manager_class": "都道府県・その他", "hourly_in_riverdb": "False"}}, {"type": "Feature", "geometry": {"type": "Point", "coordinates": [141.6186111, 43.5969444]}, "properties": {"dam_name": "徳富", "prefecture": "北海道", "water_system": "石狩川", "river": "徳富川", "manager": "都道府県・市町村", "manager_class": "都道府県・その他", "hourly_in_riverdb": "False"}}, {"type": "Feature", "geometry": {"type": "Point", "coordinates": [140.2522222, 40.5366667]}, "properties": {"dam_name": "目屋", "prefecture": "青森県", "water_system": "岩木川", "river": "岩木川", "manager": "都道府県・市町村", "manager_class": "都道府県・その他", "hourly_in_riverdb": "False"}}, {"type": "Feature", "geometry": {"type": "Point", "coordinates": [140.6541667, 40.4255556]}, "properties": {"dam_name": "遠部", "prefecture": "青森県", "water_system": "岩木川", "river": "平川", "manager": "都道府県・市町村", "manager_class": "都道府県・その他", "hourly_in_riverdb": "False"}}, {"type": "Feature", "geometry": {"type": "Point", "coordinates": [140.5191667, 40.8438889]}, "properties": {"dam_name": "飯詰", "prefecture": "青森県", "water_system": "岩木川", "river": "飯詰川", "manager": "都道府県・市町村", "manager_class": "都道府県・その他", "hourly_in_riverdb": "False"}}, {"type": "Feature", "geometry": {"type": "Point", "coordinates": [140.7804639, 40.6918639]}, "properties": {"dam_name": "下湯", "prefecture": "青森県", "water_system": "堤川", "river": "堤川", "manager": "都道府県・市町村", "manager_class": "都道府県・その他", "hourly_in_riverdb": "False"}}, {"type": "Feature", "geometry": {"type": "Point", "coordinates": [140.3380556, 41.1291667]}, "properties": {"dam_name": "小泊", "prefecture": "青森県", "water_system": "小泊川", "river": "小泊川", "manager": "都道府県・市町村", "manager_class": "都道府県・その他", "hourly_in_riverdb": "False"}}, {"type": "Feature", "geometry": {"type": "Point", "coordinates": [140.6252778, 40.4825]}, "properties": {"dam_name": "久吉", "prefecture": "青森県", "water_system": "岩木川", "river": "津刈川", "manager": "都道府県・市町村", "manager_class": "都道府県・その他", "hourly_in_riverdb": "False"}}, {"type": "Feature", "geometry": {"type": "Point", "coordinates": [140.8972222, 41.2722222]}, "properties": {"dam_name": "川内", "prefecture": "青森県", "water_system": "川内川", "river": "川内川", "manager": "都道府県・市町村", "manager_class": "都道府県・その他", "hourly_in_riverdb": "False"}}, {"type": "Feature", "geometry": {"type": "Point", "coordinates": [140.8707556, 40.7013389]}, "properties": {"dam_name": "浅虫", "prefecture": "青森県", "water_system": "浅虫川", "river": "浅虫川", "manager": "都道府県・市町村", "manager_class": "都道府県・その他", "hourly_in_riverdb": "False"}}, {"type": "Feature", "geometry": {"type": "Point", "coordinates": [141.4805556, 40.3902778]}, "properties": {"dam_name": "世増", "prefecture": "青森県", "water_system": "新井田川", "river": "新井田川", "manager": "都道府県・市町村", "manager_class": "都道府県・その他", "hourly_in_riverdb": "False"}}, {"type": "Feature", "geometry": {"type": "Point", "coordinates": [141.5353611, 39.3061667]}, "properties": {"dam_name": "遠野", "prefecture": "岩手県", "water_system": "北上川", "river": "来内川", "manager": "都道府県・市町村", "manager_class": "都道府県・その他", "hourly_in_riverdb": "False"}}, {"type": "Feature", "geometry": {"type": "Point", "coordinates": [141.2047222, 39.7111944]}, "properties": {"dam_name": "綱取", "prefecture": "岩手県", "water_system": "北上川", "river": "中津川", "manager": "都道府県・市町村", "manager_class": "都道府県・その他", "hourly_in_riverdb": "False"}}, {"type": "Feature", "geometry": {"type": "Point", "coordinates": [140.9411111, 39.2316667]}, "properties": {"dam_name": "入畑", "prefecture": "岩手県", "water_system": "北上川", "river": "夏油川", "manager": "都道府県・市町村", "manager_class": "都道府県・その他", "hourly_in_riverdb": "False"}}, {"type": "Feature", "geometry": {"type": "Point", "coordinates": [141.7233611, 40.1515278]}, "properties": {"dam_name": "滝（岩手県）", "prefecture": "岩手県", "water_system": "久慈川", "river": "長内川", "manager": "都道府県・市町村", "manager_class": "都道府県・その他", "hourly_in_riverdb": "False"}}, {"type": "Feature", "geometry": {"type": "Point", "coordinates": [141.7975, 39.2927778]}, "properties": {"dam_name": "日向", "prefecture": "岩手県", "water_system": "甲子川", "river": "小川川", "manager": "都道府県・市町村", "manager_class": "都道府県・その他", "hourly_in_riverdb": "False"}}, {"type": "Feature", "geometry": {"type": "Point", "coordinates": [141.3390556, 39.5317778]}, "properties": {"dam_name": "早池峰", "prefecture": "岩手県", "water_system": "北上川", "river": "稗貫川", "manager": "都道府県・市町村", "manager_class": "都道府県・その他", "hourly_in_riverdb": "False"}}, {"type": "Feature", "geometry": {"type": "Point", "coordinates": [141.778425, 39.0616722]}, "properties": {"dam_name": "綾里川", "prefecture": "岩手県", "water_system": "木曽川", "river": "王滝川", "manager": "都道府県・市町村", "manager_class": "都道府県・その他", "hourly_in_riverdb": "False"}}, {"type": "Feature", "geometry": {"type": "Point", "coordinates": [141.7020278, 39.1553889]}, "properties": {"dam_name": "鷹生", "prefecture": "岩手県", "water_system": "盛川", "river": "鷹生川", "manager": "都道府県・市町村", "manager_class": "都道府県・その他", "hourly_in_riverdb": "False"}}, {"type": "Feature", "geometry": {"type": "Point", "coordinates": [141.5294444, 39.3195]}, "properties": {"dam_name": "遠野第二", "prefecture": "岩手県", "water_system": "北上川", "river": "来内川", "manager": "都道府県・市町村", "manager_class": "都道府県・その他", "hourly_in_riverdb": "False"}}, {"type": "Feature", "geometry": {"type": "Point", "coordinates": [140.8722222, 38.7775]}, "properties": {"dam_name": "花山", "prefecture": "宮城県", "water_system": "北上川", "river": "迫川", "manager": "都道府県・市町村", "manager_class": "都道府県・その他", "hourly_in_riverdb": "False"}}, {"type": "Feature", "geometry": {"type": "Point", "coordinates": [140.6412972, 38.5723722]}, "properties": {"dam_name": "漆沢", "prefecture": "宮城県", "water_system": "鳴瀬川", "river": "鳴瀬川", "manager": "都道府県・市町村", "manager_class": "都道府県・その他", "hourly_in_riverdb": "False"}}, {"type": "Feature", "geometry": {"type": "Point", "coordinates": [140.8202056, 38.4338306]}, "properties": {"dam_name": "南川", "prefecture": "宮城県", "water_system": "鳴瀬川", "river": "南川", "manager": "都道府県・市町村", "manager_class": "都道府県・その他", "hourly_in_riverdb": "False"}}, {"type": "Feature", "geometry": {"type": "Point", "coordinates": [140.7057444, 38.3216139]}, "properties": {"dam_name": "大倉", "prefecture": "宮城県", "water_system": "名取川", "river": "大倉川", "manager": "都道府県・市町村", "manager_class": "都道府県・その他", "hourly_in_riverdb": "False"}}, {"type": "Feature", "geometry": {"type": "Point", "coordinates": [140.8432417, 38.1777]}, "properties": {"dam_name": "樽水", "prefecture": "宮城県", "water_system": "名取川", "river": "増田川", "manager": "都道府県・市町村", "manager_class": "都道府県・その他", "hourly_in_riverdb": "False"}}, {"type": "Feature", "geometry": {"type": "Point", "coordinates": [140.7383778, 38.3568639]}, "properties": {"dam_name": "七北田", "prefecture": "宮城県", "water_system": "七北田川", "river": "七北田川", "manager": "都道府県・市町村", "manager_class": "都道府県・その他", "hourly_in_riverdb": "False"}}, {"type": "Feature", "geometry": {"type": "Point", "coordinates": [140.9626389, 38.6265278]}, "properties": {"dam_name": "化女沼", "prefecture": "宮城県", "water_system": "北上川", "river": "長者川", "manager": "都道府県・市町村", "manager_class": "都道府県・その他", "hourly_in_riverdb": "False"}}, {"type": "Feature", "geometry": {"type": "Point", "coordinates": [140.861925, 38.8847167]}, "properties": {"dam_name": "荒砥沢", "prefecture": "宮城県", "water_system": "北上川", "river": "二迫川", "manager": "都道府県・市町村", "manager_class": "都道府県・その他", "hourly_in_riverdb": "False"}}, {"type": "Feature", "geometry": {"type": "Point", "coordinates": [140.8227222, 38.4039806]}, "properties": {"dam_name": "宮床", "prefecture": "宮城県", "water_system": "鳴瀬川", "river": "宮床川", "manager": "都道府県・市町村", "manager_class": "都道府県・その他", "hourly_in_riverdb": "False"}}, {"type": "Feature", "geometry": {"type": "Point", "coordinates": [140.9890528, 38.3432444]}, "properties": {"dam_name": "惣の関", "prefecture": "宮城県", "water_system": "砂押川", "river": "勿来川", "manager": "都道府県・市町村", "manager_class": "都道府県・その他", "hourly_in_riverdb": "False"}}, {"type": "Feature", "geometry": {"type": "Point", "coordinates": [140.6430556, 38.7975]}, "properties": {"dam_name": "上大沢", "prefecture": "宮城県", "water_system": "北上川", "river": "上大沢川", "manager": "都道府県・市町村", "manager_class": "都道府県・その他", "hourly_in_riverdb": "False"}}, {"type": "Feature", "geometry": {"type": "Point", "coordinates": [140.8419444, 38.7558333]}, "properties": {"dam_name": "小田", "prefecture": "宮城県", "water_system": "北上川", "river": "長崎川", "manager": "都道府県・市町村", "manager_class": "都道府県・その他", "hourly_in_riverdb": "False"}}, {"type": "Feature", "geometry": {"type": "Point", "coordinates": [141.2333333, 38.55]}, "properties": {"dam_name": "払川", "prefecture": "宮城県", "water_system": "伊里前川", "river": "伊里前川", "manager": "都道府県・市町村", "manager_class": "都道府県・その他", "hourly_in_riverdb": "False"}}, {"type": "Feature", "geometry": {"type": "Point", "coordinates": [141.1513889, 38.7088889]}, "properties": {"dam_name": "長沼", "prefecture": "宮城県", "water_system": "北上川", "river": "迫川", "manager": "都道府県・市町村", "manager_class": "都道府県・その他", "hourly_in_riverdb": "False"}}, {"type": "Feature", "geometry": {"type": "Point", "coordinates": [140.6298889, 39.0564833]}, "properties": {"dam_name": "皆瀬", "prefecture": "秋田県", "water_system": "雄物川", "river": "皆瀬川", "manager": "都道府県・市町村", "manager_class": "都道府県・その他", "hourly_in_riverdb": "False"}}, {"type": "Feature", "geometry": {"type": "Point", "coordinates": [140.6536111, 39.7872222]}, "properties": {"dam_name": "鎧畑", "prefecture": "秋田県", "water_system": "雄物川", "river": "玉川", "manager": "都道府県・市町村", "manager_class": "都道府県・その他", "hourly_in_riverdb": "False"}}, {"type": "Feature", "geometry": {"type": "Point", "coordinates": [140.2166667, 39.8019444]}, "properties": {"dam_name": "旭川（秋田県）", "prefecture": "秋田県", "water_system": "雄物川", "river": "旭川", "manager": "都道府県・市町村", "manager_class": "都道府県・その他", "hourly_in_riverdb": "False"}}, {"type": "Feature", "geometry": {"type": "Point", "coordinates": [140.3480556, 39.7433333]}, "properties": {"dam_name": "岩見", "prefecture": "秋田県", "water_system": "雄物川", "river": "三内川", "manager": "都道府県・市町村", "manager_class": "都道府県・その他", "hourly_in_riverdb": "False"}}, {"type": "Feature", "geometry": {"type": "Point", "coordinates": [140.5976694, 39.0673167]}, "properties": {"dam_name": "板戸", "prefecture": "秋田県", "water_system": "雄物川", "river": "皆瀬川", "manager": "都道府県・市町村", "manager_class": "都道府県・その他", "hourly_in_riverdb": "False"}}, {"type": "Feature", "geometry": {"type": "Point", "coordinates": [140.6102778, 40.0444444]}, "properties": {"dam_name": "森吉", "prefecture": "秋田県", "water_system": "米代川", "river": "小又川", "manager": "都道府県・市町村", "manager_class": "都道府県・その他", "hourly_in_riverdb": "False"}}, {"type": "Feature", "geometry": {"type": "Point", "coordinates": [140.3133333, 39.9244444]}, "properties": {"dam_name": "萩形", "prefecture": "秋田県", "water_system": "米代川", "river": "小阿仁川", "manager": "都道府県・市町村", "manager_class": "都道府県・その他", "hourly_in_riverdb": "False"}}, {"type": "Feature", "geometry": {"type": "Point", "coordinates": [140.2236111, 40.3344444]}, "properties": {"dam_name": "素波里", "prefecture": "秋田県", "water_system": "米代川", "river": "粕毛川", "manager": "都道府県・市町村", "manager_class": "都道府県・その他", "hourly_in_riverdb": "False"}}, {"type": "Feature", "geometry": {"type": "Point", "coordinates": [140.3575, 40.4018056]}, "properties": {"dam_name": "早口", "prefecture": "秋田県", "water_system": "米代川", "river": "早口川", "manager": "都道府県・市町村", "manager_class": "都道府県・その他", "hourly_in_riverdb": "False"}}, {"type": "Feature", "geometry": {"type": "Point", "coordinates": [140.2633333, 40.3716667]}, "properties": {"dam_name": "山瀬", "prefecture": "秋田県", "water_system": "米代川", "river": "岩瀬川", "manager": "都道府県・市町村", "manager_class": "都道府県・その他", "hourly_in_riverdb": "False"}}, {"type": "Feature", "geometry": {"type": "Point", "coordinates": [140.4391667, 39.6922222]}, "properties": {"dam_name": "協和", "prefecture": "秋田県", "water_system": "雄物川", "river": "淀川", "manager": "都道府県・市町村", "manager_class": "都道府県・その他", "hourly_in_riverdb": "False"}}, {"type": "Feature", "geometry": {"type": "Point", "coordinates": [140.6477778, 38.3044444]}, "properties": {"dam_name": "大松川", "prefecture": "秋田県", "water_system": "雄物川", "river": "松川", "manager": "都道府県・市町村", "manager_class": "都道府県・その他", "hourly_in_riverdb": "False"}}, {"type": "Feature", "geometry": {"type": "Point", "coordinates": [140.2591667, 39.4336111]}, "properties": {"dam_name": "大内（秋田県）", "prefecture": "秋田県", "water_system": "子吉川", "river": "畑川", "manager": "都道府県・市町村", "manager_class": "都道府県・その他", "hourly_in_riverdb": "False"}}, {"type": "Feature", "geometry": {"type": "Point", "coordinates": [140.7686111, 40.3761111]}, "properties": {"dam_name": "砂子沢", "prefecture": "秋田県", "water_system": "米代川", "river": "砂子沢川", "manager": "都道府県・市町村", "manager_class": "都道府県・その他", "hourly_in_riverdb": "False"}}, {"type": "Feature", "geometry": {"type": "Point", "coordinates": [139.9258333, 38.1461111]}, "properties": {"dam_name": "木地山", "prefecture": "山形県", "water_system": "最上川", "river": "置賜野川", "manager": "都道府県・市町村", "manager_class": "都道府県・その他", "hourly_in_riverdb": "False"}}, {"type": "Feature", "geometry": {"type": "Point", "coordinates": [140.4258333, 38.1908333]}, "properties": {"dam_name": "蔵王", "prefecture": "山形県", "water_system": "最上川", "river": "馬見ヶ崎川", "manager": "都道府県・市町村", "manager_class": "都道府県・その他", "hourly_in_riverdb": "False"}}, {"type": "Feature", "geometry": {"type": "Point", "coordinates": [140.1634583, 38.9684611]}, "properties": {"dam_name": "高坂", "prefecture": "山形県", "water_system": "最上川", "river": "鮭川", "manager": "都道府県・市町村", "manager_class": "都道府県・その他", "hourly_in_riverdb": "False"}}, {"type": "Feature", "geometry": {"type": "Point", "coordinates": [140.2361111, 38.1216667]}, "properties": {"dam_name": "前川", "prefecture": "山形県", "water_system": "最上川", "river": "前川", "manager": "都道府県・市町村", "manager_class": "都道府県・その他", "hourly_in_riverdb": "False"}}, {"type": "Feature", "geometry": {"type": "Point", "coordinates": [140.4794444, 38.4458333]}, "properties": {"dam_name": "白水川", "prefecture": "山形県", "water_system": "最上川", "river": "白水川", "manager": "都道府県・市町村", "manager_class": "都道府県・その他", "hourly_in_riverdb": "False"}}, {"type": "Feature", "geometry": {"type": "Point", "coordinates": [139.7833333, 38.5074167]}, "properties": {"dam_name": "荒沢", "prefecture": "山形県", "water_system": "赤川", "river": "赤川", "manager": "都道府県・市町村", "manager_class": "都道府県・その他", "hourly_in_riverdb": "False"}}, {"type": "Feature", "geometry": {"type": "Point", "coordinates": [139.9848889, 39.0279167]}, "properties": {"dam_name": "月光川", "prefecture": "山形県", "water_system": "月光川", "river": "月光川", "manager": "都道府県・市町村", "manager_class": "都道府県・その他", "hourly_in_riverdb": "False"}}, {"type": "Feature", "geometry": {"type": "Point", "coordinates": [139.6738889, 38.5911111]}, "properties": {"dam_name": "温海川", "prefecture": "山形県", "water_system": "温海川", "river": "温海川", "manager": "都道府県・市町村", "manager_class": "都道府県・その他", "hourly_in_riverdb": "False"}}, {"type": "Feature", "geometry": {"type": "Point", "coordinates": [140.4243556, 38.9095472]}, "properties": {"dam_name": "神室", "prefecture": "山形県", "water_system": "最上川", "river": "金山川", "manager": "都道府県・市町村", "manager_class": "都道府県・その他", "hourly_in_riverdb": "False"}}, {"type": "Feature", "geometry": {"type": "Point", "coordinates": [140.0280556, 38.8430556]}, "properties": {"dam_name": "田沢川", "prefecture": "山形県", "water_system": "最上川", "river": "田沢川", "manager": "都道府県・市町村", "manager_class": "都道府県・その他", "hourly_in_riverdb": "False"}}, {"type": "Feature", "geometry": {"type": "Point", "coordinates": [140.0447222, 37.8405556]}, "properties": {"dam_name": "綱木川", "prefecture": "山形県", "water_system": "最上川", "river": "綱木川", "manager": "都道府県・市町村", "manager_class": "都道府県・その他", "hourly_in_riverdb": "False"}}, {"type": "Feature", "geometry": {"type": "Point", "coordinates": [140.4536111, 38.3583333]}, "properties": {"dam_name": "留山川", "prefecture": "山形県", "water_system": "最上川", "river": "留山川", "manager": "都道府県・市町村", "manager_class": "都道府県・その他", "hourly_in_riverdb": "False"}}, {"type": "Feature", "geometry": {"type": "Point", "coordinates": [140.7325167, 36.9565528]}, "properties": {"dam_name": "高柴", "prefecture": "福島県", "water_system": "鮫川", "river": "鮫川", "manager": "都道府県・市町村", "manager_class": "都道府県・その他", "hourly_in_riverdb": "False"}}, {"type": "Feature", "geometry": {"type": "Point", "coordinates": [140.7183028, 36.906125]}, "properties": {"dam_name": "四時", "prefecture": "福島県", "water_system": "鮫川", "river": "四時川", "manager": "都道府県・市町村", "manager_class": "都道府県・その他", "hourly_in_riverdb": "False"}}, {"type": "Feature", "geometry": {"type": "Point", "coordinates": [140.8330556, 37.7186111]}, "properties": {"dam_name": "真野", "prefecture": "福島県", "water_system": "真野川", "river": "真野川", "manager": "都道府県・市町村", "manager_class": "都道府県・その他", "hourly_in_riverdb": "False"}}, {"type": "Feature", "geometry": {"type": "Point", "coordinates": [140.8274083, 37.1235639]}, "properties": {"dam_name": "小玉", "prefecture": "福島県", "water_system": "夏井川", "river": "小玉川", "manager": "都道府県・市町村", "manager_class": "都道府県・その他", "hourly_in_riverdb": "False"}}, {"type": "Feature", "geometry": {"type": "Point", "coordinates": [139.9661111, 37.4608333]}, "properties": {"dam_name": "東山", "prefecture": "福島県", "water_system": "阿賀野川", "river": "湯川", "manager": "都道府県・市町村", "manager_class": "都道府県・その他", "hourly_in_riverdb": "False"}}, {"type": "Feature", "geometry": {"type": "Point", "coordinates": [139.9097222, 37.7538889]}, "properties": {"dam_name": "日中", "prefecture": "福島県", "water_system": "阿賀野川", "river": "押切川", "manager": "都道府県・市町村", "manager_class": "都道府県・その他", "hourly_in_riverdb": "False"}}, {"type": "Feature", "geometry": {"type": "Point", "coordinates": [139.7416667, 37.2308333]}, "properties": {"dam_name": "田島", "prefecture": "福島県", "water_system": "阿賀野川", "river": "高野川", "manager": "都道府県・市町村", "manager_class": "都道府県・その他", "hourly_in_riverdb": "False"}}, {"type": "Feature", "geometry": {"type": "Point", "coordinates": [140.5858333, 37.2797222]}, "properties": {"dam_name": "こまち", "prefecture": "福島県", "water_system": "夏井川", "river": "黒森川", "manager": "都道府県・市町村", "manager_class": "都道府県・その他", "hourly_in_riverdb": "False"}}, {"type": "Feature", "geometry": {"type": "Point", "coordinates": [140.9216667, 37.2694444]}, "properties": {"dam_name": "木戸", "prefecture": "福島県", "water_system": "木戸川", "river": "木戸川", "manager": "都道府県・市町村", "manager_class": "都道府県・その他", "hourly_in_riverdb": "False"}}, {"type": "Feature", "geometry": {"type": "Point", "coordinates": [140.3583333, 36.4347222]}, "properties": {"dam_name": "藤井川", "prefecture": "茨城県", "water_system": "那珂川", "river": "藤井川", "manager": "都道府県・市町村", "manager_class": "都道府県・その他", "hourly_in_riverdb": "False"}}, {"type": "Feature", "geometry": {"type": "Point", "coordinates": [139.4669444, 36.6844444]}, "properties": {"dam_name": "竜神", "prefecture": "茨城県", "water_system": "久慈川", "river": "竜神川", "manager": "都道府県・市町村", "manager_class": "都道府県・その他", "hourly_in_riverdb": "False"}}, {"type": "Feature", "geometry": {"type": "Point", "coordinates": [140.4805556, 36.4247222]}, "properties": {"dam_name": "飯田", "prefecture": "茨城県", "water_system": "那珂川", "river": "飯田川", "manager": "都道府県・市町村", "manager_class": "都道府県・その他", "hourly_in_riverdb": "False"}}, {"type": "Feature", "geometry": {"type": "Point", "coordinates": [140.6755556, 36.8508333]}, "properties": {"dam_name": "水沼", "prefecture": "茨城県", "water_system": "大北川", "river": "花園川", "manager": "都道府県・市町村", "manager_class": "都道府県・その他", "hourly_in_riverdb": "False"}}, {"type": "Feature", "geometry": {"type": "Point", "coordinates": [140.6483333, 36.7255556]}, "properties": {"dam_name": "花貫", "prefecture": "茨城県", "water_system": "花貫川", "river": "花貫川", "manager": "都道府県・市町村", "manager_class": "都道府県・その他", "hourly_in_riverdb": "False"}}, {"type": "Feature", "geometry": {"type": "Point", "coordinates": [140.6602778, 36.67]}, "properties": {"dam_name": "十王", "prefecture": "茨城県", "water_system": "十王川", "river": "十王川", "manager": "都道府県・市町村", "manager_class": "都道府県・その他", "hourly_in_riverdb": "False"}}, {"type": "Feature", "geometry": {"type": "Point", "coordinates": [140.6458333, 36.7966667]}, "properties": {"dam_name": "小山", "prefecture": "茨城県", "water_system": "大北川", "river": "大北川", "manager": "都道府県・市町村", "manager_class": "都道府県・その他", "hourly_in_riverdb": "False"}}, {"type": "Feature", "geometry": {"type": "Point", "coordinates": [138.8127778, 36.8144444]}, "properties": {"dam_name": "西荒川", "prefecture": "栃木県", "water_system": "那珂川", "river": "西荒川", "manager": "都道府県・市町村", "manager_class": "都道府県・その他", "hourly_in_riverdb": "False"}}, {"type": "Feature", "geometry": {"type": "Point", "coordinates": [139.8891667, 36.9494444]}, "properties": {"dam_name": "塩原", "prefecture": "栃木県", "water_system": "那珂川", "river": "箒川", "manager": "都道府県・市町村", "manager_class": "都道府県・その他", "hourly_in_riverdb": "False"}}, {"type": "Feature", "geometry": {"type": "Point", "coordinates": [139.8691667, 36.845]}, "properties": {"dam_name": "寺山", "prefecture": "栃木県", "water_system": "那珂川", "river": "宮川", "manager": "都道府県・市町村", "manager_class": "都道府県・その他", "hourly_in_riverdb": "False"}}, {"type": "Feature", "geometry": {"type": "Point", "coordinates": [138.8127778, 36.8144444]}, "properties": {"dam_name": "東荒川", "prefecture": "栃木県", "water_system": "那珂川", "river": "荒川", "manager": "都道府県・市町村", "manager_class": "都道府県・その他", "hourly_in_riverdb": "False"}}, {"type": "Feature", "geometry": {"type": "Point", "coordinates": [139.4986111, 36.7383333]}, "properties": {"dam_name": "中禅寺", "prefecture": "栃木県", "water_system": "利根川", "river": "大谷川", "manager": "都道府県・市町村", "manager_class": "都道府県・その他", "hourly_in_riverdb": "False"}}, {"type": "Feature", "geometry": {"type": "Point", "coordinates": [139.4280556, 36.4233333]}, "properties": {"dam_name": "松田川", "prefecture": "栃木県", "water_system": "利根川", "river": "松田川", "manager": "都道府県・市町村", "manager_class": "都道府県・その他", "hourly_in_riverdb": "False"}}, {"type": "Feature", "geometry": {"type": "Point", "coordinates": [139.5522222, 36.9522222]}, "properties": {"dam_name": "三河沢", "prefecture": "栃木県", "water_system": "利根川", "river": "三河沢川", "manager": "都道府県・市町村", "manager_class": "都道府県・その他", "hourly_in_riverdb": "False"}}, {"type": "Feature", "geometry": {"type": "Point", "coordinates": [138.70075, 36.3686306]}, "properties": {"dam_name": "霧積", "prefecture": "群馬県", "water_system": "利根川", "river": "霧積川", "manager": "都道府県・市町村", "manager_class": "都道府県・その他", "hourly_in_riverdb": "False"}}, {"type": "Feature", "geometry": {"type": "Point", "coordinates": [139.4077778, 36.4725]}, "properties": {"dam_name": "桐生川", "prefecture": "群馬県", "water_system": "利根川", "river": "桐生川", "manager": "都道府県・市町村", "manager_class": "都道府県・その他", "hourly_in_riverdb": "False"}}, {"type": "Feature", "geometry": {"type": "Point", "coordinates": [138.7077778, 36.3532778]}, "properties": {"dam_name": "坂本（群馬県）", "prefecture": "群馬県", "water_system": "利根川", "river": "碓氷川", "manager": "都道府県・市町村", "manager_class": "都道府県・その他", "hourly_in_riverdb": "False"}}, {"type": "Feature", "geometry": {"type": "Point", "coordinates": [138.6788889, 36.2330556]}, "properties": {"dam_name": "道平川", "prefecture": "群馬県", "water_system": "利根川", "river": "道平川", "manager": "都道府県・市町村", "manager_class": "都道府県・その他", "hourly_in_riverdb": "False"}}, {"type": "Feature", "geometry": {"type": "Point", "coordinates": [138.8928722, 36.123325]}, "properties": {"dam_name": "塩沢", "prefecture": "群馬県", "water_system": "利根川", "river": "塩沢川", "manager": "都道府県・市町村", "manager_class": "都道府県・その他", "hourly_in_riverdb": "False"}}, {"type": "Feature", "geometry": {"type": "Point", "coordinates": [138.7815, 36.6966111]}, "properties": {"dam_name": "四万川", "prefecture": "群馬県", "water_system": "利根川", "river": "四万川", "manager": "都道府県・市町村", "manager_class": "都道府県・その他", "hourly_in_riverdb": "False"}}, {"type": "Feature", "geometry": {"type": "Point", "coordinates": [138.6855, 36.136]}, "properties": {"dam_name": "大仁田", "prefecture": "群馬県", "water_system": "利根川", "river": "大仁田川", "manager": "都道府県・市町村", "manager_class": "都道府県・その他", "hourly_in_riverdb": "False"}}, {"type": "Feature", "geometry": {"type": "Point", "coordinates": [139.1770667, 35.8728111]}, "properties": {"dam_name": "有間", "prefecture": "埼玉県", "water_system": "荒川", "river": "有間川", "manager": "都道府県・市町村", "manager_class": "都道府県・その他", "hourly_in_riverdb": "False"}}, {"type": "Feature", "geometry": {"type": "Point", "coordinates": [139.7279833, 36.0905556]}, "properties": {"dam_name": "権現堂調節池", "prefecture": "埼玉県", "water_system": "利根川", "river": "権現堂川", "manager": "都道府県・市町村", "manager_class": "都道府県・その他", "hourly_in_riverdb": "False"}}, {"type": "Feature", "geometry": {"type": "Point", "coordinates": [138.9691667, 36.055]}, "properties": {"dam_name": "合角", "prefecture": "埼玉県", "water_system": "荒川", "river": "吉田川", "manager": "都道府県・市町村", "manager_class": "都道府県・その他", "hourly_in_riverdb": "False"}}, {"type": "Feature", "geometry": {"type": "Point", "coordinates": [140.0888889, 35.2266667]}, "properties": {"dam_name": "亀山", "prefecture": "千葉県", "water_system": "小櫃川", "river": "小櫃川", "manager": "都道府県・市町村", "manager_class": "都道府県・その他", "hourly_in_riverdb": "False"}}, {"type": "Feature", "geometry": {"type": "Point", "coordinates": [140.1483333, 35.3544444]}, "properties": {"dam_name": "高滝", "prefecture": "千葉県", "water_system": "養老川", "river": "養老川", "manager": "都道府県・市町村", "manager_class": "都道府県・その他", "hourly_in_riverdb": "False"}}, {"type": "Feature", "geometry": {"type": "Point", "coordinates": [140.6990278, 35.8339722]}, "properties": {"dam_name": "黒部川総合開発", "prefecture": "千葉県", "water_system": "利根川", "river": "黒部川", "manager": "都道府県・市町村", "manager_class": "都道府県・その他", "hourly_in_riverdb": "False"}}, {"type": "Feature", "geometry": {"type": "Point", "coordinates": [139.985, 35.3458333]}, "properties": {"dam_name": "矢那川", "prefecture": "千葉県", "water_system": "矢那川", "river": "田高川", "manager": "都道府県・市町村", "manager_class": "都道府県・その他", "hourly_in_riverdb": "False"}}, {"type": "Feature", "geometry": {"type": "Point", "coordinates": [140.0727778, 35.2002778]}, "properties": {"dam_name": "片倉", "prefecture": "千葉県", "water_system": "小櫃川", "river": "笹川", "manager": "都道府県・市町村", "manager_class": "都道府県・その他", "hourly_in_riverdb": "False"}}, {"type": "Feature", "geometry": {"type": "Point", "coordinates": [139.2830556, 35.5858333]}, "properties": {"dam_name": "城山", "prefecture": "神奈川県", "water_system": "相模川", "river": "相模川", "manager": "都道府県・市町村", "manager_class": "都道府県・その他", "hourly_in_riverdb": "False"}}, {"type": "Feature", "geometry": {"type": "Point", "coordinates": [139.0421111, 35.4105139]}, "properties": {"dam_name": "三保", "prefecture": "神奈川県", "water_system": "酒匂川", "river": "河内川", "manager": "都道府県・市町村", "manager_class": "都道府県・その他", "hourly_in_riverdb": "False"}}, {"type": "Feature", "geometry": {"type": "Point", "coordinates": [138.7661111, 35.835]}, "properties": {"dam_name": "広瀬", "prefecture": "山梨県", "water_system": "富士川", "river": "笛吹川", "manager": "都道府県・市町村", "manager_class": "都道府県・その他", "hourly_in_riverdb": "False"}}, {"type": "Feature", "geometry": {"type": "Point", "coordinates": [138.5697222, 35.7602778]}, "properties": {"dam_name": "荒川", "prefecture": "山梨県", "water_system": "富士川", "river": "荒川", "manager": "都道府県・市町村", "manager_class": "都道府県・その他", "hourly_in_riverdb": "False"}}, {"type": "Feature", "geometry": {"type": "Point", "coordinates": [138.4338889, 35.8744444]}, "properties": {"dam_name": "大門（山梨県）", "prefecture": "山梨県", "water_system": "庶路川", "river": "大門川", "manager": "都道府県・市町村", "manager_class": "都道府県・その他", "hourly_in_riverdb": "False"}}, {"type": "Feature", "geometry": {"type": "Point", "coordinates": [138.4977778, 35.8583333]}, "properties": {"dam_name": "塩川", "prefecture": "山梨県", "water_system": "富士川", "river": "塩川", "manager": "都道府県・市町村", "manager_class": "都道府県・その他", "hourly_in_riverdb": "False"}}, {"type": "Feature", "geometry": {"type": "Point", "coordinates": [138.9483333, 35.7083333]}, "properties": {"dam_name": "深城", "prefecture": "山梨県", "water_system": "相模川", "river": "葛野川", "manager": "都道府県・市町村", "manager_class": "都道府県・その他", "hourly_in_riverdb": "False"}}, {"type": "Feature", "geometry": {"type": "Point", "coordinates": [138.6582611, 35.8016222]}, "properties": {"dam_name": "琴川", "prefecture": "山梨県", "water_system": "富士川", "river": "琴川", "manager": "都道府県・市町村", "manager_class": "都道府県・その他", "hourly_in_riverdb": "False"}}, {"type": "Feature", "geometry": {"type": "Point", "coordinates": [139.0512167, 37.4246806]}, "properties": {"dam_name": "刈谷田川", "prefecture": "新潟県", "water_system": "信濃川", "river": "刈谷田川", "manager": "都道府県・市町村", "manager_class": "都道府県・その他", "hourly_in_riverdb": "False"}}, {"type": "Feature", "geometry": {"type": "Point", "coordinates": [139.0644444, 37.6394444]}, "properties": {"dam_name": "下条川", "prefecture": "新潟県", "water_system": "信濃川", "river": "下条川", "manager": "都道府県・市町村", "manager_class": "都道府県・その他", "hourly_in_riverdb": "False"}}, {"type": "Feature", "geometry": {"type": "Point", "coordinates": [139.1594444, 37.3458333]}, "properties": {"dam_name": "破間川", "prefecture": "新潟県", "water_system": "信濃川", "river": "破間川", "manager": "都道府県・市町村", "manager_class": "都道府県・その他", "hourly_in_riverdb": "False"}}, {"type": "Feature", "geometry": {"type": "Point", "coordinates": [139.1737, 37.5049528]}, "properties": {"dam_name": "笠堀", "prefecture": "新潟県", "water_system": "信濃川", "river": "笠掘川", "manager": "都道府県・市町村", "manager_class": "都道府県・その他", "hourly_in_riverdb": "False"}}, {"type": "Feature", "geometry": {"type": "Point", "coordinates": [139.2983333, 37.6411111]}, "properties": {"dam_name": "早出川", "prefecture": "新潟県", "water_system": "阿賀野川", "river": "早出川", "manager": "都道府県・市町村", "manager_class": "都道府県・その他", "hourly_in_riverdb": "False"}}, {"type": "Feature", "geometry": {"type": "Point", "coordinates": [139.6385028, 38.2392472]}, "properties": {"dam_name": "三面", "prefecture": "新潟県", "water_system": "三面川", "river": "三面川", "manager": "都道府県・市町村", "manager_class": "都道府県・その他", "hourly_in_riverdb": "False"}}, {"type": "Feature", "geometry": {"type": "Point", "coordinates": [139.4244944, 37.8502]}, "properties": {"dam_name": "内の倉", "prefecture": "新潟県", "water_system": "加治川", "river": "内倉川", "manager": "都道府県・市町村", "manager_class": "都道府県・その他", "hourly_in_riverdb": "False"}}, {"type": "Feature", "geometry": {"type": "Point", "coordinates": [139.4922694, 37.8149306]}, "properties": {"dam_name": "加治川治水", "prefecture": "新潟県", "water_system": "加治川", "river": "加治川", "manager": "都道府県・市町村", "manager_class": "都道府県・その他", "hourly_in_riverdb": "False"}}, {"type": "Feature", "geometry": {"type": "Point", "coordinates": [138.6101556, 37.1763694]}, "properties": {"dam_name": "鯖石川", "prefecture": "新潟県", "water_system": "鯖石川", "river": "鯖石川", "manager": "都道府県・市町村", "manager_class": "都道府県・その他", "hourly_in_riverdb": "False"}}, {"type": "Feature", "geometry": {"type": "Point", "coordinates": [139.5366667, 37.9605556]}, "properties": {"dam_name": "胎内川", "prefecture": "新潟県", "water_system": "胎内川", "river": "胎内川", "manager": "都道府県・市町村", "manager_class": "都道府県・その他", "hourly_in_riverdb": "False"}}, {"type": "Feature", "geometry": {"type": "Point", "coordinates": [138.4413889, 37.9855556]}, "properties": {"dam_name": "大野川", "prefecture": "新潟県", "water_system": "国府川", "river": "大野川", "manager": "都道府県・市町村", "manager_class": "都道府県・その他", "hourly_in_riverdb": "False"}}, {"type": "Feature", "geometry": {"type": "Point", "coordinates": [138.3586111, 38.0625]}, "properties": {"dam_name": "新保川", "prefecture": "新潟県", "water_system": "国府川", "river": "新保川", "manager": "都道府県・市町村", "manager_class": "都道府県・その他", "hourly_in_riverdb": "False"}}, {"type": "Feature", "geometry": {"type": "Point", "coordinates": [138.1825306, 37.1454139]}, "properties": {"dam_name": "正善寺", "prefecture": "新潟県", "water_system": "関川", "river": "正善寺川", "manager": "都道府県・市町村", "manager_class": "都道府県・その他", "hourly_in_riverdb": "False"}}, {"type": "Feature", "geometry": {"type": "Point", "coordinates": [138.4852778, 38.0286111]}, "properties": {"dam_name": "久知川", "prefecture": "新潟県", "water_system": "久知川", "river": "久知川", "manager": "都道府県・市町村", "manager_class": "都道府県・その他", "hourly_in_riverdb": "False"}}, {"type": "Feature", "geometry": {"type": "Point", "coordinates": [139.4, 37.495]}, "properties": {"dam_name": "大谷（新潟県）", "prefecture": "新潟県", "water_system": "信濃川", "river": "五十嵐川", "manager": "都道府県・市町村", "manager_class": "都道府県・その他", "hourly_in_riverdb": "False"}}, {"type": "Feature", "geometry": {"type": "Point", "coordinates": [138.5619444, 37.1072222]}, "properties": {"dam_name": "城川", "prefecture": "新潟県", "water_system": "信濃川", "river": "城川", "manager": "都道府県・市町村", "manager_class": "都道府県・その他", "hourly_in_riverdb": "False"}}, {"type": "Feature", "geometry": {"type": "Point", "coordinates": [139.7075, 38.2597222]}, "properties": {"dam_name": "奥三面", "prefecture": "新潟県", "water_system": "三面川", "river": "三面川", "manager": "都道府県・市町村", "manager_class": "都道府県・その他", "hourly_in_riverdb": "False"}}, {"type": "Feature", "geometry": {"type": "Point", "coordinates": [138.4797222, 37.2394444]}, "properties": {"dam_name": "柿崎川", "prefecture": "新潟県", "water_system": "柿崎川", "river": "柿崎川", "manager": "都道府県・市町村", "manager_class": "都道府県・その他", "hourly_in_riverdb": "False"}}, {"type": "Feature", "geometry": {"type": "Point", "coordinates": [138.97, 37.3058333]}, "properties": {"dam_name": "広神", "prefecture": "新潟県", "water_system": "信濃川", "river": "和田川", "manager": "都道府県・市町村", "manager_class": "都道府県・その他", "hourly_in_riverdb": "False"}}, {"type": "Feature", "geometry": {"type": "Point", "coordinates": [138.5433333, 36.3097222]}, "properties": {"dam_name": "湯川", "prefecture": "長野県", "water_system": "信濃川", "river": "湯川", "manager": "都道府県・市町村", "manager_class": "都道府県・その他", "hourly_in_riverdb": "False"}}, {"type": "Feature", "geometry": {"type": "Point", "coordinates": [138.1205556, 36.6677778]}, "properties": {"dam_name": "裾花", "prefecture": "長野県", "water_system": "信濃川", "river": "裾花川", "manager": "都道府県・市町村", "manager_class": "都道府県・その他", "hourly_in_riverdb": "False"}}, {"type": "Feature", "geometry": {"type": "Point", "coordinates": [137.97, 36.7252778]}, "properties": {"dam_name": "奧裾花", "prefecture": "長野県", "water_system": "信濃川", "river": "裾花川", "manager": "都道府県・市町村", "manager_class": "都道府県・その他", "hourly_in_riverdb": "False"}}, {"type": "Feature", "geometry": {"type": "Point", "coordinates": [137.8105556, 35.9319444]}, "properties": {"dam_name": "奈良井", "prefecture": "長野県", "water_system": "信濃川", "river": "奈良井川", "manager": "都道府県・市町村", "manager_class": "都道府県・その他", "hourly_in_riverdb": "False"}}, {"type": "Feature", "geometry": {"type": "Point", "coordinates": [138.5938028, 38.1253778]}, "properties": {"dam_name": "古谷", "prefecture": "長野県", "water_system": "信濃川", "river": "抜井川", "manager": "都道府県・市町村", "manager_class": "都道府県・その他", "hourly_in_riverdb": "False"}}, {"type": "Feature", "geometry": {"type": "Point", "coordinates": [137.1131611, 36.2923167]}, "properties": {"dam_name": "内村", "prefecture": "長野県", "water_system": "信濃川", "river": "内村川", "manager": "都道府県・市町村", "manager_class": "都道府県・その他", "hourly_in_riverdb": "False"}}, {"type": "Feature", "geometry": {"type": "Point", "coordinates": [138.3775, 36.6208333]}, "properties": {"dam_name": "豊丘", "prefecture": "長野県", "water_system": "信濃川", "river": "灰野川", "manager": "都道府県・市町村", "manager_class": "都道府県・その他", "hourly_in_riverdb": "False"}}, {"type": "Feature", "geometry": {"type": "Point", "coordinates": [138.0001361, 36.4191528]}, "properties": {"dam_name": "小仁熊", "prefecture": "長野県", "water_system": "信濃川", "river": "小仁熊川", "manager": "都道府県・市町村", "manager_class": "都道府県・その他", "hourly_in_riverdb": "False"}}, {"type": "Feature", "geometry": {"type": "Point", "coordinates": [138.5663889, 36.1613889]}, "properties": {"dam_name": "余地", "prefecture": "長野県", "water_system": "信濃川", "river": "余地川", "manager": "都道府県・市町村", "manager_class": "都道府県・その他", "hourly_in_riverdb": "False"}}, {"type": "Feature", "geometry": {"type": "Point", "coordinates": [137.7805556, 35.5283333]}, "properties": {"dam_name": "松川", "prefecture": "長野県", "water_system": "天竜川", "river": "松川", "manager": "都道府県・市町村", "manager_class": "都道府県・その他", "hourly_in_riverdb": "False"}}, {"type": "Feature", "geometry": {"type": "Point", "coordinates": [137.8533333, 35.6183333]}, "properties": {"dam_name": "片桐", "prefecture": "長野県", "water_system": "天竜川", "river": "片桐松川", "manager": "都道府県・市町村", "manager_class": "都道府県・その他", "hourly_in_riverdb": "False"}}, {"type": "Feature", "geometry": {"type": "Point", "coordinates": [128.0963889, 35.935]}, "properties": {"dam_name": "箕輪", "prefecture": "長野県", "water_system": "天竜川", "river": "沢川", "manager": "都道府県・市町村", "manager_class": "都道府県・その他", "hourly_in_riverdb": "False"}}, {"type": "Feature", "geometry": {"type": "Point", "coordinates": [138.3613889, 36.4088889]}, "properties": {"dam_name": "金原", "prefecture": "長野県", "water_system": "信濃川", "river": "金原川", "manager": "都道府県・市町村", "manager_class": "都道府県・その他", "hourly_in_riverdb": "False"}}, {"type": "Feature", "geometry": {"type": "Point", "coordinates": [138.0536111, 36.48]}, "properties": {"dam_name": "北山", "prefecture": "長野県", "water_system": "信濃川", "river": "宮川", "manager": "都道府県・市町村", "manager_class": "都道府県・その他", "hourly_in_riverdb": "False"}}, {"type": "Feature", "geometry": {"type": "Point", "coordinates": [138.0436111, 36.3475]}, "properties": {"dam_name": "水上", "prefecture": "長野県", "water_system": "信濃川", "river": "水上沢川", "manager": "都道府県・市町村", "manager_class": "都道府県・その他", "hourly_in_riverdb": "False"}}, {"type": "Feature", "geometry": {"type": "Point", "coordinates": [137.0933861, 36.5380694]}, "properties": {"dam_name": "室牧", "prefecture": "富山県", "water_system": "神通川", "river": "井田川", "manager": "都道府県・市町村", "manager_class": "都道府県・その他", "hourly_in_riverdb": "False"}}, {"type": "Feature", "geometry": {"type": "Point", "coordinates": [137.3122222, 36.5597222]}, "properties": {"dam_name": "熊野川", "prefecture": "富山県", "water_system": "神通川", "river": "熊野川", "manager": "都道府県・市町村", "manager_class": "都道府県・その他", "hourly_in_riverdb": "False"}}, {"type": "Feature", "geometry": {"type": "Point", "coordinates": [136.9986111, 36.3277778]}, "properties": {"dam_name": "利賀川", "prefecture": "富山県", "water_system": "庄川", "river": "利賀川", "manager": "都道府県・市町村", "manager_class": "都道府県・その他", "hourly_in_riverdb": "False"}}, {"type": "Feature", "geometry": {"type": "Point", "coordinates": [137.0392222, 36.6544417]}, "properties": {"dam_name": "和田川", "prefecture": "富山県", "water_system": "庄川", "river": "和田川", "manager": "都道府県・市町村", "manager_class": "都道府県・その他", "hourly_in_riverdb": "False"}}, {"type": "Feature", "geometry": {"type": "Point", "coordinates": [136.8542389, 36.7249861]}, "properties": {"dam_name": "子撫川", "prefecture": "富山県", "water_system": "小矢部川", "river": "子撫川", "manager": "都道府県・市町村", "manager_class": "都道府県・その他", "hourly_in_riverdb": "False"}}, {"type": "Feature", "geometry": {"type": "Point", "coordinates": [136.87, 36.4838889]}, "properties": {"dam_name": "城端", "prefecture": "富山県", "water_system": "小矢部川", "river": "山田川", "manager": "都道府県・市町村", "manager_class": "都道府県・その他", "hourly_in_riverdb": "False"}}, {"type": "Feature", "geometry": {"type": "Point", "coordinates": [137.4305694, 36.7536056]}, "properties": {"dam_name": "角川", "prefecture": "富山県", "water_system": "角川", "river": "角川", "manager": "都道府県・市町村", "manager_class": "都道府県・その他", "hourly_in_riverdb": "False"}}, {"type": "Feature", "geometry": {"type": "Point", "coordinates": [137.4152944, 36.6780583]}, "properties": {"dam_name": "上市川", "prefecture": "富山県", "water_system": "上市川", "river": "上市川", "manager": "都道府県・市町村", "manager_class": "都道府県・その他", "hourly_in_riverdb": "False"}}, {"type": "Feature", "geometry": {"type": "Point", "coordinates": [137.4344444, 36.6697222]}, "properties": {"dam_name": "上市川第二", "prefecture": "富山県", "water_system": "上市川", "river": "上市川", "manager": "都道府県・市町村", "manager_class": "都道府県・その他", "hourly_in_riverdb": "False"}}, {"type": "Feature", "geometry": {"type": "Point", "coordinates": [137.3600667, 36.6393528]}, "properties": {"dam_name": "白岩川", "prefecture": "富山県", "water_system": "白岩川", "river": "白岩川", "manager": "都道府県・市町村", "manager_class": "都道府県・その他", "hourly_in_riverdb": "False"}}, {"type": "Feature", "geometry": {"type": "Point", "coordinates": [137.6180556, 36.8883333]}, "properties": {"dam_name": "朝日小川", "prefecture": "富山県", "water_system": "小川", "river": "小川", "manager": "都道府県・市町村", "manager_class": "都道府県・その他", "hourly_in_riverdb": "False"}}, {"type": "Feature", "geometry": {"type": "Point", "coordinates": [137.5183333, 36.8041667]}, "properties": {"dam_name": "布施川", "prefecture": "富山県", "water_system": "片貝川", "river": "布施川", "manager": "都道府県・市町村", "manager_class": "都道府県・その他", "hourly_in_riverdb": "False"}}, {"type": "Feature", "geometry": {"type": "Point", "coordinates": [136.839525, 36.3425306]}, "properties": {"dam_name": "境川", "prefecture": "富山県", "water_system": "庄川", "river": "境川", "manager": "都道府県・市町村", "manager_class": "都道府県・その他", "hourly_in_riverdb": "False"}}, {"type": "Feature", "geometry": {"type": "Point", "coordinates": [137.4855556, 36.8561111]}, "properties": {"dam_name": "大谷（富山県）", "prefecture": "富山県", "water_system": "黒瀬川", "river": "大谷川", "manager": "都道府県・市町村", "manager_class": "都道府県・その他", "hourly_in_riverdb": "False"}}, {"type": "Feature", "geometry": {"type": "Point", "coordinates": [137.1886111, 36.5111111]}, "properties": {"dam_name": "久婦須川", "prefecture": "富山県", "water_system": "神通川", "river": "久婦須川", "manager": "都道府県・市町村", "manager_class": "都道府県・その他", "hourly_in_riverdb": "False"}}, {"type": "Feature", "geometry": {"type": "Point", "coordinates": [137.585, 36.8705556]}, "properties": {"dam_name": "舟川", "prefecture": "富山県", "water_system": "小川", "river": "舟川", "manager": "都道府県・市町村", "manager_class": "都道府県・その他", "hourly_in_riverdb": "False"}}, {"type": "Feature", "geometry": {"type": "Point", "coordinates": [136.4844444, 36.2961111]}, "properties": {"dam_name": "赤瀬", "prefecture": "石川県", "water_system": "梯川", "river": "梯川", "manager": "都道府県・市町村", "manager_class": "都道府県・その他", "hourly_in_riverdb": "False"}}, {"type": "Feature", "geometry": {"type": "Point", "coordinates": [136.7466667, 36.4308333]}, "properties": {"dam_name": "犀川", "prefecture": "石川県", "water_system": "犀川", "river": "犀川", "manager": "都道府県・市町村", "manager_class": "都道府県・その他", "hourly_in_riverdb": "False"}}, {"type": "Feature", "geometry": {"type": "Point", "coordinates": [136.6702778, 36.4736111]}, "properties": {"dam_name": "内川", "prefecture": "石川県", "water_system": "犀川", "river": "内川", "manager": "都道府県・市町村", "manager_class": "都道府県・その他", "hourly_in_riverdb": "False"}}, {"type": "Feature", "geometry": {"type": "Point", "coordinates": [136.6808333, 36.4886111]}, "properties": {"dam_name": "新内川", "prefecture": "石川県", "water_system": "犀川", "river": "内川", "manager": "都道府県・市町村", "manager_class": "都道府県・その他", "hourly_in_riverdb": "False"}}, {"type": "Feature", "geometry": {"type": "Point", "coordinates": [136.3494444, 36.2108333]}, "properties": {"dam_name": "我谷", "prefecture": "石川県", "water_system": "大聖寺川", "river": "大聖寺川", "manager": "都道府県・市町村", "manager_class": "都道府県・その他", "hourly_in_riverdb": "False"}}, {"type": "Feature", "geometry": {"type": "Point", "coordinates": [136.5808333, 36.2861111]}, "properties": {"dam_name": "大日川", "prefecture": "石川県", "water_system": "手取川", "river": "大日川", "manager": "都道府県・市町村", "manager_class": "都道府県・その他", "hourly_in_riverdb": "False"}}, {"type": "Feature", "geometry": {"type": "Point", "coordinates": [137.1777778, 37.3925]}, "properties": {"dam_name": "小屋", "prefecture": "石川県", "water_system": "鵜飼川", "river": "鵜飼川", "manager": "都道府県・市町村", "manager_class": "都道府県・その他", "hourly_in_riverdb": "False"}}, {"type": "Feature", "geometry": {"type": "Point", "coordinates": [136.8322222, 37.2625]}, "properties": {"dam_name": "八ヶ川", "prefecture": "石川県", "water_system": "八ヶ川", "river": "八ヶ川", "manager": "都道府県・市町村", "manager_class": "都道府県・その他", "hourly_in_riverdb": "False"}}, {"type": "Feature", "geometry": {"type": "Point", "coordinates": [136.3777778, 36.2063889]}, "properties": {"dam_name": "九谷", "prefecture": "石川県", "water_system": "大聖寺川", "river": "大聖寺川", "manager": "都道府県・市町村", "manager_class": "都道府県・その他", "hourly_in_riverdb": "False"}}, {"type": "Feature", "geometry": {"type": "Point", "coordinates": [137.0425, 37.3772222]}, "properties": {"dam_name": "北河内", "prefecture": "石川県", "water_system": "町野川", "river": "河内川", "manager": "都道府県・市町村", "manager_class": "都道府県・その他", "hourly_in_riverdb": "False"}}, {"type": "Feature", "geometry": {"type": "Point", "coordinates": [136.7138889, 36.4988889]}, "properties": {"dam_name": "辰巳", "prefecture": "石川県", "water_system": "犀川", "river": "犀川", "manager": "都道府県・市町村", "manager_class": "都道府県・その他", "hourly_in_riverdb": "False"}}, {"type": "Feature", "geometry": {"type": "Point", "coordinates": [136.9030556, 35.9041667]}, "properties": {"dam_name": "阿多岐", "prefecture": "岐阜県", "water_system": "木曽川", "river": "阿多岐川", "manager": "都道府県・市町村", "manager_class": "都道府県・その他", "hourly_in_riverdb": "False"}}, {"type": "Feature", "geometry": {"type": "Point", "coordinates": [136.4744444, 35.3627778]}, "properties": {"dam_name": "岩村", "prefecture": "岐阜県", "water_system": "木曽川", "river": "富田川", "manager": "都道府県・市町村", "manager_class": "都道府県・その他", "hourly_in_riverdb": "False"}}, {"type": "Feature", "geometry": {"type": "Point", "coordinates": [137.2474167, 35.9062778]}, "properties": {"dam_name": "大ヶ洞", "prefecture": "岐阜県", "water_system": "木曽川", "river": "大ヶ洞川", "manager": "都道府県・市町村", "manager_class": "都道府県・その他", "hourly_in_riverdb": "False"}}, {"type": "Feature", "geometry": {"type": "Point", "coordinates": [137.3428639, 35.5260222]}, "properties": {"dam_name": "中野方", "prefecture": "岐阜県", "water_system": "木曽川", "river": "中野方川", "manager": "都道府県・市町村", "manager_class": "都道府県・その他", "hourly_in_riverdb": "False"}}, {"type": "Feature", "geometry": {"type": "Point", "coordinates": [137.3711111, 36.2169444]}, "properties": {"dam_name": "丹生川", "prefecture": "岐阜県", "water_system": "神通川", "river": "荒城川", "manager": "都道府県・市町村", "manager_class": "都道府県・その他", "hourly_in_riverdb": "False"}}, {"type": "Feature", "geometry": {"type": "Point", "coordinates": [139.0722222, 34.9341667]}, "properties": {"dam_name": "奥野", "prefecture": "静岡県", "water_system": "伊東大川", "river": "伊東大川", "manager": "都道府県・市町村", "manager_class": "都道府県・その他", "hourly_in_riverdb": "False"}}, {"type": "Feature", "geometry": {"type": "Point", "coordinates": [138.8224778, 34.6925806]}, "properties": {"dam_name": "青野大師", "prefecture": "静岡県", "water_system": "青野川", "river": "鈴野川", "manager": "都道府県・市町村", "manager_class": "都道府県・その他", "hourly_in_riverdb": "False"}}, {"type": "Feature", "geometry": {"type": "Point", "coordinates": [137.9952778, 34.9052778]}, "properties": {"dam_name": "太田川", "prefecture": "静岡県", "water_system": "太田川", "river": "太田川", "manager": "都道府県・市町村", "manager_class": "都道府県・その他", "hourly_in_riverdb": "False"}}, {"type": "Feature", "geometry": {"type": "Point", "coordinates": [137.3884583, 34.8952167]}, "properties": {"dam_name": "雨山", "prefecture": "愛知県", "water_system": "木曽川", "river": "王滝川", "manager": "都道府県・市町村", "manager_class": "都道府県・その他", "hourly_in_riverdb": "False"}}, {"type": "Feature", "geometry": {"type": "Point", "coordinates": [137.2270944, 35.2252333]}, "properties": {"dam_name": "木瀬", "prefecture": "愛知県", "water_system": "矢作川", "river": "木瀬川", "manager": "都道府県・市町村", "manager_class": "都道府県・その他", "hourly_in_riverdb": "False"}}, {"type": "Feature", "geometry": {"type": "Point", "coordinates": [136.3115667, 34.5982806]}, "properties": {"dam_name": "君ヶ野", "prefecture": "三重県", "water_system": "雲出川", "river": "八手俣川", "manager": "都道府県・市町村", "manager_class": "都道府県・その他", "hourly_in_riverdb": "False"}}, {"type": "Feature", "geometry": {"type": "Point", "coordinates": [136.1961111, 34.2866667]}, "properties": {"dam_name": "宮川", "prefecture": "三重県", "water_system": "宮川", "river": "宮川", "manager": "都道府県・市町村", "manager_class": "都道府県・その他", "hourly_in_riverdb": "False"}}, {"type": "Feature", "geometry": {"type": "Point", "coordinates": [136.2183333, 34.7136111]}, "properties": {"dam_name": "滝川", "prefecture": "三重県", "water_system": "淀川", "river": "滝川", "manager": "都道府県・市町村", "manager_class": "都道府県・その他", "hourly_in_riverdb": "False"}}, {"type": "Feature", "geometry": {"type": "Point", "coordinates": [136.2047222, 35.7694444]}, "properties": {"dam_name": "広野", "prefecture": "福井県", "water_system": "九頭竜川", "river": "日野川", "manager": "都道府県・市町村", "manager_class": "都道府県・その他", "hourly_in_riverdb": "False"}}, {"type": "Feature", "geometry": {"type": "Point", "coordinates": [136.5475, 35.8433333]}, "properties": {"dam_name": "笹生川", "prefecture": "福井県", "water_system": "九頭竜川", "river": "真名川", "manager": "都道府県・市町村", "manager_class": "都道府県・その他", "hourly_in_riverdb": "False"}}, {"type": "Feature", "geometry": {"type": "Point", "coordinates": [136.3491667, 36.1533333]}, "properties": {"dam_name": "龍ヶ鼻", "prefecture": "福井県", "water_system": "九頭竜川", "river": "竹田川", "manager": "都道府県・市町村", "manager_class": "都道府県・その他", "hourly_in_riverdb": "False"}}, {"type": "Feature", "geometry": {"type": "Point", "coordinates": [136.3627778, 36.0477778]}, "properties": {"dam_name": "永平寺", "prefecture": "福井県", "water_system": "九頭竜川", "river": "永平寺川", "manager": "都道府県・市町村", "manager_class": "都道府県・その他", "hourly_in_riverdb": "False"}}, {"type": "Feature", "geometry": {"type": "Point", "coordinates": [136.2497222, 35.7425]}, "properties": {"dam_name": "桝谷", "prefecture": "福井県", "water_system": "九頭竜川", "river": "桝谷川", "manager": "都道府県・市町村", "manager_class": "都道府県・その他", "hourly_in_riverdb": "False"}}, {"type": "Feature", "geometry": {"type": "Point", "coordinates": [136.5419444, 36.0633333]}, "properties": {"dam_name": "浄土寺川", "prefecture": "福井県", "water_system": "九頭竜川", "river": "浄土寺川", "manager": "都道府県・市町村", "manager_class": "都道府県・その他", "hourly_in_riverdb": "False"}}, {"type": "Feature", "geometry": {"type": "Point", "coordinates": [135.6305278, 35.4539444]}, "properties": {"dam_name": "大津呂", "prefecture": "福井県", "water_system": "佐分利川", "river": "大津呂川", "manager": "都道府県・市町村", "manager_class": "都道府県・その他", "hourly_in_riverdb": "False"}}, {"type": "Feature", "geometry": {"type": "Point", "coordinates": [136.1990556, 35.5226111]}, "properties": {"dam_name": "余呉湖", "prefecture": "滋賀県", "water_system": "淀川", "river": "余呉川", "manager": "都道府県・市町村", "manager_class": "都道府県・その他", "hourly_in_riverdb": "False"}}, {"type": "Feature", "geometry": {"type": "Point", "coordinates": [136.2590833, 35.0051667]}, "properties": {"dam_name": "日野川", "prefecture": "滋賀県", "water_system": "淀川", "river": "日野川", "manager": "都道府県・市町村", "manager_class": "都道府県・その他", "hourly_in_riverdb": "False"}}, {"type": "Feature", "geometry": {"type": "Point", "coordinates": [135.9554722, 35.4451111]}, "properties": {"dam_name": "石田川", "prefecture": "滋賀県", "water_system": "淀川", "river": "石田川", "manager": "都道府県・市町村", "manager_class": "都道府県・その他", "hourly_in_riverdb": "False"}}, {"type": "Feature", "geometry": {"type": "Point", "coordinates": [136.2907222, 35.1540278]}, "properties": {"dam_name": "宇曽川", "prefecture": "滋賀県", "water_system": "淀川", "river": "宇曽川", "manager": "都道府県・市町村", "manager_class": "都道府県・その他", "hourly_in_riverdb": "False"}}, {"type": "Feature", "geometry": {"type": "Point", "coordinates": [136.3040278, 34.9559722]}, "properties": {"dam_name": "青土", "prefecture": "滋賀県", "water_system": "淀川", "river": "野洲川", "manager": "都道府県・市町村", "manager_class": "都道府県・その他", "hourly_in_riverdb": "False"}}, {"type": "Feature", "geometry": {"type": "Point", "coordinates": [136.3498889, 35.4848333]}, "properties": {"dam_name": "姉川", "prefecture": "滋賀県", "water_system": "淀川", "river": "姉川", "manager": "都道府県・市町村", "manager_class": "都道府県・その他", "hourly_in_riverdb": "False"}}, {"type": "Feature", "geometry": {"type": "Point", "coordinates": [135.4594444, 35.2636111]}, "properties": {"dam_name": "大野", "prefecture": "京都府", "water_system": "由良川", "river": "由良川", "manager": "都道府県・市町村", "manager_class": "都道府県・その他", "hourly_in_riverdb": "False"}}, {"type": "Feature", "geometry": {"type": "Point", "coordinates": [135.4355556, 35.2097222]}, "properties": {"dam_name": "畑川", "prefecture": "京都府", "water_system": "由良川", "river": "畑川", "manager": "都道府県・市町村", "manager_class": "都道府県・その他", "hourly_in_riverdb": "False"}}, {"type": "Feature", "geometry": {"type": "Point", "coordinates": [135.4791667, 34.8583333]}, "properties": {"dam_name": "箕面川", "prefecture": "大阪府", "water_system": "淀川", "river": "箕面川", "manager": "都道府県・市町村", "manager_class": "都道府県・その他", "hourly_in_riverdb": "False"}}, {"type": "Feature", "geometry": {"type": "Point", "coordinates": [135.5505556, 34.5066667]}, "properties": {"dam_name": "狭山池", "prefecture": "大阪府", "water_system": "大和川", "river": "西除川", "manager": "都道府県・市町村", "manager_class": "都道府県・その他", "hourly_in_riverdb": "False"}}, {"type": "Feature", "geometry": {"type": "Point", "coordinates": [134.5405556, 35.2275]}, "properties": {"dam_name": "引原", "prefecture": "兵庫県", "water_system": "揖保川", "river": "引原川", "manager": "都道府県・市町村", "manager_class": "都道府県・その他", "hourly_in_riverdb": "False"}}, {"type": "Feature", "geometry": {"type": "Point", "coordinates": [134.6127778, 35.0447222]}, "properties": {"dam_name": "安富", "prefecture": "兵庫県", "water_system": "揖保川", "river": "林田川", "manager": "都道府県・市町村", "manager_class": "都道府県・その他", "hourly_in_riverdb": "False"}}, {"type": "Feature", "geometry": {"type": "Point", "coordinates": [134.8216667, 35.1844444]}, "properties": {"dam_name": "生野", "prefecture": "兵庫県", "water_system": "市川", "river": "市川", "manager": "都道府県・市町村", "manager_class": "都道府県・その他", "hourly_in_riverdb": "False"}}, {"type": "Feature", "geometry": {"type": "Point", "coordinates": [134.6372222, 34.9977778]}, "properties": {"dam_name": "菅生", "prefecture": "兵庫県", "water_system": "夢前川", "river": "菅生川", "manager": "都道府県・市町村", "manager_class": "都道府県・その他", "hourly_in_riverdb": "False"}}, {"type": "Feature", "geometry": {"type": "Point", "coordinates": [134.8001222, 34.2463889]}, "properties": {"dam_name": "諭鶴羽", "prefecture": "兵庫県", "water_system": "三原川", "river": "諭鶴羽川", "manager": "都道府県・市町村", "manager_class": "都道府県・その他", "hourly_in_riverdb": "False"}}, {"type": "Feature", "geometry": {"type": "Point", "coordinates": [135.1622222, 34.7138889]}, "properties": {"dam_name": "天王", "prefecture": "兵庫県", "water_system": "新湊川", "river": "天王谷川", "manager": "都道府県・市町村", "manager_class": "都道府県・その他", "hourly_in_riverdb": "False"}}, {"type": "Feature", "geometry": {"type": "Point", "coordinates": [135.2111111, 34.2472222]}, "properties": {"dam_name": "青野", "prefecture": "兵庫県", "water_system": "武庫川", "river": "青野川", "manager": "都道府県・市町村", "manager_class": "都道府県・その他", "hourly_in_riverdb": "False"}}, {"type": "Feature", "geometry": {"type": "Point", "coordinates": [134.4444444, 34.9397222]}, "properties": {"dam_name": "長谷（兵庫県）", "prefecture": "兵庫県", "water_system": "千種川", "river": "長谷川", "manager": "都道府県・市町村", "manager_class": "都道府県・その他", "hourly_in_riverdb": "False"}}, {"type": "Feature", "geometry": {"type": "Point", "coordinates": [134.2841667, 34.8708333]}, "properties": {"dam_name": "安室", "prefecture": "兵庫県", "water_system": "千種川", "river": "安室川", "manager": "都道府県・市町村", "manager_class": "都道府県・その他", "hourly_in_riverdb": "False"}}, {"type": "Feature", "geometry": {"type": "Point", "coordinates": [135.1936111, 35.1575]}, "properties": {"dam_name": "三宝", "prefecture": "兵庫県", "water_system": "由良川", "river": "大谷川", "manager": "都道府県・市町村", "manager_class": "都道府県・その他", "hourly_in_riverdb": "False"}}, {"type": "Feature", "geometry": {"type": "Point", "coordinates": [134.7746028, 34.2391333]}, "properties": {"dam_name": "大日", "prefecture": "兵庫県", "water_system": "三原川", "river": "大日川", "manager": "都道府県・市町村", "manager_class": "都道府県・その他", "hourly_in_riverdb": "False"}}, {"type": "Feature", "geometry": {"type": "Point", "coordinates": [134.7925639, 34.2474944]}, "properties": {"dam_name": "牛内", "prefecture": "兵庫県", "water_system": "三原川", "river": "牛内川", "manager": "都道府県・市町村", "manager_class": "都道府県・その他", "hourly_in_riverdb": "False"}}, {"type": "Feature", "geometry": {"type": "Point", "coordinates": [134.8202778, 35.2872222]}, "properties": {"dam_name": "大路", "prefecture": "兵庫県", "water_system": "円山川", "river": "大路川", "manager": "都道府県・市町村", "manager_class": "都道府県・その他", "hourly_in_riverdb": "False"}}, {"type": "Feature", "geometry": {"type": "Point", "coordinates": [134.8184139, 34.2710083]}, "properties": {"dam_name": "成相", "prefecture": "兵庫県", "water_system": "三原川", "river": "成相川", "manager": "都道府県・市町村", "manager_class": "都道府県・その他", "hourly_in_riverdb": "False"}}, {"type": "Feature", "geometry": {"type": "Point", "coordinates": [134.8208194, 34.2748417]}, "properties": {"dam_name": "北富士", "prefecture": "兵庫県", "water_system": "三原川", "river": "北富士川", "manager": "都道府県・市町村", "manager_class": "都道府県・その他", "hourly_in_riverdb": "False"}}, {"type": "Feature", "geometry": {"type": "Point", "coordinates": [135.1463889, 34.7044444]}, "properties": {"dam_name": "石井", "prefecture": "兵庫県", "water_system": "新湊川", "river": "烏原川", "manager": "都道府県・市町村", "manager_class": "都道府県・その他", "hourly_in_riverdb": "False"}}, {"type": "Feature", "geometry": {"type": "Point", "coordinates": [135.3491667, 35.1044444]}, "properties": {"dam_name": "みくまり", "prefecture": "兵庫県", "water_system": "加古川", "river": "三熊川", "manager": "都道府県・市町村", "manager_class": "都道府県・その他", "hourly_in_riverdb": "False"}}, {"type": "Feature", "geometry": {"type": "Point", "coordinates": [135.0052778, 35.4866667]}, "properties": {"dam_name": "但東", "prefecture": "兵庫県", "water_system": "円山川", "river": "横谷川", "manager": "都道府県・市町村", "manager_class": "都道府県・その他", "hourly_in_riverdb": "False"}}, {"type": "Feature", "geometry": {"type": "Point", "coordinates": [134.8891667, 35.275]}, "properties": {"dam_name": "与布土", "prefecture": "兵庫県", "water_system": "円山川", "river": "与布土川", "manager": "都道府県・市町村", "manager_class": "都道府県・その他", "hourly_in_riverdb": "False"}}, {"type": "Feature", "geometry": {"type": "Point", "coordinates": [135.8777778, 34.5886111]}, "properties": {"dam_name": "天理", "prefecture": "奈良県", "water_system": "大和川", "river": "布留川", "manager": "都道府県・市町村", "manager_class": "都道府県・その他", "hourly_in_riverdb": "False"}}, {"type": "Feature", "geometry": {"type": "Point", "coordinates": [135.9083056, 34.5443056]}, "properties": {"dam_name": "初瀬", "prefecture": "奈良県", "water_system": "大和川", "river": "大和川", "manager": "都道府県・市町村", "manager_class": "都道府県・その他", "hourly_in_riverdb": "False"}}, {"type": "Feature", "geometry": {"type": "Point", "coordinates": [135.8491667, 34.6058333]}, "properties": {"dam_name": "白川（奈良県）", "prefecture": "奈良県", "water_system": "大和川", "river": "高瀬川", "manager": "都道府県・市町村", "manager_class": "都道府県・その他", "hourly_in_riverdb": "False"}}, {"type": "Feature", "geometry": {"type": "Point", "coordinates": [135.8686111, 34.66]}, "properties": {"dam_name": "岩井川", "prefecture": "奈良県", "water_system": "大和川", "river": "岩井川", "manager": "都道府県・市町村", "manager_class": "都道府県・その他", "hourly_in_riverdb": "False"}}, {"type": "Feature", "geometry": {"type": "Point", "coordinates": [135.6716667, 34.6061111]}, "properties": {"dam_name": "大門（奈良県）", "prefecture": "奈良県", "water_system": "庶路川", "river": "大門川", "manager": "都道府県・市町村", "manager_class": "都道府県・その他", "hourly_in_riverdb": "False"}}, {"type": "Feature", "geometry": {"type": "Point", "coordinates": [135.6911111, 33.5880556]}, "properties": {"dam_name": "七川", "prefecture": "和歌山県", "water_system": "古座川", "river": "古座川", "manager": "都道府県・市町村", "manager_class": "都道府県・その他", "hourly_in_riverdb": "False"}}, {"type": "Feature", "geometry": {"type": "Point", "coordinates": [135.2361111, 33.9705556]}, "properties": {"dam_name": "広川", "prefecture": "和歌山県", "water_system": "広川", "river": "広川", "manager": "都道府県・市町村", "manager_class": "都道府県・その他", "hourly_in_riverdb": "False"}}, {"type": "Feature", "geometry": {"type": "Point", "coordinates": [135.3952778, 33.9552778]}, "properties": {"dam_name": "椿山", "prefecture": "和歌山県", "water_system": "日高川", "river": "日高川", "manager": "都道府県・市町村", "manager_class": "都道府県・その他", "hourly_in_riverdb": "False"}}, {"type": "Feature", "geometry": {"type": "Point", "coordinates": [135.3616667, 34.0772222]}, "properties": {"dam_name": "二川", "prefecture": "和歌山県", "water_system": "有田川", "river": "有田川", "manager": "都道府県・市町村", "manager_class": "都道府県・その他", "hourly_in_riverdb": "False"}}, {"type": "Feature", "geometry": {"type": "Point", "coordinates": [135.3208333, 33.8811111]}, "properties": {"dam_name": "切目川", "prefecture": "和歌山県", "water_system": "切目川", "river": "切目川", "manager": "都道府県・市町村", "manager_class": "都道府県・その他", "hourly_in_riverdb": "False"}}, {"type": "Feature", "geometry": {"type": "Point", "coordinates": [134.0430556, 35.3291667]}, "properties": {"dam_name": "佐治川", "prefecture": "鳥取県", "water_system": "千代川", "river": "佐治川", "manager": "都道府県・市町村", "manager_class": "都道府県・その他", "hourly_in_riverdb": "False"}}, {"type": "Feature", "geometry": {"type": "Point", "coordinates": [134.2736111, 35.5105556]}, "properties": {"dam_name": "百谷", "prefecture": "鳥取県", "water_system": "千代川", "river": "天神川", "manager": "都道府県・市町村", "manager_class": "都道府県・その他", "hourly_in_riverdb": "False"}}, {"type": "Feature", "geometry": {"type": "Point", "coordinates": [133.3319444, 35.3055556]}, "properties": {"dam_name": "賀祥", "prefecture": "鳥取県", "water_system": "日野川", "river": "法勝寺川", "manager": "都道府県・市町村", "manager_class": "都道府県・その他", "hourly_in_riverdb": "False"}}, {"type": "Feature", "geometry": {"type": "Point", "coordinates": [133.925, 35.4416667]}, "properties": {"dam_name": "東郷", "prefecture": "鳥取県", "water_system": "橋津川", "river": "宇坪谷川", "manager": "都道府県・市町村", "manager_class": "都道府県・その他", "hourly_in_riverdb": "False"}}, {"type": "Feature", "geometry": {"type": "Point", "coordinates": [133.3947222, 35.3480556]}, "properties": {"dam_name": "朝鍋", "prefecture": "鳥取県", "water_system": "日野川", "river": "朝鍋川", "manager": "都道府県・市町村", "manager_class": "都道府県・その他", "hourly_in_riverdb": "False"}}, {"type": "Feature", "geometry": {"type": "Point", "coordinates": [133.1552778, 35.2866667]}, "properties": {"dam_name": "布部", "prefecture": "島根県", "water_system": "斐伊川", "river": "飯梨川", "manager": "都道府県・市町村", "manager_class": "都道府県・その他", "hourly_in_riverdb": "False"}}, {"type": "Feature", "geometry": {"type": "Point", "coordinates": [133.0990556, 35.3114806]}, "properties": {"dam_name": "山佐", "prefecture": "島根県", "water_system": "斐伊川", "river": "山佐川", "manager": "都道府県・市町村", "manager_class": "都道府県・その他", "hourly_in_riverdb": "False"}}, {"type": "Feature", "geometry": {"type": "Point", "coordinates": [132.3041472, 34.9006833]}, "properties": {"dam_name": "八戸", "prefecture": "島根県", "water_system": "江の川", "river": "八戸川", "manager": "都道府県・市町村", "manager_class": "都道府県・その他", "hourly_in_riverdb": "False"}}, {"type": "Feature", "geometry": {"type": "Point", "coordinates": [132.120275, 34.8659639]}, "properties": {"dam_name": "浜田", "prefecture": "島根県", "water_system": "浜田川", "river": "浜田川", "manager": "都道府県・市町村", "manager_class": "都道府県・その他", "hourly_in_riverdb": "False"}}, {"type": "Feature", "geometry": {"type": "Point", "coordinates": [133.0223722, 38.0966722]}, "properties": {"dam_name": "美田", "prefecture": "島根県", "water_system": "美田川", "river": "美田川", "manager": "都道府県・市町村", "manager_class": "都道府県・その他", "hourly_in_riverdb": "False"}}, {"type": "Feature", "geometry": {"type": "Point", "coordinates": [132.0313944, 34.7220861]}, "properties": {"dam_name": "御部", "prefecture": "島根県", "water_system": "三隅川", "river": "三隅川", "manager": "都道府県・市町村", "manager_class": "都道府県・その他", "hourly_in_riverdb": "False"}}, {"type": "Feature", "geometry": {"type": "Point", "coordinates": [132.5585639, 35.1720444]}, "properties": {"dam_name": "三瓶", "prefecture": "島根県", "water_system": "静間川", "river": "三瓶川", "manager": "都道府県・市町村", "manager_class": "都道府県・その他", "hourly_in_riverdb": "False"}}, {"type": "Feature", "geometry": {"type": "Point", "coordinates": [133.3037306, 36.2444389]}, "properties": {"dam_name": "銚子", "prefecture": "島根県", "water_system": "八尾川", "river": "銚子川", "manager": "都道府県・市町村", "manager_class": "都道府県・その他", "hourly_in_riverdb": "False"}}, {"type": "Feature", "geometry": {"type": "Point", "coordinates": [132.1094444, 34.8290222]}, "properties": {"dam_name": "大長見", "prefecture": "島根県", "water_system": "周布川", "river": "周布川", "manager": "都道府県・市町村", "manager_class": "都道府県・その他", "hourly_in_riverdb": "False"}}, {"type": "Feature", "geometry": {"type": "Point", "coordinates": [131.9038889, 34.6727778]}, "properties": {"dam_name": "益田川", "prefecture": "島根県", "water_system": "益田川", "river": "益田川", "manager": "都道府県・市町村", "manager_class": "都道府県・その他", "hourly_in_riverdb": "False"}}, {"type": "Feature", "geometry": {"type": "Point", "coordinates": [131.9238889, 34.6541667]}, "properties": {"dam_name": "笹倉", "prefecture": "島根県", "water_system": "益田川", "river": "波田川", "manager": "都道府県・市町村", "manager_class": "都道府県・その他", "hourly_in_riverdb": "False"}}, {"type": "Feature", "geometry": {"type": "Point", "coordinates": [133.7355278, 35.2049167]}, "properties": {"dam_name": "湯原", "prefecture": "岡山県", "water_system": "旭川", "river": "旭川", "manager": "都道府県・市町村", "manager_class": "都道府県・その他", "hourly_in_riverdb": "False"}}, {"type": "Feature", "geometry": {"type": "Point", "coordinates": [133.8588889, 34.9116667]}, "properties": {"dam_name": "旭川（岡山県）", "prefecture": "岡山県", "water_system": "旭川", "river": "旭川", "manager": "都道府県・市町村", "manager_class": "都道府県・その他", "hourly_in_riverdb": "False"}}, {"type": "Feature", "geometry": {"type": "Point", "coordinates": [133.7744444, 34.8202778]}, "properties": {"dam_name": "鳴滝", "prefecture": "岡山県", "water_system": "旭川", "river": "加茂川", "manager": "都道府県・市町村", "manager_class": "都道府県・その他", "hourly_in_riverdb": "False"}}, {"type": "Feature", "geometry": {"type": "Point", "coordinates": [133.4572222, 34.9594444]}, "properties": {"dam_name": "河本", "prefecture": "岡山県", "water_system": "高梁川", "river": "西川", "manager": "都道府県・市町村", "manager_class": "都道府県・その他", "hourly_in_riverdb": "False"}}, {"type": "Feature", "geometry": {"type": "Point", "coordinates": [133.3566667, 35.0705556]}, "properties": {"dam_name": "高瀬川", "prefecture": "岡山県", "water_system": "高梁川", "river": "高瀬川", "manager": "都道府県・市町村", "manager_class": "都道府県・その他", "hourly_in_riverdb": "False"}}, {"type": "Feature", "geometry": {"type": "Point", "coordinates": [134.2505556, 34.8711111]}, "properties": {"dam_name": "八塔寺川", "prefecture": "岡山県", "water_system": "吉井川", "river": "八塔寺川", "manager": "都道府県・市町村", "manager_class": "都道府県・その他", "hourly_in_riverdb": "False"}}, {"type": "Feature", "geometry": {"type": "Point", "coordinates": [134.1, 35.1655556]}, "properties": {"dam_name": "津川", "prefecture": "岡山県", "water_system": "吉井川", "river": "津川川", "manager": "都道府県・市町村", "manager_class": "都道府県・その他", "hourly_in_riverdb": "False"}}, {"type": "Feature", "geometry": {"type": "Point", "coordinates": [133.6544444, 34.7988889]}, "properties": {"dam_name": "楢井", "prefecture": "岡山県", "water_system": "木曽川", "river": "王滝川", "manager": "都道府県・市町村", "manager_class": "都道府県・その他", "hourly_in_riverdb": "False"}}, {"type": "Feature", "geometry": {"type": "Point", "coordinates": [133.4605556, 35.0538889]}, "properties": {"dam_name": "千屋", "prefecture": "岡山県", "water_system": "高梁川", "river": "高梁川", "manager": "都道府県・市町村", "manager_class": "都道府県・その他", "hourly_in_riverdb": "False"}}, {"type": "Feature", "geometry": {"type": "Point", "coordinates": [133.7086111, 34.8636111]}, "properties": {"dam_name": "竹谷", "prefecture": "岡山県", "water_system": "旭川", "river": "竹谷川", "manager": "都道府県・市町村", "manager_class": "都道府県・その他", "hourly_in_riverdb": "False"}}, {"type": "Feature", "geometry": {"type": "Point", "coordinates": [133.34, 35.0338889]}, "properties": {"dam_name": "三室川", "prefecture": "岡山県", "water_system": "高梁川", "river": "三室川", "manager": "都道府県・市町村", "manager_class": "都道府県・その他", "hourly_in_riverdb": "False"}}, {"type": "Feature", "geometry": {"type": "Point", "coordinates": [133.8211111, 34.8738889]}, "properties": {"dam_name": "河平", "prefecture": "岡山県", "water_system": "旭川", "river": "日山谷川", "manager": "都道府県・市町村", "manager_class": "都道府県・その他", "hourly_in_riverdb": "False"}}, {"type": "Feature", "geometry": {"type": "Point", "coordinates": [133.0761111, 34.5002778]}, "properties": {"dam_name": "御調", "prefecture": "広島県", "water_system": "芦田川", "river": "御調川", "manager": "都道府県・市町村", "manager_class": "都道府県・その他", "hourly_in_riverdb": "False"}}, {"type": "Feature", "geometry": {"type": "Point", "coordinates": [132.8925, 34.5016667]}, "properties": {"dam_name": "椋梨", "prefecture": "広島県", "water_system": "沼田川", "river": "椋梨川", "manager": "都道府県・市町村", "manager_class": "都道府県・その他", "hourly_in_riverdb": "False"}}, {"type": "Feature", "geometry": {"type": "Point", "coordinates": [132.7086111, 34.285]}, "properties": {"dam_name": "野呂川", "prefecture": "広島県", "water_system": "野呂川", "river": "野呂川", "manager": "都道府県・市町村", "manager_class": "都道府県・その他", "hourly_in_riverdb": "False"}}, {"type": "Feature", "geometry": {"type": "Point", "coordinates": [132.3327778, 34.425]}, "properties": {"dam_name": "魚切", "prefecture": "広島県", "water_system": "八幡川", "river": "八幡川", "manager": "都道府県・市町村", "manager_class": "都道府県・その他", "hourly_in_riverdb": "False"}}, {"type": "Feature", "geometry": {"type": "Point", "coordinates": [133.3388889, 34.6005556]}, "properties": {"dam_name": "四川", "prefecture": "広島県", "water_system": "芦田川", "river": "四川", "manager": "都道府県・市町村", "manager_class": "都道府県・その他", "hourly_in_riverdb": "False"}}, {"type": "Feature", "geometry": {"type": "Point", "coordinates": [133.07, 34.64]}, "properties": {"dam_name": "山田川", "prefecture": "広島県", "water_system": "芦田川", "river": "山田川", "manager": "都道府県・市町村", "manager_class": "都道府県・その他", "hourly_in_riverdb": "False"}}, {"type": "Feature", "geometry": {"type": "Point", "coordinates": [132.3769444, 34.435]}, "properties": {"dam_name": "梶毛", "prefecture": "広島県", "water_system": "八幡川", "river": "梶毛川", "manager": "都道府県・市町村", "manager_class": "都道府県・その他", "hourly_in_riverdb": "False"}}, {"type": "Feature", "geometry": {"type": "Point", "coordinates": [132.7736111, 34.5266667]}, "properties": {"dam_name": "福富", "prefecture": "広島県", "water_system": "沼田川", "river": "沼田川", "manager": "都道府県・市町村", "manager_class": "都道府県・その他", "hourly_in_riverdb": "False"}}, {"type": "Feature", "geometry": {"type": "Point", "coordinates": [132.8433333, 34.3775]}, "properties": {"dam_name": "仁賀", "prefecture": "広島県", "water_system": "賀茂川", "river": "賀茂川", "manager": "都道府県・市町村", "manager_class": "都道府県・その他", "hourly_in_riverdb": "False"}}, {"type": "Feature", "geometry": {"type": "Point", "coordinates": [133.0683333, 34.5291667]}, "properties": {"dam_name": "野間川", "prefecture": "広島県", "water_system": "芦田川", "river": "野間川", "manager": "都道府県・市町村", "manager_class": "都道府県・その他", "hourly_in_riverdb": "False"}}, {"type": "Feature", "geometry": {"type": "Point", "coordinates": [132.1233333, 34.3083333]}, "properties": {"dam_name": "小瀬川", "prefecture": "広島県", "water_system": "小瀬川", "river": "小瀬川", "manager": "都道府県・市町村", "manager_class": "都道府県・その他", "hourly_in_riverdb": "False"}}, {"type": "Feature", "geometry": {"type": "Point", "coordinates": [131.6552778, 34.2769444]}, "properties": {"dam_name": "佐波川", "prefecture": "山口県", "water_system": "佐波川", "river": "佐波川", "manager": "都道府県・市町村", "manager_class": "都道府県・その他", "hourly_in_riverdb": "False"}}, {"type": "Feature", "geometry": {"type": "Point", "coordinates": [131.9064806, 34.1375139]}, "properties": {"dam_name": "菅野", "prefecture": "山口県", "water_system": "錦川", "river": "錦川", "manager": "都道府県・市町村", "manager_class": "都道府県・その他", "hourly_in_riverdb": "False"}}, {"type": "Feature", "geometry": {"type": "Point", "coordinates": [132.0472222, 34.1980556]}, "properties": {"dam_name": "生見川", "prefecture": "山口県", "water_system": "錦川", "river": "生見川", "manager": "都道府県・市町村", "manager_class": "都道府県・その他", "hourly_in_riverdb": "False"}}, {"type": "Feature", "geometry": {"type": "Point", "coordinates": [132.0961111, 33.9925]}, "properties": {"dam_name": "黒杭川", "prefecture": "山口県", "water_system": "柳井川", "river": "黒杭川", "manager": "都道府県・市町村", "manager_class": "都道府県・その他", "hourly_in_riverdb": "False"}}, {"type": "Feature", "geometry": {"type": "Point", "coordinates": [131.7867111, 34.1085417]}, "properties": {"dam_name": "川上（山口県）", "prefecture": "山口県", "water_system": "富田川", "river": "富田川", "manager": "都道府県・市町村", "manager_class": "都道府県・その他", "hourly_in_riverdb": "False"}}, {"type": "Feature", "geometry": {"type": "Point", "coordinates": [131.2838889, 34.0686111]}, "properties": {"dam_name": "厚東川", "prefecture": "山口県", "water_system": "厚東川", "river": "厚東川", "manager": "都道府県・市町村", "manager_class": "都道府県・その他", "hourly_in_riverdb": "False"}}, {"type": "Feature", "geometry": {"type": "Point", "coordinates": [131.2554722, 34.0881667]}, "properties": {"dam_name": "今富", "prefecture": "山口県", "water_system": "有帆川", "river": "今富", "manager": "都道府県・市町村", "manager_class": "都道府県・その他", "hourly_in_riverdb": "False"}}, {"type": "Feature", "geometry": {"type": "Point", "coordinates": [131.1175, 34.2366667]}, "properties": {"dam_name": "木屋川", "prefecture": "山口県", "water_system": "木屋川", "river": "木屋川", "manager": "都道府県・市町村", "manager_class": "都道府県・その他", "hourly_in_riverdb": "False"}}, {"type": "Feature", "geometry": {"type": "Point", "coordinates": [131.0552778, 34.3419444]}, "properties": {"dam_name": "大坊", "prefecture": "山口県", "water_system": "掛淵川", "river": "大防川", "manager": "都道府県・市町村", "manager_class": "都道府県・その他", "hourly_in_riverdb": "False"}}, {"type": "Feature", "geometry": {"type": "Point", "coordinates": [131.4900278, 34.3561111]}, "properties": {"dam_name": "阿武川", "prefecture": "山口県", "water_system": "阿武川", "river": "阿武川", "manager": "都道府県・市町村", "manager_class": "都道府県・その他", "hourly_in_riverdb": "False"}}, {"type": "Feature", "geometry": {"type": "Point", "coordinates": [131.4687556, 34.2035528]}, "properties": {"dam_name": "一の坂", "prefecture": "山口県", "water_system": "椹野川", "river": "一の坂", "manager": "都道府県・市町村", "manager_class": "都道府県・その他", "hourly_in_riverdb": "False"}}, {"type": "Feature", "geometry": {"type": "Point", "coordinates": [131.4921528, 34.2336278]}, "properties": {"dam_name": "荒谷", "prefecture": "山口県", "water_system": "椹野川", "river": "椹野川", "manager": "都道府県・市町村", "manager_class": "都道府県・その他", "hourly_in_riverdb": "False"}}, {"type": "Feature", "geometry": {"type": "Point", "coordinates": [132.1508333, 34.1291667]}, "properties": {"dam_name": "御庄川", "prefecture": "山口県", "water_system": "錦川", "river": "御庄川", "manager": "都道府県・市町村", "manager_class": "都道府県・その他", "hourly_in_riverdb": "False"}}, {"type": "Feature", "geometry": {"type": "Point", "coordinates": [131.5416667, 34.0533333]}, "properties": {"dam_name": "末武川", "prefecture": "山口県", "water_system": "末武川", "river": "末武川", "manager": "都道府県・市町村", "manager_class": "都道府県・その他", "hourly_in_riverdb": "False"}}, {"type": "Feature", "geometry": {"type": "Point", "coordinates": [132.2191667, 33.9063889]}, "properties": {"dam_name": "屋代", "prefecture": "山口県", "water_system": "屋代川", "river": "屋代川", "manager": "都道府県・市町村", "manager_class": "都道府県・その他", "hourly_in_riverdb": "False"}}, {"type": "Feature", "geometry": {"type": "Point", "coordinates": [132.0522222, 34.0572222]}, "properties": {"dam_name": "中山川", "prefecture": "山口県", "water_system": "島田川", "river": "中山川", "manager": "都道府県・市町村", "manager_class": "都道府県・その他", "hourly_in_riverdb": "False"}}, {"type": "Feature", "geometry": {"type": "Point", "coordinates": [131.1541667, 34.77]}, "properties": {"dam_name": "見島", "prefecture": "山口県", "water_system": "大谷川", "river": "大谷川", "manager": "都道府県・市町村", "manager_class": "都道府県・その他", "hourly_in_riverdb": "False"}}, {"type": "Feature", "geometry": {"type": "Point", "coordinates": [131.2686111, 34.3427778]}, "properties": {"dam_name": "湯免", "prefecture": "山口県", "water_system": "三隅川", "river": "辻並川", "manager": "都道府県・市町村", "manager_class": "都道府県・その他", "hourly_in_riverdb": "False"}}, {"type": "Feature", "geometry": {"type": "Point", "coordinates": [131.2694444, 33.995]}, "properties": {"dam_name": "真締川", "prefecture": "山口県", "water_system": "真締川", "river": "真締川", "manager": "都道府県・市町村", "manager_class": "都道府県・その他", "hourly_in_riverdb": "False"}}, {"type": "Feature", "geometry": {"type": "Point", "coordinates": [132.0872222, 33.9966667]}, "properties": {"dam_name": "黒杭川上流", "prefecture": "山口県", "water_system": "柳井川", "river": "黒杭川", "manager": "都道府県・市町村", "manager_class": "都道府県・その他", "hourly_in_riverdb": "False"}}, {"type": "Feature", "geometry": {"type": "Point", "coordinates": [133.1877778, 34.1447222]}, "properties": {"dam_name": "宮川内", "prefecture": "徳島県", "water_system": "吉野川", "river": "宮川内谷川", "manager": "都道府県・市町村", "manager_class": "都道府県・その他", "hourly_in_riverdb": "False"}}, {"type": "Feature", "geometry": {"type": "Point", "coordinates": [134.4311111, 33.7422222]}, "properties": {"dam_name": "正木", "prefecture": "徳島県", "water_system": "勝浦川", "river": "勝浦川", "manager": "都道府県・市町村", "manager_class": "都道府県・その他", "hourly_in_riverdb": "False"}}, {"type": "Feature", "geometry": {"type": "Point", "coordinates": [134.5897222, 33.8144444]}, "properties": {"dam_name": "福井", "prefecture": "徳島県", "water_system": "福井川", "river": "福井川", "manager": "都道府県・市町村", "manager_class": "都道府県・その他", "hourly_in_riverdb": "False"}}, {"type": "Feature", "geometry": {"type": "Point", "coordinates": [134.2669444, 34.2011111]}, "properties": {"dam_name": "五名", "prefecture": "香川県", "water_system": "湊川", "river": "湊川", "manager": "都道府県・市町村", "manager_class": "都道府県・その他", "hourly_in_riverdb": "False"}}, {"type": "Feature", "geometry": {"type": "Point", "coordinates": [134.2997222, 34.2188889]}, "properties": {"dam_name": "大内（香川県）", "prefecture": "香川県", "water_system": "与田川", "river": "様松川", "manager": "都道府県・市町村", "manager_class": "都道府県・その他", "hourly_in_riverdb": "False"}}, {"type": "Feature", "geometry": {"type": "Point", "coordinates": [134.2480556, 34.2361111]}, "properties": {"dam_name": "大川（香川県）", "prefecture": "香川県", "water_system": "津田川", "river": "津田川", "manager": "都道府県・市町村", "manager_class": "都道府県・その他", "hourly_in_riverdb": "False"}}, {"type": "Feature", "geometry": {"type": "Point", "coordinates": [134.1744444, 34.22]}, "properties": {"dam_name": "前山", "prefecture": "香川県", "water_system": "鴨部川", "river": "鴨部川", "manager": "都道府県・市町村", "manager_class": "都道府県・その他", "hourly_in_riverdb": "False"}}, {"type": "Feature", "geometry": {"type": "Point", "coordinates": [134.0730556, 34.1668056]}, "properties": {"dam_name": "内場", "prefecture": "香川県", "water_system": "香東川", "river": "内場川", "manager": "都道府県・市町村", "manager_class": "都道府県・その他", "hourly_in_riverdb": "False"}}, {"type": "Feature", "geometry": {"type": "Point", "coordinates": [133.98, 34.1927778]}, "properties": {"dam_name": "長柄", "prefecture": "香川県", "water_system": "綾川", "river": "綾川", "manager": "都道府県・市町村", "manager_class": "都道府県・その他", "hourly_in_riverdb": "False"}}, {"type": "Feature", "geometry": {"type": "Point", "coordinates": [134.0038889, 34.1869444]}, "properties": {"dam_name": "田万", "prefecture": "香川県", "water_system": "綾川", "river": "田万川", "manager": "都道府県・市町村", "manager_class": "都道府県・その他", "hourly_in_riverdb": "False"}}, {"type": "Feature", "geometry": {"type": "Point", "coordinates": [133.6963889, 34.0436111]}, "properties": {"dam_name": "五郷", "prefecture": "香川県", "water_system": "柞田川", "river": "前田川", "manager": "都道府県・市町村", "manager_class": "都道府県・その他", "hourly_in_riverdb": "False"}}, {"type": "Feature", "geometry": {"type": "Point", "coordinates": [134.2977861, 34.4950083]}, "properties": {"dam_name": "内海", "prefecture": "香川県", "water_system": "別当川", "river": "別当川", "manager": "都道府県・市町村", "manager_class": "都道府県・その他", "hourly_in_riverdb": "False"}}, {"type": "Feature", "geometry": {"type": "Point", "coordinates": [134.2483333, 34.5011111]}, "properties": {"dam_name": "殿川", "prefecture": "香川県", "water_system": "伝法川", "river": "殿川", "manager": "都道府県・市町村", "manager_class": "都道府県・その他", "hourly_in_riverdb": "False"}}, {"type": "Feature", "geometry": {"type": "Point", "coordinates": [134.3219444, 34.4936111]}, "properties": {"dam_name": "粟地", "prefecture": "香川県", "water_system": "安田大川", "river": "安田大川", "manager": "都道府県・市町村", "manager_class": "都道府県・その他", "hourly_in_riverdb": "False"}}, {"type": "Feature", "geometry": {"type": "Point", "coordinates": [134.3916667, 34.1861111]}, "properties": {"dam_name": "千足", "prefecture": "香川県", "water_system": "馬宿川", "river": "千足川", "manager": "都道府県・市町村", "manager_class": "都道府県・その他", "hourly_in_riverdb": "False"}}, {"type": "Feature", "geometry": {"type": "Point", "coordinates": [134.3336111, 34.5513889]}, "properties": {"dam_name": "吉田", "prefecture": "香川県", "water_system": "吉田川", "river": "吉田川", "manager": "都道府県・市町村", "manager_class": "都道府県・その他", "hourly_in_riverdb": "False"}}, {"type": "Feature", "geometry": {"type": "Point", "coordinates": [134.2225, 34.2455556]}, "properties": {"dam_name": "門入", "prefecture": "香川県", "water_system": "津田川", "river": "栴檀川", "manager": "都道府県・市町村", "manager_class": "都道府県・その他", "hourly_in_riverdb": "False"}}, {"type": "Feature", "geometry": {"type": "Point", "coordinates": [133.7277778, 34.0658333]}, "properties": {"dam_name": "粟井", "prefecture": "香川県", "water_system": "柞田川", "river": "粟井川", "manager": "都道府県・市町村", "manager_class": "都道府県・その他", "hourly_in_riverdb": "False"}}, {"type": "Feature", "geometry": {"type": "Point", "coordinates": [133.3108333, 33.8933333]}, "properties": {"dam_name": "鹿森", "prefecture": "愛媛県", "water_system": "国領川", "river": "足谷川", "manager": "都道府県・市町村", "manager_class": "都道府県・その他", "hourly_in_riverdb": "False"}}, {"type": "Feature", "geometry": {"type": "Point", "coordinates": [133.1625, 33.8633333]}, "properties": {"dam_name": "黒瀬", "prefecture": "愛媛県", "water_system": "加茂川", "river": "加茂川", "manager": "都道府県・市町村", "manager_class": "都道府県・その他", "hourly_in_riverdb": "False"}}, {"type": "Feature", "geometry": {"type": "Point", "coordinates": [132.9313889, 33.9933333]}, "properties": {"dam_name": "玉川（愛媛県）", "prefecture": "愛媛県", "water_system": "蒼社川", "river": "蒼社川", "manager": "都道府県・市町村", "manager_class": "都道府県・その他", "hourly_in_riverdb": "False"}}, {"type": "Feature", "geometry": {"type": "Point", "coordinates": [132.5908333, 33.2419444]}, "properties": {"dam_name": "須賀川", "prefecture": "愛媛県", "water_system": "須賀川", "river": "須賀川", "manager": "都道府県・市町村", "manager_class": "都道府県・その他", "hourly_in_riverdb": "False"}}, {"type": "Feature", "geometry": {"type": "Point", "coordinates": [132.5830556, 33.1175]}, "properties": {"dam_name": "山財", "prefecture": "愛媛県", "water_system": "岩松川", "river": "御代の川", "manager": "都道府県・市町村", "manager_class": "都道府県・その他", "hourly_in_riverdb": "False"}}, {"type": "Feature", "geometry": {"type": "Point", "coordinates": [133.0158333, 34.2263889]}, "properties": {"dam_name": "台", "prefecture": "愛媛県", "water_system": "台本川", "river": "台本川", "manager": "都道府県・市町村", "manager_class": "都道府県・その他", "hourly_in_riverdb": "False"}}, {"type": "Feature", "geometry": {"type": "Point", "coordinates": [133.865, 33.7058333]}, "properties": {"dam_name": "永瀬", "prefecture": "高知県", "water_system": "物部川", "river": "物部川", "manager": "都道府県・市町村", "manager_class": "都道府県・その他", "hourly_in_riverdb": "False"}}, {"type": "Feature", "geometry": {"type": "Point", "coordinates": [133.4769444, 33.6041667]}, "properties": {"dam_name": "鏡", "prefecture": "高知県", "water_system": "鏡川", "river": "鏡川", "manager": "都道府県・市町村", "manager_class": "都道府県・その他", "hourly_in_riverdb": "False"}}, {"type": "Feature", "geometry": {"type": "Point", "coordinates": [133.2166667, 33.5208333]}, "properties": {"dam_name": "桐見", "prefecture": "高知県", "water_system": "仁淀川", "river": "坂折川", "manager": "都道府県・市町村", "manager_class": "都道府県・その他", "hourly_in_riverdb": "False"}}, {"type": "Feature", "geometry": {"type": "Point", "coordinates": [132.725, 33.0283333]}, "properties": {"dam_name": "坂本（高知県）", "prefecture": "高知県", "water_system": "松田川", "river": "松田川", "manager": "都道府県・市町村", "manager_class": "都道府県・その他", "hourly_in_riverdb": "False"}}, {"type": "Feature", "geometry": {"type": "Point", "coordinates": [133.7369444, 33.5863889]}, "properties": {"dam_name": "鎌井谷", "prefecture": "高知県", "water_system": "香宗川", "river": "鎌井谷川", "manager": "都道府県・市町村", "manager_class": "都道府県・その他", "hourly_in_riverdb": "False"}}, {"type": "Feature", "geometry": {"type": "Point", "coordinates": [132.9505556, 32.8002778]}, "properties": {"dam_name": "以布利川", "prefecture": "高知県", "water_system": "以布利川", "river": "以布利川", "manager": "都道府県・市町村", "manager_class": "都道府県・その他", "hourly_in_riverdb": "False"}}, {"type": "Feature", "geometry": {"type": "Point", "coordinates": [130.4891667, 33.4519444]}, "properties": {"dam_name": "山神", "prefecture": "福岡県", "water_system": "筑後川", "river": "山口川", "manager": "都道府県・市町村", "manager_class": "都道府県・その他", "hourly_in_riverdb": "False"}}, {"type": "Feature", "geometry": {"type": "Point", "coordinates": [130.8475, 33.5258333]}, "properties": {"dam_name": "陣屋", "prefecture": "福岡県", "water_system": "遠賀川", "river": "中元寺川", "manager": "都道府県・市町村", "manager_class": "都道府県・その他", "hourly_in_riverdb": "False"}}, {"type": "Feature", "geometry": {"type": "Point", "coordinates": [130.6291667, 33.6861111]}, "properties": {"dam_name": "力丸", "prefecture": "福岡県", "water_system": "遠賀川", "river": "八木山川", "manager": "都道府県・市町村", "manager_class": "都道府県・その他", "hourly_in_riverdb": "False"}}, {"type": "Feature", "geometry": {"type": "Point", "coordinates": [130.78, 33.1725]}, "properties": {"dam_name": "日向神", "prefecture": "福岡県", "water_system": "矢部川", "river": "矢部川", "manager": "都道府県・市町村", "manager_class": "都道府県・その他", "hourly_in_riverdb": "False"}}, {"type": "Feature", "geometry": {"type": "Point", "coordinates": [130.8855556, 33.5627778]}, "properties": {"dam_name": "油木", "prefecture": "福岡県", "water_system": "今川", "river": "今川", "manager": "都道府県・市町村", "manager_class": "都道府県・その他", "hourly_in_riverdb": "False"}}, {"type": "Feature", "geometry": {"type": "Point", "coordinates": [130.8405556, 33.7588889]}, "properties": {"dam_name": "ます渕", "prefecture": "福岡県", "water_system": "紫川", "river": "紫川", "manager": "都道府県・市町村", "manager_class": "都道府県・その他", "hourly_in_riverdb": "False"}}, {"type": "Feature", "geometry": {"type": "Point", "coordinates": [130.4255556, 33.4338889]}, "properties": {"dam_name": "南畑", "prefecture": "福岡県", "water_system": "那珂川", "river": "那珂川", "manager": "都道府県・市町村", "manager_class": "都道府県・その他", "hourly_in_riverdb": "False"}}, {"type": "Feature", "geometry": {"type": "Point", "coordinates": [130.2485444, 33.5003722]}, "properties": {"dam_name": "瑞梅寺", "prefecture": "福岡県", "water_system": "瑞梅寺川", "river": "瑞梅寺川", "manager": "都道府県・市町村", "manager_class": "都道府県・その他", "hourly_in_riverdb": "False"}}, {"type": "Feature", "geometry": {"type": "Point", "coordinates": [130.4813889, 33.4858333]}, "properties": {"dam_name": "牛頸", "prefecture": "福岡県", "water_system": "御笠川", "river": "牛頸川", "manager": "都道府県・市町村", "manager_class": "都道府県・その他", "hourly_in_riverdb": "False"}}, {"type": "Feature", "geometry": {"type": "Point", "coordinates": [130.56, 33.6875]}, "properties": {"dam_name": "犬鳴", "prefecture": "福岡県", "water_system": "遠賀川", "river": "犬鳴川", "manager": "都道府県・市町村", "manager_class": "都道府県・その他", "hourly_in_riverdb": "False"}}, {"type": "Feature", "geometry": {"type": "Point", "coordinates": [130.5572222, 33.5416667]}, "properties": {"dam_name": "北谷", "prefecture": "福岡県", "water_system": "御笠川", "river": "山の神川", "manager": "都道府県・市町村", "manager_class": "都道府県・その他", "hourly_in_riverdb": "False"}}, {"type": "Feature", "geometry": {"type": "Point", "coordinates": [130.52055, 33.6836028]}, "properties": {"dam_name": "猪野", "prefecture": "福岡県", "water_system": "多々良川", "river": "猪野川", "manager": "都道府県・市町村", "manager_class": "都道府県・その他", "hourly_in_riverdb": "False"}}, {"type": "Feature", "geometry": {"type": "Point", "coordinates": [130.5534222, 33.6257333]}, "properties": {"dam_name": "鳴淵", "prefecture": "福岡県", "water_system": "多々良川", "river": "鳴渕川", "manager": "都道府県・市町村", "manager_class": "都道府県・その他", "hourly_in_riverdb": "False"}}, {"type": "Feature", "geometry": {"type": "Point", "coordinates": [130.7833528, 33.7567444]}, "properties": {"dam_name": "福智山", "prefecture": "福岡県", "water_system": "遠賀川", "river": "福地川", "manager": "都道府県・市町村", "manager_class": "都道府県・その他", "hourly_in_riverdb": "False"}}, {"type": "Feature", "geometry": {"type": "Point", "coordinates": [130.7891667, 33.315]}, "properties": {"dam_name": "藤波", "prefecture": "福岡県", "water_system": "筑後川", "river": "巨瀬川", "manager": "都道府県・市町村", "manager_class": "都道府県・その他", "hourly_in_riverdb": "False"}}, {"type": "Feature", "geometry": {"type": "Point", "coordinates": [130.0427806, 33.3676972]}, "properties": {"dam_name": "伊岐佐", "prefecture": "佐賀県", "water_system": "松浦川", "river": "左伊岐佐川", "manager": "都道府県・市町村", "manager_class": "都道府県・その他", "hourly_in_riverdb": "False"}}, {"type": "Feature", "geometry": {"type": "Point", "coordinates": [129.9456028, 33.4320139]}, "properties": {"dam_name": "平木場", "prefecture": "佐賀県", "water_system": "松浦川", "river": "町田川", "manager": "都道府県・市町村", "manager_class": "都道府県・その他", "hourly_in_riverdb": "False"}}, {"type": "Feature", "geometry": {"type": "Point", "coordinates": [130.0093972, 33.2667694]}, "properties": {"dam_name": "本部", "prefecture": "佐賀県", "water_system": "松浦川", "river": "川古川", "manager": "都道府県・市町村", "manager_class": "都道府県・その他", "hourly_in_riverdb": "False"}}, {"type": "Feature", "geometry": {"type": "Point", "coordinates": [129.8951333, 33.1982972]}, "properties": {"dam_name": "有田", "prefecture": "佐賀県", "water_system": "有田川", "river": "白川川", "manager": "都道府県・市町村", "manager_class": "都道府県・その他", "hourly_in_riverdb": "False"}}, {"type": "Feature", "geometry": {"type": "Point", "coordinates": [129.8779667, 33.2119417]}, "properties": {"dam_name": "竜門（佐賀県）", "prefecture": "佐賀県", "water_system": "有田川", "river": "広瀬川", "manager": "都道府県・市町村", "manager_class": "都道府県・その他", "hourly_in_riverdb": "False"}}, {"type": "Feature", "geometry": {"type": "Point", "coordinates": [129.9859528, 33.0645917]}, "properties": {"dam_name": "岩屋川内", "prefecture": "佐賀県", "water_system": "塩田川", "river": "岩屋川内川", "manager": "都道府県・市町村", "manager_class": "都道府県・その他", "hourly_in_riverdb": "False"}}, {"type": "Feature", "geometry": {"type": "Point", "coordinates": [130.1034028, 33.1382167]}, "properties": {"dam_name": "深浦", "prefecture": "佐賀県", "water_system": "塩田川", "river": "深浦川", "manager": "都道府県・市町村", "manager_class": "都道府県・その他", "hourly_in_riverdb": "False"}}, {"type": "Feature", "geometry": {"type": "Point", "coordinates": [129.9497, 33.1426278]}, "properties": {"dam_name": "矢筈", "prefecture": "佐賀県", "water_system": "六角川", "river": "六角川", "manager": "都道府県・市町村", "manager_class": "都道府県・その他", "hourly_in_riverdb": "False"}}, {"type": "Feature", "geometry": {"type": "Point", "coordinates": [129.9294889, 33.1817944]}, "properties": {"dam_name": "狩立・日ノ峯", "prefecture": "佐賀県", "water_system": "松浦川", "river": "狩立川", "manager": "都道府県・市町村", "manager_class": "都道府県・その他", "hourly_in_riverdb": "False"}}, {"type": "Feature", "geometry": {"type": "Point", "coordinates": [130.0381611, 33.0596444]}, "properties": {"dam_name": "横竹", "prefecture": "佐賀県", "water_system": "塩田川", "river": "吉田川", "manager": "都道府県・市町村", "manager_class": "都道府県・その他", "hourly_in_riverdb": "False"}}, {"type": "Feature", "geometry": {"type": "Point", "coordinates": [129.9057139, 33.2603639]}, "properties": {"dam_name": "都川内", "prefecture": "佐賀県", "water_system": "伊万里川", "river": "都川内川", "manager": "都道府県・市町村", "manager_class": "都道府県・その他", "hourly_in_riverdb": "False"}}, {"type": "Feature", "geometry": {"type": "Point", "coordinates": [130.0702611, 33.0416583]}, "properties": {"dam_name": "中木庭", "prefecture": "佐賀県", "water_system": "鹿島川", "river": "中川", "manager": "都道府県・市町村", "manager_class": "都道府県・その他", "hourly_in_riverdb": "False"}}, {"type": "Feature", "geometry": {"type": "Point", "coordinates": [129.9899778, 33.2893194]}, "properties": {"dam_name": "井手口川", "prefecture": "佐賀県", "water_system": "松浦川", "river": "井手口川", "manager": "都道府県・市町村", "manager_class": "都道府県・その他", "hourly_in_riverdb": "False"}}, {"type": "Feature", "geometry": {"type": "Point", "coordinates": [129.7847222, 33.1661111]}, "properties": {"dam_name": "猫山", "prefecture": "長崎県", "water_system": "日宇川", "river": "日宇川", "manager": "都道府県・市町村", "manager_class": "都道府県・その他", "hourly_in_riverdb": "False"}}, {"type": "Feature", "geometry": {"type": "Point", "coordinates": [129.8488889, 33.1552778]}, "properties": {"dam_name": "江永", "prefecture": "長崎県", "water_system": "小森川", "river": "江永川", "manager": "都道府県・市町村", "manager_class": "都道府県・その他", "hourly_in_riverdb": "False"}}, {"type": "Feature", "geometry": {"type": "Point", "coordinates": [128.9191667, 33.1277778]}, "properties": {"dam_name": "野々川", "prefecture": "長崎県", "water_system": "川棚川", "river": "野々川川", "manager": "都道府県・市町村", "manager_class": "都道府県・その他", "hourly_in_riverdb": "False"}}, {"type": "Feature", "geometry": {"type": "Point", "coordinates": [130.305, 32.9716667]}, "properties": {"dam_name": "萱瀬", "prefecture": "長崎県", "water_system": "郡川", "river": "郡川", "manager": "都道府県・市町村", "manager_class": "都道府県・その他", "hourly_in_riverdb": "False"}}, {"type": "Feature", "geometry": {"type": "Point", "coordinates": [129.6994444, 32.9516667]}, "properties": {"dam_name": "雪浦", "prefecture": "長崎県", "water_system": "木曽川", "river": "王滝川", "manager": "都道府県・市町村", "manager_class": "都道府県・その他", "hourly_in_riverdb": "False"}}, {"type": "Feature", "geometry": {"type": "Point", "coordinates": [129.7158333, 32.88]}, "properties": {"dam_name": "神浦", "prefecture": "長崎県", "water_system": "木曽川", "river": "王滝川", "manager": "都道府県・市町村", "manager_class": "都道府県・その他", "hourly_in_riverdb": "False"}}, {"type": "Feature", "geometry": {"type": "Point", "coordinates": [128.8180556, 32.6805556]}, "properties": {"dam_name": "福江", "prefecture": "長崎県", "water_system": "福江川", "river": "福江川", "manager": "都道府県・市町村", "manager_class": "都道府県・その他", "hourly_in_riverdb": "False"}}, {"type": "Feature", "geometry": {"type": "Point", "coordinates": [129.4652778, 34.4991667]}, "properties": {"dam_name": "仁田", "prefecture": "長崎県", "water_system": "仁田川", "river": "飼所川", "manager": "都道府県・市町村", "manager_class": "都道府県・その他", "hourly_in_riverdb": "False"}}, {"type": "Feature", "geometry": {"type": "Point", "coordinates": [129.3427778, 34.2763889]}, "properties": {"dam_name": "け知", "prefecture": "長崎県", "water_system": "け知川", "river": "け知川", "manager": "都道府県・市町村", "manager_class": "都道府県・その他", "hourly_in_riverdb": "False"}}, {"type": "Feature", "geometry": {"type": "Point", "coordinates": [129.805, 32.7872222]}, "properties": {"dam_name": "式見", "prefecture": "長崎県", "water_system": "式見川", "river": "式見川", "manager": "都道府県・市町村", "manager_class": "都道府県・その他", "hourly_in_riverdb": "False"}}, {"type": "Feature", "geometry": {"type": "Point", "coordinates": [129.7075, 33.8266667]}, "properties": {"dam_name": "勝本", "prefecture": "長崎県", "water_system": "谷江川", "river": "後川川", "manager": "都道府県・市町村", "manager_class": "都道府県・その他", "hourly_in_riverdb": "False"}}, {"type": "Feature", "geometry": {"type": "Point", "coordinates": [129.8027778, 32.7963889]}, "properties": {"dam_name": "黒浜", "prefecture": "長崎県", "water_system": "黒浜川", "river": "黒浜川", "manager": "都道府県・市町村", "manager_class": "都道府県・その他", "hourly_in_riverdb": "False"}}, {"type": "Feature", "geometry": {"type": "Point", "coordinates": [129.8122222, 32.8494444]}, "properties": {"dam_name": "中山", "prefecture": "長崎県", "water_system": "子々川川", "river": "子々川川", "manager": "都道府県・市町村", "manager_class": "都道府県・その他", "hourly_in_riverdb": "False"}}, {"type": "Feature", "geometry": {"type": "Point", "coordinates": [129.0738889, 32.9869444]}, "properties": {"dam_name": "青方", "prefecture": "長崎県", "water_system": "釣道川", "river": "釣道川", "manager": "都道府県・市町村", "manager_class": "都道府県・その他", "hourly_in_riverdb": "False"}}, {"type": "Feature", "geometry": {"type": "Point", "coordinates": [129.7047222, 33.7511111]}, "properties": {"dam_name": "永田", "prefecture": "長崎県", "water_system": "永田川", "river": "永田川", "manager": "都道府県・市町村", "manager_class": "都道府県・その他", "hourly_in_riverdb": "False"}}, {"type": "Feature", "geometry": {"type": "Point", "coordinates": [129.9011111, 32.8344444]}, "properties": {"dam_name": "長与", "prefecture": "長崎県", "water_system": "長与川", "river": "長与川", "manager": "都道府県・市町村", "manager_class": "都道府県・その他", "hourly_in_riverdb": "False"}}, {"type": "Feature", "geometry": {"type": "Point", "coordinates": [130.0305556, 32.8080556]}, "properties": {"dam_name": "土師野尾", "prefecture": "長崎県", "water_system": "東大川", "river": "楠原川", "manager": "都道府県・市町村", "manager_class": "都道府県・その他", "hourly_in_riverdb": "False"}}, {"type": "Feature", "geometry": {"type": "Point", "coordinates": [129.8644444, 32.7102778]}, "properties": {"dam_name": "鹿尾", "prefecture": "長崎県", "water_system": "鹿尾川", "river": "鹿尾川", "manager": "都道府県・市町村", "manager_class": "都道府県・その他", "hourly_in_riverdb": "False"}}, {"type": "Feature", "geometry": {"type": "Point", "coordinates": [129.8763889, 32.7161111]}, "properties": {"dam_name": "小ヶ倉", "prefecture": "長崎県", "water_system": "鹿尾川", "river": "鹿尾川", "manager": "都道府県・市町村", "manager_class": "都道府県・その他", "hourly_in_riverdb": "False"}}, {"type": "Feature", "geometry": {"type": "Point", "coordinates": [129.8061111, 32.7552778]}, "properties": {"dam_name": "鳴見", "prefecture": "長崎県", "water_system": "多以良川", "river": "二股川", "manager": "都道府県・市町村", "manager_class": "都道府県・その他", "hourly_in_riverdb": "False"}}, {"type": "Feature", "geometry": {"type": "Point", "coordinates": [129.7491667, 33.835]}, "properties": {"dam_name": "男女岳", "prefecture": "長崎県", "water_system": "谷江川", "river": "角川", "manager": "都道府県・市町村", "manager_class": "都道府県・その他", "hourly_in_riverdb": "False"}}, {"type": "Feature", "geometry": {"type": "Point", "coordinates": [129.5925, 33.2622222]}, "properties": {"dam_name": "樋口", "prefecture": "長崎県", "water_system": "樋口川", "river": "樋口川", "manager": "都道府県・市町村", "manager_class": "都道府県・その他", "hourly_in_riverdb": "False"}}, {"type": "Feature", "geometry": {"type": "Point", "coordinates": [129.4391667, 34.5744444]}, "properties": {"dam_name": "目保呂", "prefecture": "長崎県", "water_system": "仁田川", "river": "仁田川", "manager": "都道府県・市町村", "manager_class": "都道府県・その他", "hourly_in_riverdb": "False"}}, {"type": "Feature", "geometry": {"type": "Point", "coordinates": [129.8219444, 32.7722222]}, "properties": {"dam_name": "中尾", "prefecture": "長崎県", "water_system": "八郎川", "river": "中尾川", "manager": "都道府県・市町村", "manager_class": "都道府県・その他", "hourly_in_riverdb": "False"}}, {"type": "Feature", "geometry": {"type": "Point", "coordinates": [129.8955556, 32.7663889]}, "properties": {"dam_name": "西山", "prefecture": "長崎県", "water_system": "中島川", "river": "西山川", "manager": "都道府県・市町村", "manager_class": "都道府県・その他", "hourly_in_riverdb": "False"}}, {"type": "Feature", "geometry": {"type": "Point", "coordinates": [129.0813889, 32.9986111]}, "properties": {"dam_name": "宮ノ川", "prefecture": "長崎県", "water_system": "宮ノ川", "river": "宮ノ川", "manager": "都道府県・市町村", "manager_class": "都道府県・その他", "hourly_in_riverdb": "False"}}, {"type": "Feature", "geometry": {"type": "Point", "coordinates": [130.1675, 32.9386111]}, "properties": {"dam_name": "船津", "prefecture": "長崎県", "water_system": "船津川", "river": "船津川", "manager": "都道府県・市町村", "manager_class": "都道府県・その他", "hourly_in_riverdb": "False"}}, {"type": "Feature", "geometry": {"type": "Point", "coordinates": [129.8219444, 32.6230556]}, "properties": {"dam_name": "宮崎", "prefecture": "長崎県", "water_system": "宮崎川", "river": "宮崎川", "manager": "都道府県・市町村", "manager_class": "都道府県・その他", "hourly_in_riverdb": "False"}}, {"type": "Feature", "geometry": {"type": "Point", "coordinates": [129.6225, 33.2286111]}, "properties": {"dam_name": "つづら", "prefecture": "長崎県", "water_system": "小佐々川", "river": "つづら川", "manager": "都道府県・市町村", "manager_class": "都道府県・その他", "hourly_in_riverdb": "False"}}, {"type": "Feature", "geometry": {"type": "Point", "coordinates": [129.3011111, 34.2280556]}, "properties": {"dam_name": "小浦", "prefecture": "長崎県", "water_system": "小浦川", "river": "樫塚川", "manager": "都道府県・市町村", "manager_class": "都道府県・その他", "hourly_in_riverdb": "False"}}, {"type": "Feature", "geometry": {"type": "Point", "coordinates": [129.9263889, 32.8375]}, "properties": {"dam_name": "伊木力", "prefecture": "長崎県", "water_system": "伊木力川", "river": "山川内川", "manager": "都道府県・市町村", "manager_class": "都道府県・その他", "hourly_in_riverdb": "False"}}, {"type": "Feature", "geometry": {"type": "Point", "coordinates": [129.7866667, 32.5994444]}, "properties": {"dam_name": "高浜", "prefecture": "長崎県", "water_system": "江川", "river": "江川", "manager": "都道府県・市町村", "manager_class": "都道府県・その他", "hourly_in_riverdb": "False"}}, {"type": "Feature", "geometry": {"type": "Point", "coordinates": [129.7352778, 33.3052778]}, "properties": {"dam_name": "笛吹", "prefecture": "長崎県", "water_system": "志佐川", "river": "笛吹川", "manager": "都道府県・市町村", "manager_class": "都道府県・その他", "hourly_in_riverdb": "False"}}, {"type": "Feature", "geometry": {"type": "Point", "coordinates": [129.9097222, 32.7541667]}, "properties": {"dam_name": "本河内（高部）", "prefecture": "長崎県", "water_system": "中島川", "river": "中島川", "manager": "都道府県・市町村", "manager_class": "都道府県・その他", "hourly_in_riverdb": "False"}}, {"type": "Feature", "geometry": {"type": "Point", "coordinates": [129.8991667, 32.7525]}, "properties": {"dam_name": "本河内（低部）", "prefecture": "長崎県", "water_system": "中島川", "river": "中島川", "manager": "都道府県・市町村", "manager_class": "都道府県・その他", "hourly_in_riverdb": "False"}}, {"type": "Feature", "geometry": {"type": "Point", "coordinates": [131.0127778, 32.32]}, "properties": {"dam_name": "市房", "prefecture": "熊本県", "water_system": "球磨川", "river": "球磨川", "manager": "都道府県・市町村", "manager_class": "都道府県・その他", "hourly_in_riverdb": "False"}}, {"type": "Feature", "geometry": {"type": "Point", "coordinates": [130.7866028, 32.5711056]}, "properties": {"dam_name": "氷川", "prefecture": "熊本県", "water_system": "氷川", "river": "氷川", "manager": "都道府県・市町村", "manager_class": "都道府県・その他", "hourly_in_riverdb": "False"}}, {"type": "Feature", "geometry": {"type": "Point", "coordinates": [130.1377778, 32.4286111]}, "properties": {"dam_name": "亀川", "prefecture": "熊本県", "water_system": "亀川", "river": "亀川", "manager": "都道府県・市町村", "manager_class": "都道府県・その他", "hourly_in_riverdb": "False"}}, {"type": "Feature", "geometry": {"type": "Point", "coordinates": [130.5192222, 32.6434722]}, "properties": {"dam_name": "石打", "prefecture": "熊本県", "water_system": "波多川", "river": "八柳川", "manager": "都道府県・市町村", "manager_class": "都道府県・その他", "hourly_in_riverdb": "False"}}, {"type": "Feature", "geometry": {"type": "Point", "coordinates": [130.3247222, 32.4758333]}, "properties": {"dam_name": "上津浦", "prefecture": "熊本県", "water_system": "上津浦川", "river": "上津浦川", "manager": "都道府県・市町村", "manager_class": "都道府県・その他", "hourly_in_riverdb": "False"}}, {"type": "Feature", "geometry": {"type": "Point", "coordinates": [130.0875, 32.2819444]}, "properties": {"dam_name": "路木", "prefecture": "熊本県", "water_system": "路木川", "river": "路木川", "manager": "都道府県・市町村", "manager_class": "都道府県・その他", "hourly_in_riverdb": "False"}}, {"type": "Feature", "geometry": {"type": "Point", "coordinates": [131.4383333, 33.1383333]}, "properties": {"dam_name": "芹川", "prefecture": "大分県", "water_system": "大分川", "river": "芹川", "manager": "都道府県・市町村", "manager_class": "都道府県・その他", "hourly_in_riverdb": "False"}}, {"type": "Feature", "geometry": {"type": "Point", "coordinates": [131.8386111, 32.8505556]}, "properties": {"dam_name": "黒沢", "prefecture": "大分県", "water_system": "番匠川", "river": "堅田川", "manager": "都道府県・市町村", "manager_class": "都道府県・その他", "hourly_in_riverdb": "False"}}, {"type": "Feature", "geometry": {"type": "Point", "coordinates": [131.8622222, 33.0166667]}, "properties": {"dam_name": "床木", "prefecture": "大分県", "water_system": "番匠川", "river": "床木川", "manager": "都道府県・市町村", "manager_class": "都道府県・その他", "hourly_in_riverdb": "False"}}, {"type": "Feature", "geometry": {"type": "Point", "coordinates": [131.6094444, 32.7875]}, "properties": {"dam_name": "北川", "prefecture": "大分県", "water_system": "五ヶ瀬川", "river": "北川", "manager": "都道府県・市町村", "manager_class": "都道府県・その他", "hourly_in_riverdb": "False"}}, {"type": "Feature", "geometry": {"type": "Point", "coordinates": [131.6092278, 33.4853583]}, "properties": {"dam_name": "安岐", "prefecture": "大分県", "water_system": "安岐川", "river": "安岐川", "manager": "都道府県・市町村", "manager_class": "都道府県・その他", "hourly_in_riverdb": "False"}}, {"type": "Feature", "geometry": {"type": "Point", "coordinates": [131.8069444, 33.0669444]}, "properties": {"dam_name": "青江", "prefecture": "大分県", "water_system": "青江川", "river": "青江川", "manager": "都道府県・市町村", "manager_class": "都道府県・その他", "hourly_in_riverdb": "False"}}, {"type": "Feature", "geometry": {"type": "Point", "coordinates": [131.6491667, 33.5697222]}, "properties": {"dam_name": "行入", "prefecture": "大分県", "water_system": "田深川", "river": "横手川", "manager": "都道府県・市町村", "manager_class": "都道府県・その他", "hourly_in_riverdb": "False"}}, {"type": "Feature", "geometry": {"type": "Point", "coordinates": [131.7638556, 33.0183694]}, "properties": {"dam_name": "野津", "prefecture": "大分県", "water_system": "大野川", "river": "垣河内川", "manager": "都道府県・市町村", "manager_class": "都道府県・その他", "hourly_in_riverdb": "False"}}, {"type": "Feature", "geometry": {"type": "Point", "coordinates": [131.2966667, 32.9941667]}, "properties": {"dam_name": "稲葉", "prefecture": "大分県", "water_system": "大野川", "river": "稲葉川", "manager": "都道府県・市町村", "manager_class": "都道府県・その他", "hourly_in_riverdb": "False"}}, {"type": "Feature", "geometry": {"type": "Point", "coordinates": [131.5736111, 32.7158333]}, "properties": {"dam_name": "祝子", "prefecture": "宮崎県", "water_system": "五ヶ瀬川", "river": "祝子川", "manager": "都道府県・市町村", "manager_class": "都道府県・その他", "hourly_in_riverdb": "False"}}, {"type": "Feature", "geometry": {"type": "Point", "coordinates": [131.3452778, 32.3552778]}, "properties": {"dam_name": "渡川", "prefecture": "宮崎県", "water_system": "小丸川", "river": "渡川", "manager": "都道府県・市町村", "manager_class": "都道府県・その他", "hourly_in_riverdb": "False"}}, {"type": "Feature", "geometry": {"type": "Point", "coordinates": [131.3713889, 32.2838889]}, "properties": {"dam_name": "松尾", "prefecture": "宮崎県", "water_system": "小丸川", "river": "小丸川", "manager": "都道府県・市町村", "manager_class": "都道府県・その他", "hourly_in_riverdb": "False"}}, {"type": "Feature", "geometry": {"type": "Point", "coordinates": [131.1422222, 32.0975]}, "properties": {"dam_name": "綾北", "prefecture": "宮崎県", "water_system": "大淀川", "river": "綾北川", "manager": "都道府県・市町村", "manager_class": "都道府県・その他", "hourly_in_riverdb": "False"}}, {"type": "Feature", "geometry": {"type": "Point", "coordinates": [131.1216667, 32.0577778]}, "properties": {"dam_name": "綾南", "prefecture": "宮崎県", "water_system": "大淀川", "river": "本庄川", "manager": "都道府県・市町村", "manager_class": "都道府県・その他", "hourly_in_riverdb": "False"}}, {"type": "Feature", "geometry": {"type": "Point", "coordinates": [131.1398333, 31.9420556]}, "properties": {"dam_name": "岩瀬", "prefecture": "宮崎県", "water_system": "大淀川", "river": "岩瀬川", "manager": "都道府県・市町村", "manager_class": "都道府県・その他", "hourly_in_riverdb": "False"}}, {"type": "Feature", "geometry": {"type": "Point", "coordinates": [131.27, 32.1322222]}, "properties": {"dam_name": "立花", "prefecture": "宮崎県", "water_system": "一ツ瀬川", "river": "三財川", "manager": "都道府県・市町村", "manager_class": "都道府県・その他", "hourly_in_riverdb": "False"}}, {"type": "Feature", "geometry": {"type": "Point", "coordinates": [131.3402778, 32.1458333]}, "properties": {"dam_name": "長谷（宮崎県）", "prefecture": "宮崎県", "water_system": "一ツ瀬川", "river": "三納川", "manager": "都道府県・市町村", "manager_class": "都道府県・その他", "hourly_in_riverdb": "False"}}, {"type": "Feature", "geometry": {"type": "Point", "coordinates": [131.2758333, 31.6369444]}, "properties": {"dam_name": "日南", "prefecture": "宮崎県", "water_system": "広渡川", "river": "酒谷川", "manager": "都道府県・市町村", "manager_class": "都道府県・その他", "hourly_in_riverdb": "False"}}, {"type": "Feature", "geometry": {"type": "Point", "coordinates": [131.2675, 31.7166667]}, "properties": {"dam_name": "広渡", "prefecture": "宮崎県", "water_system": "広渡川", "river": "広渡川", "manager": "都道府県・市町村", "manager_class": "都道府県・その他", "hourly_in_riverdb": "False"}}, {"type": "Feature", "geometry": {"type": "Point", "coordinates": [131.3086111, 31.9266667]}, "properties": {"dam_name": "瓜田", "prefecture": "宮崎県", "water_system": "大淀川", "river": "瓜田川", "manager": "都道府県・市町村", "manager_class": "都道府県・その他", "hourly_in_riverdb": "False"}}, {"type": "Feature", "geometry": {"type": "Point", "coordinates": [131.1197222, 32.1366667]}, "properties": {"dam_name": "田代八重", "prefecture": "宮崎県", "water_system": "大淀川", "river": "綾北川", "manager": "都道府県・市町村", "manager_class": "都道府県・その他", "hourly_in_riverdb": "False"}}, {"type": "Feature", "geometry": {"type": "Point", "coordinates": [131.6191667, 32.5505556]}, "properties": {"dam_name": "沖田", "prefecture": "宮崎県", "water_system": "沖田川", "river": "沖田川", "manager": "都道府県・市町村", "manager_class": "都道府県・その他", "hourly_in_riverdb": "False"}}, {"type": "Feature", "geometry": {"type": "Point", "coordinates": [130.4455556, 31.445]}, "properties": {"dam_name": "川辺", "prefecture": "鹿児島県", "water_system": "万之瀬川", "river": "万之瀬川", "manager": "都道府県・市町村", "manager_class": "都道府県・その他", "hourly_in_riverdb": "False"}}, {"type": "Feature", "geometry": {"type": "Point", "coordinates": [129.3875, 28.3427778]}, "properties": {"dam_name": "大和", "prefecture": "鹿児島県", "water_system": "大和川", "river": "三田川", "manager": "都道府県・市町村", "manager_class": "都道府県・その他", "hourly_in_riverdb": "False"}}, {"type": "Feature", "geometry": {"type": "Point", "coordinates": [130.5021889, 31.6010167]}, "properties": {"dam_name": "西之谷", "prefecture": "鹿児島県", "water_system": "新川", "river": "新川", "manager": "都道府県・市町村", "manager_class": "都道府県・その他", "hourly_in_riverdb": "False"}}, {"type": "Feature", "geometry": {"type": "Point", "coordinates": [124.2047222, 24.4172222]}, "properties": {"dam_name": "真栄里", "prefecture": "沖縄県", "water_system": "宮良川", "river": "宮良川", "manager": "都道府県・市町村", "manager_class": "都道府県・その他", "hourly_in_riverdb": "False"}}, {"type": "Feature", "geometry": {"type": "Point", "coordinates": [127.6920639, 26.2322056]}, "properties": {"dam_name": "座間味", "prefecture": "沖縄県", "water_system": "内川", "river": "内川", "manager": "都道府県・市町村", "manager_class": "都道府県・その他", "hourly_in_riverdb": "False"}}, {"type": "Feature", "geometry": {"type": "Point", "coordinates": [127.8066667, 26.3844444]}, "properties": {"dam_name": "倉敷", "prefecture": "沖縄県", "water_system": "比謝川", "river": "与那原川", "manager": "都道府県・市町村", "manager_class": "都道府県・その他", "hourly_in_riverdb": "False"}}, {"type": "Feature", "geometry": {"type": "Point", "coordinates": [127.7175, 26.2122222]}, "properties": {"dam_name": "金城", "prefecture": "沖縄県", "water_system": "安里川", "river": "安里川", "manager": "都道府県・市町村", "manager_class": "都道府県・その他", "hourly_in_riverdb": "False"}}, {"type": "Feature", "geometry": {"type": "Point", "coordinates": [127.9627778, 27.0255556]}, "properties": {"dam_name": "我喜屋", "prefecture": "沖縄県", "water_system": "中の川", "river": "シチフ川", "manager": "都道府県・市町村", "manager_class": "都道府県・その他", "hourly_in_riverdb": "False"}}, {"type": "Feature", "geometry": {"type": "Point", "coordinates": [126.7880556, 26.3452778]}, "properties": {"dam_name": "儀間", "prefecture": "沖縄県", "water_system": "儀間川", "river": "儀間川", "manager": "都道府県・市町村", "manager_class": "都道府県・その他", "hourly_in_riverdb": "False"}}, {"type": "Feature", "geometry": {"type": "Point", "coordinates": [141.9936111, 42.7636111]}, "properties": {"dam_name": "厚幌", "prefecture": "北海道", "water_system": "厚真川", "river": "厚真川", "manager": "都道府県・市町村", "manager_class": "都道府県・その他", "hourly_in_riverdb": "False"}}, {"type": "Feature", "geometry": {"type": "Point", "coordinates": [141.2632111, 39.6732]}, "properties": {"dam_name": "簗川", "prefecture": "岩手県", "water_system": "北上川", "river": "簗川", "manager": "都道府県・市町村", "manager_class": "都道府県・その他", "hourly_in_riverdb": "False"}}, {"type": "Feature", "geometry": {"type": "Point", "coordinates": [140.9637194, 38.7072917]}, "properties": {"dam_name": "最上小国川流水型", "prefecture": "山形県", "water_system": "最上川", "river": "最上小国川", "manager": "都道府県・市町村", "manager_class": "都道府県・その他", "hourly_in_riverdb": "False"}}, {"type": "Feature", "geometry": {"type": "Point", "coordinates": [139.5505556, 37.9180556]}, "properties": {"dam_name": "奥胎内", "prefecture": "新潟県", "water_system": "胎内川", "river": "胎内川", "manager": "都道府県・市町村", "manager_class": "都道府県・その他", "hourly_in_riverdb": "False"}}, {"type": "Feature", "geometry": {"type": "Point", "coordinates": [138.1905306, 36.6914389]}, "properties": {"dam_name": "浅川", "prefecture": "長野県", "water_system": "信濃川", "river": "浅川", "manager": "都道府県・市町村", "manager_class": "都道府県・その他", "hourly_in_riverdb": "False"}}, {"type": "Feature", "geometry": {"type": "Point", "coordinates": [135.8952778, 35.4325]}, "properties": {"dam_name": "河内川", "prefecture": "福井県", "water_system": "北川", "river": "河内川", "manager": "都道府県・市町村", "manager_class": "都道府県・その他", "hourly_in_riverdb": "False"}}, {"type": "Feature", "geometry": {"type": "Point", "coordinates": [134.4214472, 34.9297444]}, "properties": {"dam_name": "金出地", "prefecture": "兵庫県", "water_system": "千種川", "river": "鞍居川", "manager": "都道府県・市町村", "manager_class": "都道府県・その他", "hourly_in_riverdb": "False"}}, {"type": "Feature", "geometry": {"type": "Point", "coordinates": [132.1138889, 34.8613889]}, "properties": {"dam_name": "第二浜田", "prefecture": "島根県", "water_system": "浜田川", "river": "浜田川", "manager": "都道府県・市町村", "manager_class": "都道府県・その他", "hourly_in_riverdb": "False"}}, {"type": "Feature", "geometry": {"type": "Point", "coordinates": [133.0744444, 34.9025]}, "properties": {"dam_name": "庄原", "prefecture": "広島県", "water_system": "木曽川", "river": "王滝川", "manager": "都道府県・市町村", "manager_class": "都道府県・その他", "hourly_in_riverdb": "False"}}, {"type": "Feature", "geometry": {"type": "Point", "coordinates": [130.4208333, 33.4102778]}, "properties": {"dam_name": "五ケ山", "prefecture": "福岡県", "water_system": "那珂川", "river": "那珂川", "manager": "都道府県・市町村", "manager_class": "都道府県・その他", "hourly_in_riverdb": "False"}}, {"type": "Feature", "geometry": {"type": "Point", "coordinates": [130.9483333, 33.5836111]}, "properties": {"dam_name": "伊良原", "prefecture": "福岡県", "water_system": "祓川", "river": "祓川", "manager": "都道府県・市町村", "manager_class": "都道府県・その他", "hourly_in_riverdb": "False"}}, {"type": "Feature", "geometry": {"type": "Point", "coordinates": [137.9069444, 35.9780556]}, "properties": {"dam_name": "横川（長野県）", "prefecture": "長野県", "water_system": "天竜川", "river": "横川川", "manager": "都道府県・市町村", "manager_class": "都道府県・その他", "hourly_in_riverdb": "False"}}, {"type": "Feature", "geometry": {"type": "Point", "coordinates": [139.9538889, 38.1022222]}, "properties": {"dam_name": "管野", "prefecture": "山形県", "water_system": "最上川", "river": "置賜野川", "manager": "都道府県・市町村", "manager_class": "都道府県・その他", "hourly_in_riverdb": "False"}}, {"type": "Feature", "geometry": {"type": "Point", "coordinates": [131.8280556, 34.1441667]}, "properties": {"dam_name": "向道", "prefecture": "山口県", "water_system": "錦川", "river": "錦川", "manager": "都道府県・市町村", "manager_class": "都道府県・その他", "hourly_in_riverdb": "False"}}, {"type": "Feature", "geometry": {"type": "Point", "coordinates": [135.9119444, 34.9388889]}, "properties": {"dam_name": "瀬田川洗堰", "prefecture": "滋賀県", "water_system": "淀川", "river": "淀川（宇治川）", "manager": "都道府県・市町村", "manager_class": "都道府県・その他", "hourly_in_riverdb": "False"}}, {"type": "Feature", "geometry": {"type": "Point", "coordinates": [130.3986111, 33.4319444]}, "properties": {"dam_name": "背振", "prefecture": "福岡県", "water_system": "那珂川", "river": "那珂川", "manager": "都道府県・市町村", "manager_class": "都道府県・その他", "hourly_in_riverdb": "False"}}, {"type": "Feature", "geometry": {"type": "Point", "coordinates": [142.6375, 44.3305556]}, "properties": {"dam_name": "サンル", "prefecture": "北海道", "water_system": "天塩川", "river": "サンル川", "manager": "北海道開発局", "manager_class": "国交省直轄", "hourly_in_riverdb": "True"}}, {"type": "Feature", "geometry": {"type": "Point", "coordinates": [142.3858333, 42.6805556]}, "properties": {"dam_name": "平取", "prefecture": "北海道", "water_system": "沙流川", "river": "額平川", "manager": "北海道開発局", "manager_class": "国交省直轄", "hourly_in_riverdb": "True"}}, {"type": "Feature", "geometry": {"type": "Point", "coordinates": [140.2604167, 40.5383333]}, "properties": {"dam_name": "津軽", "prefecture": "青森県", "water_system": "岩木川", "river": "岩木川", "manager": "東北地方整備局", "manager_class": "国交省直轄", "hourly_in_riverdb": "True"}}, {"type": "Feature", "geometry": {"type": "Point", "coordinates": [138.7141667, 36.5569444]}, "properties": {"dam_name": "八ッ場", "prefecture": "群馬県", "water_system": "利根川", "river": "吾妻川", "manager": "関東地方整備局", "manager_class": "国交省直轄", "hourly_in_riverdb": "True"}}, {"type": "Feature", "geometry": {"type": "Point", "coordinates": [132.8158333, 33.0122222]}, "properties": {"dam_name": "横瀬川", "prefecture": "高知県", "water_system": "渡川", "river": "横瀬川", "manager": "四国地方整備局", "manager_class": "国交省直轄", "hourly_in_riverdb": "True"}}, {"type": "Feature", "geometry": {"type": "Point", "coordinates": [131.4977778, 33.1277778]}, "properties": {"dam_name": "ななせ", "prefecture": "大分県", "water_system": "大分川", "river": "七瀬川", "manager": "九州地方整備局", "manager_class": "国交省直轄", "hourly_in_riverdb": "True"}}, {"type": "Feature", "geometry": {"type": "Point", "coordinates": [130.7713889, 33.4680556]}, "properties": {"dam_name": "小石原川", "prefecture": "福岡県", "water_system": "筑後川", "river": "小石原川", "manager": "水資源機構", "manager_class": "水資源機構", "hourly_in_riverdb": "True"}}]}