{"type": "FeatureCollection", "features": [{"type": "Feature", "geometry": {"type": "Point", "coordinates": [141.5019444, 42.8494444]}, "properties": {"name": "取水場（しゅすいじょう）", "river_system": "石狩川", "river": "漁川"}}, {"type": "Feature", "geometry": {"type": "Point", "coordinates": [142.2166667, 42.7819444]}, "properties": {"name": "富内（とみうち）", "river_system": "鵡川", "river": "鵡川"}}, {"type": "Feature", "geometry": {"type": "Point", "coordinates": [142.1463889, 42.7719444]}, "properties": {"name": "茂別（もべつ）", "river_system": "鵡川", "river": "穂別川"}}, {"type": "Feature", "geometry": {"type": "Point", "coordinates": [142.1836111, 42.6719444]}, "properties": {"name": "荷負（におい）", "river_system": "沙流川", "river": "沙流川"}}, {"type": "Feature", "geometry": {"type": "Point", "coordinates": [144.2985553, 43.0544906]}, "properties": {"name": "北斗（ほくと）", "river_system": "釧路川", "river": "仁々志別川"}}, {"type": "Feature", "geometry": {"type": "Point", "coordinates": [144.4520675, 43.0415533]}, "properties": {"name": "丹頂橋（たんちょうばし）", "river_system": "釧路川", "river": "釧路川"}}, {"type": "Feature", "geometry": {"type": "Point", "coordinates": [141.8497222, 45.4030556]}, "properties": {"name": "四線橋（よんせんばし）", "river_system": "増幌川", "river": "増幌川"}}, {"type": "Feature", "geometry": {"type": "Point", "coordinates": [140.4230556, 37.9319444]}, "properties": {"name": "秋庭（あきにわ）", "river_system": "阿武隈川", "river": "摺上川"}}, {"type": "Feature", "geometry": {"type": "Point", "coordinates": [141.2686111, 38.8955556]}, "properties": {"name": "千厩（外水）（せんまや（がいすい））", "river_system": "北上川", "river": "千厩川"}}, {"type": "Feature", "geometry": {"type": "Point", "coordinates": [141.2686111, 38.8955556]}, "properties": {"name": "千厩（内水）（せんまや（ないすい））", "river_system": "北上川", "river": "千厩川"}}, {"type": "Feature", "geometry": {"type": "Point", "coordinates": [141.2511111, 38.9330556]}, "properties": {"name": "吸川（内水）（すいかわ（ないすい））", "river_system": "北上川", "river": "磐井川"}}, {"type": "Feature", "geometry": {"type": "Point", "coordinates": [141.1386111, 38.6141667]}, "properties": {"name": "三方江（みかたえ）", "river_system": "北上川", "river": "旧迫川"}}, {"type": "Feature", "geometry": {"type": "Point", "coordinates": [140.9702778, 39.6622222]}, "properties": {"name": "西安庭（にしあにわ）", "river_system": "北上川", "river": "矢櫃川"}}, {"type": "Feature", "geometry": {"type": "Point", "coordinates": [140.2602778, 40.5352778]}, "properties": {"name": "目屋（めや）", "river_system": "岩木川", "river": "岩木川"}}, {"type": "Feature", "geometry": {"type": "Point", "coordinates": [140.0322222, 38.4563889]}, "properties": {"name": "寒河江ダム（さがえだむ）", "river_system": "最上川", "river": "寒河江川"}}, {"type": "Feature", "geometry": {"type": "Point", "coordinates": [140.4522222, 35.9208333]}, "properties": {"name": "霞ケ浦（かすみがうら）", "river_system": "利根川", "river": "霞ヶ浦"}}, {"type": "Feature", "geometry": {"type": "Point", "coordinates": [140.3183333, 35.8616667]}, "properties": {"name": "根木名川（ねこながわ）", "river_system": "利根川", "river": "根木名川"}}, {"type": "Feature", "geometry": {"type": "Point", "coordinates": [139.0577778, 36.1736111]}, "properties": {"name": "若泉（わかいずみ）", "river_system": "利根川", "river": "神流川"}}, {"type": "Feature", "geometry": {"type": "Point", "coordinates": [140.6961111, 35.8369444]}, "properties": {"name": "黒部利根（くろべとね）", "river_system": "利根川", "river": "利根川"}}, {"type": "Feature", "geometry": {"type": "Point", "coordinates": [140.4522222, 35.9208333]}, "properties": {"name": "利根機場外（とねきじょうそと）", "river_system": "利根川", "river": "利根川"}}, {"type": "Feature", "geometry": {"type": "Point", "coordinates": [140.4522222, 35.9208333]}, "properties": {"name": "利根川外（とねがわそと）", "river_system": "利根川", "river": "利根川"}}, {"type": "Feature", "geometry": {"type": "Point", "coordinates": [139.9383333, 35.9263889]}, "properties": {"name": "江川（内）（えがわ（うち））", "river_system": "利根川", "river": "利根運河"}}, {"type": "Feature", "geometry": {"type": "Point", "coordinates": [139.8977778, 35.8233333]}, "properties": {"name": "神明堀（外）（しんめいほり（そと））", "river_system": "利根川", "river": "坂川"}}, {"type": "Feature", "geometry": {"type": "Point", "coordinates": [139.8933333, 35.8222222]}, "properties": {"name": "沈砂池（ちんさち）", "river_system": "利根川", "river": "坂川"}}, {"type": "Feature", "geometry": {"type": "Point", "coordinates": [139.8975, 35.8233333]}, "properties": {"name": "神明堀（内）（しんめいほり（うち））", "river_system": "利根川", "river": "坂川"}}, {"type": "Feature", "geometry": {"type": "Point", "coordinates": [139.8708333, 35.8175]}, "properties": {"name": "三郷（2）（みさと（2））", "river_system": "利根川", "river": "三郷放水路"}}, {"type": "Feature", "geometry": {"type": "Point", "coordinates": [139.885, 35.8177778]}, "properties": {"name": "三郷（3）（みさと（3））", "river_system": "利根川", "river": "三郷放水路"}}, {"type": "Feature", "geometry": {"type": "Point", "coordinates": [139.895, 35.7991667]}, "properties": {"name": "古ヶ崎（堤内）（こがさき（ていない））", "river_system": "利根川", "river": "六間川"}}, {"type": "Feature", "geometry": {"type": "Point", "coordinates": [139.9025, 35.7383333]}, "properties": {"name": "根本（内）（ねもと（うち））", "river_system": "利根川", "river": "真間川"}}, {"type": "Feature", "geometry": {"type": "Point", "coordinates": [139.8475, 35.7958333]}, "properties": {"name": "新大場川水門（外）（しんおおばがわすいもん（そと））", "river_system": "利根川", "river": "中川"}}, {"type": "Feature", "geometry": {"type": "Point", "coordinates": [139.8477778, 35.7955556]}, "properties": {"name": "新大場川水門（内）（しんおおばがわすいもん（うち））", "river_system": "利根川", "river": "大場川"}}, {"type": "Feature", "geometry": {"type": "Point", "coordinates": [139.8225, 35.8088889]}, "properties": {"name": "伝右（外）（でんう（そと））", "river_system": "利根川", "river": "綾瀬川"}}, {"type": "Feature", "geometry": {"type": "Point", "coordinates": [139.82025, 35.7504444]}, "properties": {"name": "綾瀬（内）（あやせ（うち））", "river_system": "利根川", "river": "綾瀬川"}}, {"type": "Feature", "geometry": {"type": "Point", "coordinates": [139.8191667, 35.7499167]}, "properties": {"name": "綾瀬（外）（あやせ（そと））", "river_system": "利根川", "river": "綾瀬川"}}, {"type": "Feature", "geometry": {"type": "Point", "coordinates": [139.8222222, 35.8091667]}, "properties": {"name": "伝右（内）（でんう（うち））", "river_system": "利根川", "river": "綾瀬川"}}, {"type": "Feature", "geometry": {"type": "Point", "coordinates": [139.0383333, 36.6222222]}, "properties": {"name": "屋形原（やかたはら）", "river_system": "利根川", "river": "利根川"}}, {"type": "Feature", "geometry": {"type": "Point", "coordinates": [139.4638889, 36.8802778]}, "properties": {"name": "湯元（ゆもと）", "river_system": "利根川", "river": "鬼怒川"}}, {"type": "Feature", "geometry": {"type": "Point", "coordinates": [139.5205556, 36.915]}, "properties": {"name": "馬坂（うまさか）", "river_system": "利根川", "river": "馬坂川"}}, {"type": "Feature", "geometry": {"type": "Point", "coordinates": [139.6358333, 36.8744444]}, "properties": {"name": "松ノ木平（廃止）（まつのきだいら）", "river_system": "利根川", "river": "鬼怒川"}}, {"type": "Feature", "geometry": {"type": "Point", "coordinates": [139.6494444, 36.8925]}, "properties": {"name": "小穴（こあな）", "river_system": "利根川", "river": "稲ヶ沢川"}}, {"type": "Feature", "geometry": {"type": "Point", "coordinates": [139.6302778, 36.9444444]}, "properties": {"name": "一ッ石（ひとついし）", "river_system": "利根川", "river": "湯西川"}}, {"type": "Feature", "geometry": {"type": "Point", "coordinates": [139.6863889, 36.9652778]}, "properties": {"name": "独鈷沢（どっこざわ）", "river_system": "利根川", "river": "男鹿川"}}, {"type": "Feature", "geometry": {"type": "Point", "coordinates": [139.7005556, 36.8944444]}, "properties": {"name": "元湯（もとゆ）", "river_system": "利根川", "river": "鬼怒川"}}, {"type": "Feature", "geometry": {"type": "Point", "coordinates": [139.7291667, 36.8491667]}, "properties": {"name": "原（はら）", "river_system": "利根川", "river": "鬼怒川"}}, {"type": "Feature", "geometry": {"type": "Point", "coordinates": [139.7044444, 36.8019444]}, "properties": {"name": "小佐越（こさごえ）", "river_system": "利根川", "river": "鬼怒川"}}, {"type": "Feature", "geometry": {"type": "Point", "coordinates": [139.7669444, 36.7516667]}, "properties": {"name": "町谷（まちや）", "river_system": "利根川", "river": "大谷川"}}, {"type": "Feature", "geometry": {"type": "Point", "coordinates": [139.5519444, 36.8644444]}, "properties": {"name": "大川筑（おおかわちく）", "river_system": "利根川", "river": "鬼怒川"}}, {"type": "Feature", "geometry": {"type": "Point", "coordinates": [139.4277778, 36.0938889]}, "properties": {"name": "通殿（内）（つうどの（うち））", "river_system": "荒川", "river": "通殿川"}}, {"type": "Feature", "geometry": {"type": "Point", "coordinates": [138.4775, 35.5666667]}, "properties": {"name": "横川：内（よこかわない）", "river_system": "富士川", "river": "横川"}}, {"type": "Feature", "geometry": {"type": "Point", "coordinates": [138.4775, 35.5666667]}, "properties": {"name": "横川：外（よこかわがい）", "river_system": "富士川", "river": "横川"}}, {"type": "Feature", "geometry": {"type": "Point", "coordinates": [138.5886111, 35.6061111]}, "properties": {"name": "柏内（かしわない）", "river_system": "富士川", "river": "間門川"}}, {"type": "Feature", "geometry": {"type": "Point", "coordinates": [138.5747222, 35.6025]}, "properties": {"name": "穏池：外（おんぢがい）", "river_system": "富士川", "river": "笛吹川"}}, {"type": "Feature", "geometry": {"type": "Point", "coordinates": [138.5886111, 35.6061111]}, "properties": {"name": "柏外（かしわがい）", "river_system": "富士川", "river": "笛吹川"}}, {"type": "Feature", "geometry": {"type": "Point", "coordinates": [138.5747222, 35.6025]}, "properties": {"name": "穏池：内（おんぢない）", "river_system": "富士川", "river": "蛭沢川"}}, {"type": "Feature", "geometry": {"type": "Point", "coordinates": [139.1511111, 37.8247222]}, "properties": {"name": "七日町（なかのまち）", "river_system": "阿賀野川", "river": "小阿賀野川"}}, {"type": "Feature", "geometry": {"type": "Point", "coordinates": [138.9155556, 35.0466667]}, "properties": {"name": "珍野（ちんの）", "river_system": "狩野川", "river": "放水路"}}, {"type": "Feature", "geometry": {"type": "Point", "coordinates": [136.7361111, 34.5080556]}, "properties": {"name": "防潮水門外（ぼうちょうすいもんがい）", "river_system": "宮川", "river": "勢田川"}}, {"type": "Feature", "geometry": {"type": "Point", "coordinates": [135.8605556, 34.3933333]}, "properties": {"name": "上市（かみいち）", "river_system": "紀の川", "river": "紀の川"}}, {"type": "Feature", "geometry": {"type": "Point", "coordinates": [135.6827778, 35.1913889]}, "properties": {"name": "井戸（機構）（いど）", "river_system": "淀川", "river": "桂川"}}, {"type": "Feature", "geometry": {"type": "Point", "coordinates": [135.4055556, 34.8902778]}, "properties": {"name": "畦野（機構）（うねの）", "river_system": "淀川", "river": "一庫大路次川"}}, {"type": "Feature", "geometry": {"type": "Point", "coordinates": [136.0488889, 34.5841667]}, "properties": {"name": "鹿高（機構）（かだか）", "river_system": "淀川", "river": "宇陀川"}}, {"type": "Feature", "geometry": {"type": "Point", "coordinates": [135.4233333, 34.9336111]}, "properties": {"name": "国崎（機構）（くにさき）", "river_system": "淀川", "river": "田尻川"}}, {"type": "Feature", "geometry": {"type": "Point", "coordinates": [136.0930556, 34.6177778]}, "properties": {"name": "上名張（機構）（かみなばり）", "river_system": "淀川", "river": "名張川"}}, {"type": "Feature", "geometry": {"type": "Point", "coordinates": [135.9680556, 34.7352778]}, "properties": {"name": "興ヶ原（機構）（おくがはら）", "river_system": "淀川", "river": "布目川"}}, {"type": "Feature", "geometry": {"type": "Point", "coordinates": [135.9644444, 34.7675]}, "properties": {"name": "有市（ありいち）", "river_system": "淀川", "river": "木津川"}}, {"type": "Feature", "geometry": {"type": "Point", "coordinates": [135.9425, 35.0130556]}, "properties": {"name": "西矢倉（にしやぐら）", "river_system": "淀川", "river": "琵琶湖"}}, {"type": "Feature", "geometry": {"type": "Point", "coordinates": [135.7893361, 34.9302833]}, "properties": {"name": "大島２（おおしまに）", "river_system": "淀川", "river": "山科川"}}, {"type": "Feature", "geometry": {"type": "Point", "coordinates": [135.7360083, 34.9059194]}, "properties": {"name": "東一口（ひがしいもあらい）", "river_system": "淀川", "river": "宇治川"}}, {"type": "Feature", "geometry": {"type": "Point", "coordinates": [135.79165, 34.9093056]}, "properties": {"name": "針木原（はりのきはら）", "river_system": "淀川", "river": "宇治川"}}, {"type": "Feature", "geometry": {"type": "Point", "coordinates": [135.7102694, 34.8819194]}, "properties": {"name": "森（もり）", "river_system": "淀川", "river": "木津川"}}, {"type": "Feature", "geometry": {"type": "Point", "coordinates": [135.6135028, 34.7862972]}, "properties": {"name": "太間（たいま）", "river_system": "淀川", "river": "淀川"}}, {"type": "Feature", "geometry": {"type": "Point", "coordinates": [136.5758333, 35.9683333]}, "properties": {"name": "富田（とみた）", "river_system": "九頭竜川", "river": "九頭竜川"}}, {"type": "Feature", "geometry": {"type": "Point", "coordinates": [134.0669444, 35.0738889]}, "properties": {"name": "高野（たかの）", "river_system": "吉井川", "river": "加茂川"}}, {"type": "Feature", "geometry": {"type": "Point", "coordinates": [134.1338889, 34.9894444]}, "properties": {"name": "湯郷（ゆのごう）", "river_system": "吉井川", "river": "吉野川"}}, {"type": "Feature", "geometry": {"type": "Point", "coordinates": [139.5869444, 36.1380556]}, "properties": {"name": "加須（かぞ）", "river_system": "利根川", "river": "中川"}}, {"type": "Feature", "geometry": {"type": "Point", "coordinates": [139.6980556, 36.0488889]}, "properties": {"name": "杉戸（すぎと）", "river_system": "利根川", "river": "中川"}}, {"type": "Feature", "geometry": {"type": "Point", "coordinates": [128.2394444, 26.7961111]}, "properties": {"name": "下辺野喜（しもべのき）", "river_system": "辺野喜川", "river": "辺野喜川"}}, {"type": "Feature", "geometry": {"type": "Point", "coordinates": [142.7402778, 44.0747222]}, "properties": {"name": "茂志利（もしり）", "river_system": "天塩川", "river": "天塩川"}}, {"type": "Feature", "geometry": {"type": "Point", "coordinates": [142.5977778, 44.1094444]}, "properties": {"name": "奥士別（おくしべつ）", "river_system": "天塩川", "river": "天塩川"}}, {"type": "Feature", "geometry": {"type": "Point", "coordinates": [142.5341667, 44.1188889]}, "properties": {"name": "剣和（けんわ）", "river_system": "天塩川", "river": "天塩川"}}, {"type": "Feature", "geometry": {"type": "Point", "coordinates": [142.4844861, 44.128755]}, "properties": {"name": "上士別（廃止）（かみしべつ）", "river_system": "天塩川", "river": "天塩川"}}, {"type": "Feature", "geometry": {"type": "Point", "coordinates": [142.4152778, 44.1902778]}, "properties": {"name": "九十九橋（つくもばし）", "river_system": "天塩川", "river": "天塩川"}}, {"type": "Feature", "geometry": {"type": "Point", "coordinates": [142.3652778, 44.2963889]}, "properties": {"name": "西多寄（にしたよろ）", "river_system": "天塩川", "river": "天塩川"}}, {"type": "Feature", "geometry": {"type": "Point", "coordinates": [142.4433333, 44.3608333]}, "properties": {"name": "名寄大橋（なよろおおはし）", "river_system": "天塩川", "river": "天塩川"}}, {"type": "Feature", "geometry": {"type": "Point", "coordinates": [142.3363889, 44.4808333]}, "properties": {"name": "美深橋（下流）（びふかばしかりゅう）", "river_system": "天塩川", "river": "天塩川"}}, {"type": "Feature", "geometry": {"type": "Point", "coordinates": [142.3022222, 44.5927778]}, "properties": {"name": "恩根内（おんねない）", "river_system": "天塩川", "river": "天塩川"}}, {"type": "Feature", "geometry": {"type": "Point", "coordinates": [142.2672222, 44.7047222]}, "properties": {"name": "茨内（ばらうち）", "river_system": "天塩川", "river": "天塩川"}}, {"type": "Feature", "geometry": {"type": "Point", "coordinates": [142.0705556, 44.8088889]}, "properties": {"name": "誉平（ぽんぴら）", "river_system": "天塩川", "river": "天塩川"}}, {"type": "Feature", "geometry": {"type": "Point", "coordinates": [142.7469444, 44.0886111]}, "properties": {"name": "似峡（にさま）", "river_system": "天塩川", "river": "似峡川"}}, {"type": "Feature", "geometry": {"type": "Point", "coordinates": [142.3766667, 44.1655556]}, "properties": {"name": "士別（しべつ）", "river_system": "天塩川", "river": "剣淵川"}}, {"type": "Feature", "geometry": {"type": "Point", "coordinates": [142.6494444, 44.3008333]}, "properties": {"name": "下川（しもかわ）", "river_system": "天塩川", "river": "名寄川"}}, {"type": "Feature", "geometry": {"type": "Point", "coordinates": [142.5830556, 44.3191667]}, "properties": {"name": "上名寄（かみなよろ）", "river_system": "天塩川", "river": "名寄川"}}, {"type": "Feature", "geometry": {"type": "Point", "coordinates": [142.485, 44.3325]}, "properties": {"name": "真勲別（下川町ほか）（まくんべつしもかわちょうほか）", "river_system": "天塩川", "river": "名寄川"}}, {"type": "Feature", "geometry": {"type": "Point", "coordinates": [142.6883333, 44.3772222]}, "properties": {"name": "新栄橋（しんえいばし）", "river_system": "天塩川", "river": "サンル川"}}, {"type": "Feature", "geometry": {"type": "Point", "coordinates": [142.6286111, 44.3280556]}, "properties": {"name": "サンル（さんる）", "river_system": "天塩川", "river": "サンル川"}}, {"type": "Feature", "geometry": {"type": "Point", "coordinates": [142.3691667, 44.46]}, "properties": {"name": "仁宇布（にうぷ）", "river_system": "天塩川", "river": "ペンケニウプ川"}}, {"type": "Feature", "geometry": {"type": "Point", "coordinates": [142.0380556, 44.6955556]}, "properties": {"name": "安平志内（あべしない）", "river_system": "天塩川", "river": "安平志内川"}}, {"type": "Feature", "geometry": {"type": "Point", "coordinates": [142.4497222, 44.3166667]}, "properties": {"name": "北興橋（ほっこうばし）", "river_system": "天塩川", "river": "風連別川"}}, {"type": "Feature", "geometry": {"type": "Point", "coordinates": [142.6752778, 44.3630556]}, "properties": {"name": "１２線川（じゅうにせんがわ）", "river_system": "天塩川", "river": "サンル十二線川"}}, {"type": "Feature", "geometry": {"type": "Point", "coordinates": [142.0058333, 44.8963889]}, "properties": {"name": "新問寒別橋（しんといかんべつばし）", "river_system": "天塩川", "river": "天塩川"}}, {"type": "Feature", "geometry": {"type": "Point", "coordinates": [141.9669444, 44.9002778]}, "properties": {"name": "辰根牛（たつねうし）", "river_system": "天塩川", "river": "天塩川"}}, {"type": "Feature", "geometry": {"type": "Point", "coordinates": [141.8788889, 44.9261111]}, "properties": {"name": "円山（まるやま）", "river_system": "天塩川", "river": "天塩川"}}, {"type": "Feature", "geometry": {"type": "Point", "coordinates": [141.8161111, 44.9955556]}, "properties": {"name": "天塩大橋（てしおおおはし）", "river_system": "天塩川", "river": "天塩川"}}, {"type": "Feature", "geometry": {"type": "Point", "coordinates": [141.7397222, 44.8916667]}, "properties": {"name": "天塩河口（てしおかこう）", "river_system": "天塩川", "river": "天塩川"}}, {"type": "Feature", "geometry": {"type": "Point", "coordinates": [142.0783333, 45.0108333]}, "properties": {"name": "上問寒別（かみといかんべつ）", "river_system": "天塩川", "river": "問寒別川"}}, {"type": "Feature", "geometry": {"type": "Point", "coordinates": [142.055, 44.9547222]}, "properties": {"name": "中問寒別（なかといかんべつ）", "river_system": "天塩川", "river": "問寒別川"}}, {"type": "Feature", "geometry": {"type": "Point", "coordinates": [142.0180556, 44.9186111]}, "properties": {"name": "下問寒別（しもといかんべつ）", "river_system": "天塩川", "river": "問寒別川"}}, {"type": "Feature", "geometry": {"type": "Point", "coordinates": [141.9130556, 44.8863889]}, "properties": {"name": "上雄信内（かみおのぶない）", "river_system": "天塩川", "river": "雄信内川"}}, {"type": "Feature", "geometry": {"type": "Point", "coordinates": [141.7102778, 45.0041667]}, "properties": {"name": "音類橋（おとんるいばし）", "river_system": "天塩川", "river": "サロベツ川"}}, {"type": "Feature", "geometry": {"type": "Point", "coordinates": [141.7163889, 44.9866667]}, "properties": {"name": "浜里（ハマサト）", "river_system": "天塩川", "river": "サロベツ川"}}, {"type": "Feature", "geometry": {"type": "Point", "coordinates": [128.2158333, 26.7613889]}, "properties": {"name": "与那（廃止）（よな）", "river_system": "与那川", "river": "与那川"}}, {"type": "Feature", "geometry": {"type": "Point", "coordinates": [141.8061111, 43.8497222]}, "properties": {"name": "峠下（とうげした）", "river_system": "留萌川", "river": "留萌川"}}, {"type": "Feature", "geometry": {"type": "Point", "coordinates": [141.7591667, 43.8561111]}, "properties": {"name": "幌糠（ほろぬか）", "river_system": "留萌川", "river": "留萌川"}}, {"type": "Feature", "geometry": {"type": "Point", "coordinates": [141.6980556, 43.9136111]}, "properties": {"name": "大和田（おおわだ）", "river_system": "留萌川", "river": "留萌川"}}, {"type": "Feature", "geometry": {"type": "Point", "coordinates": [141.6658333, 43.9366667]}, "properties": {"name": "留萌河口（るもいかこう）", "river_system": "留萌川", "river": "留萌川"}}, {"type": "Feature", "geometry": {"type": "Point", "coordinates": [128.1769444, 26.7194444]}, "properties": {"name": "比地（廃止）（ひじ）", "river_system": "比地川", "river": "比地川"}}, {"type": "Feature", "geometry": {"type": "Point", "coordinates": [128.1808333, 26.7258333]}, "properties": {"name": "奥間（廃止）（おくま）", "river_system": "比地川", "river": "奥間川"}}, {"type": "Feature", "geometry": {"type": "Point", "coordinates": [142.1333333, 43.7180556]}, "properties": {"name": "納内（おさむない）", "river_system": "石狩川", "river": "石狩川"}}, {"type": "Feature", "geometry": {"type": "Point", "coordinates": [142.0458333, 43.7155556]}, "properties": {"name": "深川橋（ふかがわばし）", "river_system": "石狩川", "river": "石狩川"}}, {"type": "Feature", "geometry": {"type": "Point", "coordinates": [141.9816667, 43.6772222]}, "properties": {"name": "妹背牛橋（もせうしばし）", "river_system": "石狩川", "river": "石狩川"}}, {"type": "Feature", "geometry": {"type": "Point", "coordinates": [141.9180556, 43.6358333]}, "properties": {"name": "伏古（ふしこ）", "river_system": "石狩川", "river": "石狩川"}}, {"type": "Feature", "geometry": {"type": "Point", "coordinates": [141.8836111, 43.5591667]}, "properties": {"name": "橋本町（はしもとちょう）", "river_system": "石狩川", "river": "石狩川"}}, {"type": "Feature", "geometry": {"type": "Point", "coordinates": [141.9030556, 43.5025]}, "properties": {"name": "砂川橋（すながわばし）", "river_system": "石狩川", "river": "石狩川"}}, {"type": "Feature", "geometry": {"type": "Point", "coordinates": [141.8394444, 43.4325]}, "properties": {"name": "奈井江大橋（ないえおおはし）", "river_system": "石狩川", "river": "石狩川"}}, {"type": "Feature", "geometry": {"type": "Point", "coordinates": [141.6905556, 43.3322222]}, "properties": {"name": "月形（つきがた）", "river_system": "石狩川", "river": "石狩川"}}, {"type": "Feature", "geometry": {"type": "Point", "coordinates": [141.6658333, 43.2208333]}, "properties": {"name": "岩見沢大橋（いわみざわおおはし）", "river_system": "石狩川", "river": "石狩川"}}, {"type": "Feature", "geometry": {"type": "Point", "coordinates": [141.5422222, 43.1222222]}, "properties": {"name": "石狩大橋（いしかりおおはし）", "river_system": "石狩川", "river": "石狩川"}}, {"type": "Feature", "geometry": {"type": "Point", "coordinates": [141.42, 43.1672222]}, "properties": {"name": "篠路（しのろ）", "river_system": "石狩川", "river": "石狩川"}}, {"type": "Feature", "geometry": {"type": "Point", "coordinates": [141.3458333, 43.2372222]}, "properties": {"name": "石狩（いしかり）", "river_system": "石狩川", "river": "石狩川"}}, {"type": "Feature", "geometry": {"type": "Point", "coordinates": [141.3566667, 43.2475]}, "properties": {"name": "石狩河口（いしかりかこう）", "river_system": "石狩川", "river": "石狩川"}}, {"type": "Feature", "geometry": {"type": "Point", "coordinates": [141.3691667, 43.255]}, "properties": {"name": "来札（らいさつ）", "river_system": "石狩川", "river": "石狩川"}}, {"type": "Feature", "geometry": {"type": "Point", "coordinates": [142.1511111, 44.0130556]}, "properties": {"name": "幌加内（ほろかない）", "river_system": "石狩川", "river": "雨竜川"}}, {"type": "Feature", "geometry": {"type": "Point", "coordinates": [142.0130556, 43.8066667]}, "properties": {"name": "多度志（たどし）", "river_system": "石狩川", "river": "雨竜川"}}, {"type": "Feature", "geometry": {"type": "Point", "coordinates": [141.9275, 43.7894444]}, "properties": {"name": "達布橋（たっぷばし）", "river_system": "石狩川", "river": "雨竜川"}}, {"type": "Feature", "geometry": {"type": "Point", "coordinates": [141.9138889, 43.7297222]}, "properties": {"name": "北竜橋（ほくりゅうばし）", "river_system": "石狩川", "river": "雨竜川"}}, {"type": "Feature", "geometry": {"type": "Point", "coordinates": [141.9133333, 43.6844444]}, "properties": {"name": "雨竜橋（うりゅうばし）", "river_system": "石狩川", "river": "雨竜川"}}, {"type": "Feature", "geometry": {"type": "Point", "coordinates": [142.5863889, 43.1655556]}, "properties": {"name": "幾寅（いくとら）", "river_system": "石狩川", "river": "空知川"}}, {"type": "Feature", "geometry": {"type": "Point", "coordinates": [142.3594444, 43.3655556]}, "properties": {"name": "学田（がくでん）", "river_system": "石狩川", "river": "空知川"}}, {"type": "Feature", "geometry": {"type": "Point", "coordinates": [142.0438889, 43.5602778]}, "properties": {"name": "赤平（あかびら）", "river_system": "石狩川", "river": "空知川"}}, {"type": "Feature", "geometry": {"type": "Point", "coordinates": [141.9111111, 43.5483333]}, "properties": {"name": "空知大橋（そらちおおはし）", "river_system": "石狩川", "river": "空知川"}}, {"type": "Feature", "geometry": {"type": "Point", "coordinates": [141.8633333, 43.4252778]}, "properties": {"name": "中奈井江（なかないえ）", "river_system": "石狩川", "river": "奈井江川"}}, {"type": "Feature", "geometry": {"type": "Point", "coordinates": [141.8202778, 43.3416667]}, "properties": {"name": "美唄（びばい）", "river_system": "石狩川", "river": "美唄川"}}, {"type": "Feature", "geometry": {"type": "Point", "coordinates": [141.7144444, 43.2883333]}, "properties": {"name": "大豊橋（たいほうばし）", "river_system": "石狩川", "river": "旧美唄川"}}, {"type": "Feature", "geometry": {"type": "Point", "coordinates": [141.6761111, 43.2505556]}, "properties": {"name": "第1旧美唄橋（だいいちきゅうびばいばし）", "river_system": "石狩川", "river": "旧美唄川"}}, {"type": "Feature", "geometry": {"type": "Point", "coordinates": [142.0561111, 43.2147222]}, "properties": {"name": "奥桂（おくかつら）", "river_system": "石狩川", "river": "幾春別川"}}, {"type": "Feature", "geometry": {"type": "Point", "coordinates": [141.9169444, 43.2555556]}, "properties": {"name": "藤松（とうまつ）", "river_system": "石狩川", "river": "幾春別川"}}, {"type": "Feature", "geometry": {"type": "Point", "coordinates": [141.8655556, 43.24]}, "properties": {"name": "市来知（いちきしり）", "river_system": "石狩川", "river": "幾春別川"}}, {"type": "Feature", "geometry": {"type": "Point", "coordinates": [141.7261111, 43.2072222]}, "properties": {"name": "西川向（にしかわむかい）", "river_system": "石狩川", "river": "幾春別川"}}, {"type": "Feature", "geometry": {"type": "Point", "coordinates": [141.8747222, 42.9463889]}, "properties": {"name": "円山（まるやま）", "river_system": "石狩川", "river": "夕張川"}}, {"type": "Feature", "geometry": {"type": "Point", "coordinates": [141.7775, 43.0269444]}, "properties": {"name": "由仁（ゆに）", "river_system": "石狩川", "river": "夕張川"}}, {"type": "Feature", "geometry": {"type": "Point", "coordinates": [141.6877778, 43.0891667]}, "properties": {"name": "清幌橋（きよほろばし）", "river_system": "石狩川", "river": "夕張川"}}, {"type": "Feature", "geometry": {"type": "Point", "coordinates": [141.3997222, 42.7752778]}, "properties": {"name": "支笏湖（しこつこ）", "river_system": "石狩川", "river": "千歳川"}}, {"type": "Feature", "geometry": {"type": "Point", "coordinates": [141.5694444, 42.8080556]}, "properties": {"name": "ふ化場（ふかじょう）", "river_system": "石狩川", "river": "千歳川"}}, {"type": "Feature", "geometry": {"type": "Point", "coordinates": [141.6702778, 42.8458333]}, "properties": {"name": "西越（にしこし）", "river_system": "石狩川", "river": "千歳川"}}, {"type": "Feature", "geometry": {"type": "Point", "coordinates": [141.6513889, 42.9425]}, "properties": {"name": "舞鶴（まいづる）", "river_system": "石狩川", "river": "千歳川"}}, {"type": "Feature", "geometry": {"type": "Point", "coordinates": [141.6225, 42.9833333]}, "properties": {"name": "南6号樋門（みなみろくごうひもん）", "river_system": "石狩川", "river": "千歳川"}}, {"type": "Feature", "geometry": {"type": "Point", "coordinates": [141.5775, 43.02]}, "properties": {"name": "裏の沢（うらのさわ）", "river_system": "石狩川", "river": "千歳川"}}, {"type": "Feature", "geometry": {"type": "Point", "coordinates": [141.5691667, 43.105]}, "properties": {"name": "東光（とうこう）", "river_system": "石狩川", "river": "千歳川"}}, {"type": "Feature", "geometry": {"type": "Point", "coordinates": [141.1527778, 42.8727778]}, "properties": {"name": "本流上流（ほんりゅうじょうりゅう）", "river_system": "石狩川", "river": "豊平川"}}, {"type": "Feature", "geometry": {"type": "Point", "coordinates": [141.1591667, 42.9644444]}, "properties": {"name": "定山渓市街（じょうざんけいしがい）", "river_system": "石狩川", "river": "豊平川"}}, {"type": "Feature", "geometry": {"type": "Point", "coordinates": [141.1730556, 42.9736111]}, "properties": {"name": "一の沢（いちのさわ）", "river_system": "石狩川", "river": "白井川"}}, {"type": "Feature", "geometry": {"type": "Point", "coordinates": [141.2841667, 42.9663889]}, "properties": {"name": "白川（しらかわ）", "river_system": "石狩川", "river": "豊平川"}}, {"type": "Feature", "geometry": {"type": "Point", "coordinates": [141.3216667, 42.9663889]}, "properties": {"name": "石山（いしやま）", "river_system": "石狩川", "river": "豊平川"}}, {"type": "Feature", "geometry": {"type": "Point", "coordinates": [141.3541667, 43.03]}, "properties": {"name": "藻岩（もいわ）", "river_system": "石狩川", "river": "豊平川"}}, {"type": "Feature", "geometry": {"type": "Point", "coordinates": [141.4011111, 43.0708333]}, "properties": {"name": "雁来（かりき）", "river_system": "石狩川", "river": "豊平川"}}, {"type": "Feature", "geometry": {"type": "Point", "coordinates": [141.4911111, 43.1830556]}, "properties": {"name": "当別川下（とうべつかわしも）", "river_system": "石狩川", "river": "当別川"}}, {"type": "Feature", "geometry": {"type": "Point", "coordinates": [141.3483333, 43.1666667]}, "properties": {"name": "茨戸（ばらと）", "river_system": "石狩川", "river": "茨戸川"}}, {"type": "Feature", "geometry": {"type": "Point", "coordinates": [141.9261111, 43.7094444]}, "properties": {"name": "大鳳橋（おおほうばし）", "river_system": "石狩川", "river": "大鳳川"}}, {"type": "Feature", "geometry": {"type": "Point", "coordinates": [141.7975, 43.3658333]}, "properties": {"name": "産化美唄（さんかびばい）", "river_system": "石狩川", "river": "産化美唄川"}}, {"type": "Feature", "geometry": {"type": "Point", "coordinates": [141.9711111, 43.2775]}, "properties": {"name": "新奔別（しんぽんべつ）", "river_system": "石狩川", "river": "奔別川"}}, {"type": "Feature", "geometry": {"type": "Point", "coordinates": [141.6463889, 43.1336111]}, "properties": {"name": "豊幌（とよほろ）", "river_system": "石狩川", "river": "幌向川"}}, {"type": "Feature", "geometry": {"type": "Point", "coordinates": [141.7230556, 42.9102778]}, "properties": {"name": "嶮淵（けぬふち）", "river_system": "石狩川", "river": "嶮淵川"}}, {"type": "Feature", "geometry": {"type": "Point", "coordinates": [141.4033333, 42.8572222]}, "properties": {"name": "光竜（こうりゅう）", "river_system": "石狩川", "river": "漁川"}}, {"type": "Feature", "geometry": {"type": "Point", "coordinates": [141.5702778, 42.8786111]}, "properties": {"name": "日の出橋（ひのでばし）", "river_system": "石狩川", "river": "漁川"}}, {"type": "Feature", "geometry": {"type": "Point", "coordinates": [141.5644444, 42.9883333]}, "properties": {"name": "輪厚（わっつ）", "river_system": "石狩川", "river": "輪厚川"}}, {"type": "Feature", "geometry": {"type": "Point", "coordinates": [141.16, 42.8655556]}, "properties": {"name": "漁入沢（いざりいりさわ）", "river_system": "石狩川", "river": "漁入沢川"}}, {"type": "Feature", "geometry": {"type": "Point", "coordinates": [141.1197222, 42.9313889]}, "properties": {"name": "白水橋（しらみずばし）", "river_system": "石狩川", "river": "白水川"}}, {"type": "Feature", "geometry": {"type": "Point", "coordinates": [141.1258333, 42.9394444]}, "properties": {"name": "薄別（うすべつ）", "river_system": "石狩川", "river": "小川"}}, {"type": "Feature", "geometry": {"type": "Point", "coordinates": [141.1286111, 43.0330556]}, "properties": {"name": "小樽内（おたるない）", "river_system": "石狩川", "river": "小樽内川"}}, {"type": "Feature", "geometry": {"type": "Point", "coordinates": [141.2861111, 42.9497222]}, "properties": {"name": "野々沢（ののさわ）", "river_system": "石狩川", "river": "野々沢川"}}, {"type": "Feature", "geometry": {"type": "Point", "coordinates": [141.2872222, 42.9602778]}, "properties": {"name": "下野々沢（しもののさわＦ）", "river_system": "石狩川", "river": "野々沢川"}}, {"type": "Feature", "geometry": {"type": "Point", "coordinates": [141.3086111, 42.9430556]}, "properties": {"name": "オカバルシ（おかばるし）", "river_system": "石狩川", "river": "オカバルシ川"}}, {"type": "Feature", "geometry": {"type": "Point", "coordinates": [141.3125, 42.9611111]}, "properties": {"name": "下オカバルシ（しもおかばるし）", "river_system": "石狩川", "river": "オカバルシ川"}}, {"type": "Feature", "geometry": {"type": "Point", "coordinates": [141.3297222, 42.9347222]}, "properties": {"name": "穴の川（あなのかわ）", "river_system": "石狩川", "river": "穴の川"}}, {"type": "Feature", "geometry": {"type": "Point", "coordinates": [141.3225, 42.9580556]}, "properties": {"name": "下穴の川（しもあなのかわＦ）", "river_system": "石狩川", "river": "穴の川"}}, {"type": "Feature", "geometry": {"type": "Point", "coordinates": [141.3061111, 42.9861111]}, "properties": {"name": "南の沢（みなみのさわ）", "river_system": "石狩川", "river": "南の沢川"}}, {"type": "Feature", "geometry": {"type": "Point", "coordinates": [141.3330556, 42.9819444]}, "properties": {"name": "下南の沢（しもみなみのさわ）", "river_system": "石狩川", "river": "南の沢川"}}, {"type": "Feature", "geometry": {"type": "Point", "coordinates": [141.4316667, 43.0575]}, "properties": {"name": "月寒（つきさむ）", "river_system": "石狩川", "river": "月寒川"}}, {"type": "Feature", "geometry": {"type": "Point", "coordinates": [141.4263889, 43.075]}, "properties": {"name": "望月寒（もつきさむ）", "river_system": "石狩川", "river": "望月寒川"}}, {"type": "Feature", "geometry": {"type": "Point", "coordinates": [141.4269444, 43.1175]}, "properties": {"name": "モエレ（もえれ）", "river_system": "石狩川", "river": "篠路新川"}}, {"type": "Feature", "geometry": {"type": "Point", "coordinates": [141.4783333, 43.1122222]}, "properties": {"name": "厚別（あつべつ）", "river_system": "石狩川", "river": "厚別川"}}, {"type": "Feature", "geometry": {"type": "Point", "coordinates": [141.3705556, 43.1527778]}, "properties": {"name": "伏籠下流（ふしこかりゅう）", "river_system": "石狩川", "river": "伏籠川"}}, {"type": "Feature", "geometry": {"type": "Point", "coordinates": [141.3608333, 43.1583333]}, "properties": {"name": "福移橋（ふくいばし）", "river_system": "石狩川", "river": "伏籠川"}}, {"type": "Feature", "geometry": {"type": "Point", "coordinates": [141.4108333, 42.8641667]}, "properties": {"name": "白扇（はくせん）", "river_system": "石狩川", "river": "ラルマナイ川"}}, {"type": "Feature", "geometry": {"type": "Point", "coordinates": [141.1538889, 43.0127778]}, "properties": {"name": "滝の沢（たきのさわ）", "river_system": "石狩川", "river": "滝の沢川"}}, {"type": "Feature", "geometry": {"type": "Point", "coordinates": [141.1377778, 42.9769444]}, "properties": {"name": "白井（しらい）", "river_system": "石狩川", "river": "白井川"}}, {"type": "Feature", "geometry": {"type": "Point", "coordinates": [141.3444444, 43.1252778]}, "properties": {"name": "創成上流（そうせいじょうりゅう）", "river_system": "石狩川", "river": "創成川"}}, {"type": "Feature", "geometry": {"type": "Point", "coordinates": [141.3516667, 43.1563889]}, "properties": {"name": "創成（そうせい）", "river_system": "石狩川", "river": "創成川"}}, {"type": "Feature", "geometry": {"type": "Point", "coordinates": [141.3177778, 43.1477778]}, "properties": {"name": "発寒上流（はっさむじょうりゅう）", "river_system": "石狩川", "river": "発寒川"}}, {"type": "Feature", "geometry": {"type": "Point", "coordinates": [141.3480556, 43.1591667]}, "properties": {"name": "発寒（はっさむ）", "river_system": "石狩川", "river": "発寒川"}}, {"type": "Feature", "geometry": {"type": "Point", "coordinates": [141.5688889, 42.9411111]}, "properties": {"name": "下島松（しもしままつ）", "river_system": "石狩川", "river": "島松川"}}, {"type": "Feature", "geometry": {"type": "Point", "coordinates": [141.3088889, 43.0088889]}, "properties": {"name": "下北の沢（しもきたのさわ）", "river_system": "石狩川", "river": "北の沢川"}}, {"type": "Feature", "geometry": {"type": "Point", "coordinates": [141.3411111, 42.9341667]}, "properties": {"name": "真駒内常磐（まこまないときわ）", "river_system": "石狩川", "river": "真駒内川"}}, {"type": "Feature", "geometry": {"type": "Point", "coordinates": [141.3113889, 43.0005556]}, "properties": {"name": "中の沢（なかのさわ）", "river_system": "石狩川", "river": "中の沢川"}}, {"type": "Feature", "geometry": {"type": "Point", "coordinates": [141.2627778, 42.9569444]}, "properties": {"name": "簾舞（みすまい）", "river_system": "石狩川", "river": "簾舞川"}}, {"type": "Feature", "geometry": {"type": "Point", "coordinates": [141.2241667, 42.9375]}, "properties": {"name": "盤の沢川（ばんのさわかわ）", "river_system": "石狩川", "river": "盤の沢川"}}, {"type": "Feature", "geometry": {"type": "Point", "coordinates": [143.0102778, 43.6330556]}, "properties": {"name": "石狩平（いしかりだいら）", "river_system": "石狩川", "river": "石狩川"}}, {"type": "Feature", "geometry": {"type": "Point", "coordinates": [142.9547222, 43.7266667]}, "properties": {"name": "層雲峡（そううんきょう）", "river_system": "石狩川", "river": "石狩川"}}, {"type": "Feature", "geometry": {"type": "Point", "coordinates": [142.7644444, 43.8416667]}, "properties": {"name": "上川（かみかわ）", "river_system": "石狩川", "river": "石狩川"}}, {"type": "Feature", "geometry": {"type": "Point", "coordinates": [142.6552778, 43.8894444]}, "properties": {"name": "中愛別（なかあいべつ）", "river_system": "石狩川", "river": "石狩川"}}, {"type": "Feature", "geometry": {"type": "Point", "coordinates": [142.5208333, 43.8908333]}, "properties": {"name": "比布（ぴっぷ）", "river_system": "石狩川", "river": "石狩川"}}, {"type": "Feature", "geometry": {"type": "Point", "coordinates": [142.4188889, 43.8155556]}, "properties": {"name": "永山（ながやま）", "river_system": "石狩川", "river": "石狩川"}}, {"type": "Feature", "geometry": {"type": "Point", "coordinates": [142.3583333, 43.7780556]}, "properties": {"name": "旭橋（永山橋下流）（あさひばしながやまばしかりゅう）", "river_system": "石狩川", "river": "石狩川"}}, {"type": "Feature", "geometry": {"type": "Point", "coordinates": [142.2755556, 43.7641667]}, "properties": {"name": "伊納（いのう）", "river_system": "石狩川", "river": "石狩川"}}, {"type": "Feature", "geometry": {"type": "Point", "coordinates": [143.0658333, 43.6455556]}, "properties": {"name": "ルベシナイ（るべしない）", "river_system": "石狩川", "river": "ルベシナイ川"}}, {"type": "Feature", "geometry": {"type": "Point", "coordinates": [142.8427778, 43.8627778]}, "properties": {"name": "ルベシベ（るべしべ）", "river_system": "石狩川", "river": "留辺志部川"}}, {"type": "Feature", "geometry": {"type": "Point", "coordinates": [142.4761719, 43.8018472]}, "properties": {"name": "桜岡（廃止）（さくらおか）", "river_system": "石狩川", "river": "牛朱別川"}}, {"type": "Feature", "geometry": {"type": "Point", "coordinates": [142.4425, 43.7880556]}, "properties": {"name": "旭永橋（きょくえいばし）", "river_system": "石狩川", "river": "牛朱別川"}}, {"type": "Feature", "geometry": {"type": "Point", "coordinates": [142.3725, 43.7747222]}, "properties": {"name": "中央橋（ちゅうおうばし）", "river_system": "石狩川", "river": "牛朱別川"}}, {"type": "Feature", "geometry": {"type": "Point", "coordinates": [142.5863889, 43.6491667]}, "properties": {"name": "江卸（えおろし）", "river_system": "石狩川", "river": "忠別川"}}, {"type": "Feature", "geometry": {"type": "Point", "coordinates": [142.5008333, 43.6927778]}, "properties": {"name": "暁橋（あかつきばし）", "river_system": "石狩川", "river": "忠別川"}}, {"type": "Feature", "geometry": {"type": "Point", "coordinates": [142.4694664, 43.7031489]}, "properties": {"name": "暁橋(旧)（廃止）（あかつきばし（きゅう））", "river_system": "石狩川", "river": "忠別川"}}, {"type": "Feature", "geometry": {"type": "Point", "coordinates": [142.3763889, 43.7480556]}, "properties": {"name": "大正橋（たいしょうばし）", "river_system": "石狩川", "river": "忠別川"}}, {"type": "Feature", "geometry": {"type": "Point", "coordinates": [142.4561111, 43.5858333]}, "properties": {"name": "西一区（にしいっく）", "river_system": "石狩川", "river": "美瑛川"}}, {"type": "Feature", "geometry": {"type": "Point", "coordinates": [142.3961111, 43.6430556]}, "properties": {"name": "辺別太（べべつぶと）", "river_system": "石狩川", "river": "美瑛川"}}, {"type": "Feature", "geometry": {"type": "Point", "coordinates": [142.3777778, 43.68]}, "properties": {"name": "西神楽（にしかぐら）", "river_system": "石狩川", "river": "美瑛川"}}, {"type": "Feature", "geometry": {"type": "Point", "coordinates": [142.4033333, 43.665]}, "properties": {"name": "18号（18ごう）", "river_system": "石狩川", "river": "辺別川"}}, {"type": "Feature", "geometry": {"type": "Point", "coordinates": [142.3291667, 43.8244444]}, "properties": {"name": "鷹栖橋（たかすばし）", "river_system": "石狩川", "river": "オサラッペ川"}}, {"type": "Feature", "geometry": {"type": "Point", "coordinates": [142.3952778, 43.2966667]}, "properties": {"name": "布部（ぬのべ）", "river_system": "石狩川", "river": "空知川"}}, {"type": "Feature", "geometry": {"type": "Point", "coordinates": [142.4661111, 43.8086111]}, "properties": {"name": "北永（ほくえい）", "river_system": "石狩川", "river": "永山新川"}}, {"type": "Feature", "geometry": {"type": "Point", "coordinates": [142.7538889, 43.6202778]}, "properties": {"name": "忠別川上流（ちゅうべつがわじょうりゅう）", "river_system": "石狩川", "river": "忠別川"}}, {"type": "Feature", "geometry": {"type": "Point", "coordinates": [142.6891667, 43.6313889]}, "properties": {"name": "ピウケナイ（ぴうけない）", "river_system": "石狩川", "river": "忠別川"}}, {"type": "Feature", "geometry": {"type": "Point", "coordinates": [142.4869444, 43.8047222]}, "properties": {"name": "鹿島橋（かしまばし）", "river_system": "石狩川", "river": "牛朱別川"}}, {"type": "Feature", "geometry": {"type": "Point", "coordinates": [128.1638889, 26.7144444]}, "properties": {"name": "田嘉里（廃止）（たかざと）", "river_system": "田嘉里川", "river": "田嘉里川"}}, {"type": "Feature", "geometry": {"type": "Point", "coordinates": [140.9341667, 42.7891667]}, "properties": {"name": "喜茂別下流（廃止）（きもべつかりゅう）", "river_system": "尻別川", "river": "尻別川"}}, {"type": "Feature", "geometry": {"type": "Point", "coordinates": [140.7527778, 42.8858333]}, "properties": {"name": "倶知安（廃止）（くっちゃん）", "river_system": "尻別川", "river": "尻別川"}}, {"type": "Feature", "geometry": {"type": "Point", "coordinates": [140.5994444, 42.8011111]}, "properties": {"name": "昆布（こんぶ）", "river_system": "尻別川", "river": "尻別川"}}, {"type": "Feature", "geometry": {"type": "Point", "coordinates": [140.5288889, 42.8152778]}, "properties": {"name": "蘭越（らんこし）", "river_system": "尻別川", "river": "尻別川"}}, {"type": "Feature", "geometry": {"type": "Point", "coordinates": [140.4609528, 42.8107722]}, "properties": {"name": "名駒（なこま）", "river_system": "尻別川", "river": "尻別川"}}, {"type": "Feature", "geometry": {"type": "Point", "coordinates": [140.3647222, 42.8766667]}, "properties": {"name": "河口（かこう）", "river_system": "尻別川", "river": "尻別川"}}, {"type": "Feature", "geometry": {"type": "Point", "coordinates": [128.1413889, 26.6702778]}, "properties": {"name": "大保(廃止）（たいほ）", "river_system": "大保川", "river": "大保川"}}, {"type": "Feature", "geometry": {"type": "Point", "coordinates": [128.1283333, 26.6583333]}, "properties": {"name": "大保大橋（たいほおおはし）", "river_system": "大保川", "river": "大保川"}}, {"type": "Feature", "geometry": {"type": "Point", "coordinates": [128.1383333, 26.6561111]}, "properties": {"name": "大工又橋（だいくまたはし）", "river_system": "大保川", "river": "大保川"}}, {"type": "Feature", "geometry": {"type": "Point", "coordinates": [140.1911111, 42.5069444]}, "properties": {"name": "上利別（かみとしべつ）", "river_system": "後志利別川", "river": "後志利別川"}}, {"type": "Feature", "geometry": {"type": "Point", "coordinates": [140.1536111, 42.4283333]}, "properties": {"name": "花石（はないし）", "river_system": "後志利別川", "river": "後志利別川"}}, {"type": "Feature", "geometry": {"type": "Point", "coordinates": [140.105, 42.4111111]}, "properties": {"name": "住吉（すみよし）", "river_system": "後志利別川", "river": "後志利別川"}}, {"type": "Feature", "geometry": {"type": "Point", "coordinates": [140.0094444, 42.4208333]}, "properties": {"name": "今金（いまかね）", "river_system": "後志利別川", "river": "後志利別川"}}, {"type": "Feature", "geometry": {"type": "Point", "coordinates": [139.9208333, 42.4172222]}, "properties": {"name": "大富（おおとみ）", "river_system": "後志利別川", "river": "後志利別川"}}, {"type": "Feature", "geometry": {"type": "Point", "coordinates": [139.8483333, 42.4252778]}, "properties": {"name": "河口（かこう）", "river_system": "後志利別川", "river": "後志利別川"}}, {"type": "Feature", "geometry": {"type": "Point", "coordinates": [140.2305556, 42.4991667]}, "properties": {"name": "美利河別（ぴりかべつ）", "river_system": "後志利別川", "river": "ピリカベツ川"}}, {"type": "Feature", "geometry": {"type": "Point", "coordinates": [140.1602778, 42.4933333]}, "properties": {"name": "忠志別（ちゅうしべつ）", "river_system": "後志利別川", "river": "チュウシベツ川"}}, {"type": "Feature", "geometry": {"type": "Point", "coordinates": [142.2552778, 42.8902778]}, "properties": {"name": "福山（ふくやま）", "river_system": "鵡川", "river": "鵡川"}}, {"type": "Feature", "geometry": {"type": "Point", "coordinates": [142.1363889, 42.7591667]}, "properties": {"name": "穂別（ほべつ）", "river_system": "鵡川", "river": "鵡川"}}, {"type": "Feature", "geometry": {"type": "Point", "coordinates": [142.0713889, 42.6577778]}, "properties": {"name": "栄（さかえ）", "river_system": "鵡川", "river": "鵡川"}}, {"type": "Feature", "geometry": {"type": "Point", "coordinates": [141.9361111, 42.5736111]}, "properties": {"name": "鵡川（むかわ）", "river_system": "鵡川", "river": "鵡川"}}, {"type": "Feature", "geometry": {"type": "Point", "coordinates": [142.1722222, 42.8508333]}, "properties": {"name": "稲里（いなさと）", "river_system": "鵡川", "river": "穂別川"}}, {"type": "Feature", "geometry": {"type": "Point", "coordinates": [128.0191667, 26.6158333]}, "properties": {"name": "稲搗橋（いなつきばし）", "river_system": "羽地大川", "river": "羽地大川"}}, {"type": "Feature", "geometry": {"type": "Point", "coordinates": [142.2452778, 42.7108333]}, "properties": {"name": "幌毛志橋（ほろけしばし）", "river_system": "沙流川", "river": "沙流川"}}, {"type": "Feature", "geometry": {"type": "Point", "coordinates": [142.1413889, 42.5825]}, "properties": {"name": "平取（びらとり）", "river_system": "沙流川", "river": "沙流川"}}, {"type": "Feature", "geometry": {"type": "Point", "coordinates": [142.0311111, 42.5166667]}, "properties": {"name": "富川（とみかわ）", "river_system": "沙流川", "river": "沙流川"}}, {"type": "Feature", "geometry": {"type": "Point", "coordinates": [142.3858333, 42.6805556]}, "properties": {"name": "平取ダムサイト（びらとりだむさいと）", "river_system": "沙流川", "river": "額平川"}}, {"type": "Feature", "geometry": {"type": "Point", "coordinates": [142.245, 42.6672222]}, "properties": {"name": "貫気別（ぬきべつ）", "river_system": "沙流川", "river": "額平川"}}, {"type": "Feature", "geometry": {"type": "Point", "coordinates": [142.9433333, 43.3227778]}, "properties": {"name": "ニペソツ（にぺそつ）", "river_system": "十勝川", "river": "十勝川"}}, {"type": "Feature", "geometry": {"type": "Point", "coordinates": [142.9258333, 43.0675]}, "properties": {"name": "共栄橋（きょうえいばし）", "river_system": "十勝川", "river": "十勝川"}}, {"type": "Feature", "geometry": {"type": "Point", "coordinates": [142.9380556, 43.0130556]}, "properties": {"name": "熊牛（くまうし）", "river_system": "十勝川", "river": "十勝川"}}, {"type": "Feature", "geometry": {"type": "Point", "coordinates": [143.0469444, 42.9308333]}, "properties": {"name": "芽室太（めむろぶと）", "river_system": "十勝川", "river": "十勝川"}}, {"type": "Feature", "geometry": {"type": "Point", "coordinates": [143.2033333, 42.9344444]}, "properties": {"name": "帯広（おびひろ）", "river_system": "十勝川", "river": "十勝川"}}, {"type": "Feature", "geometry": {"type": "Point", "coordinates": [143.2908333, 42.9272222]}, "properties": {"name": "十勝中央大橋（とかちちゅうおうおおはし）", "river_system": "十勝川", "river": "十勝川"}}, {"type": "Feature", "geometry": {"type": "Point", "coordinates": [143.3838889, 42.9197222]}, "properties": {"name": "千代田（ちよだ）", "river_system": "十勝川", "river": "十勝川"}}, {"type": "Feature", "geometry": {"type": "Point", "coordinates": [143.5116667, 42.8077778]}, "properties": {"name": "茂岩（もいわ）", "river_system": "十勝川", "river": "十勝川"}}, {"type": "Feature", "geometry": {"type": "Point", "coordinates": [143.6477778, 42.6897222]}, "properties": {"name": "大津（おおつ）", "river_system": "十勝川", "river": "十勝川"}}, {"type": "Feature", "geometry": {"type": "Point", "coordinates": [142.8663889, 43.4177778]}, "properties": {"name": "シイ十勝（しいとかち）", "river_system": "十勝川", "river": "十勝川"}}, {"type": "Feature", "geometry": {"type": "Point", "coordinates": [142.8780556, 43.4122222]}, "properties": {"name": "トムラウシ（とむらうし）", "river_system": "十勝川", "river": "トムラウシ川"}}, {"type": "Feature", "geometry": {"type": "Point", "coordinates": [143.0316667, 42.92]}, "properties": {"name": "芽室橋（廃止）（めむろばし）", "river_system": "十勝川", "river": "芽室川"}}, {"type": "Feature", "geometry": {"type": "Point", "coordinates": [142.9569444, 42.8019444]}, "properties": {"name": "上美生橋（廃止）（かみびせいばし）", "river_system": "十勝川", "river": "美生川"}}, {"type": "Feature", "geometry": {"type": "Point", "coordinates": [143.0661111, 42.9227778]}, "properties": {"name": "美生橋（びせいばし）", "river_system": "十勝川", "river": "美生川"}}, {"type": "Feature", "geometry": {"type": "Point", "coordinates": [143.0858333, 43.0547222]}, "properties": {"name": "上然別橋（廃止）（かみしかりべつばし）", "river_system": "十勝川", "river": "然別川"}}, {"type": "Feature", "geometry": {"type": "Point", "coordinates": [143.1466667, 42.9513889]}, "properties": {"name": "国見橋（くにみばし）", "river_system": "十勝川", "river": "然別川"}}, {"type": "Feature", "geometry": {"type": "Point", "coordinates": [143.225, 43.1858333]}, "properties": {"name": "士幌（しほろ）", "river_system": "十勝川", "river": "音更川"}}, {"type": "Feature", "geometry": {"type": "Point", "coordinates": [143.2, 43.0075]}, "properties": {"name": "音更（おとふけ）", "river_system": "十勝川", "river": "音更川"}}, {"type": "Feature", "geometry": {"type": "Point", "coordinates": [143.2094444, 42.9333333]}, "properties": {"name": "東3条（ひがしさんじょう）", "river_system": "十勝川", "river": "帯広川"}}, {"type": "Feature", "geometry": {"type": "Point", "coordinates": [142.8697222, 42.6113889]}, "properties": {"name": "竜潭上流（りゅうたんじょうりゅう）", "river_system": "十勝川", "river": "札内川"}}, {"type": "Feature", "geometry": {"type": "Point", "coordinates": [142.9347222, 42.58]}, "properties": {"name": "札内ダム直下（さつないだむちょっか）", "river_system": "十勝川", "river": "札内川"}}, {"type": "Feature", "geometry": {"type": "Point", "coordinates": [142.9869444, 42.6033333]}, "properties": {"name": "南札内（みなみさつない）", "river_system": "十勝川", "river": "札内川"}}, {"type": "Feature", "geometry": {"type": "Point", "coordinates": [143.0916667, 42.6422222]}, "properties": {"name": "上札内（かみさつない）", "river_system": "十勝川", "river": "札内川"}}, {"type": "Feature", "geometry": {"type": "Point", "coordinates": [143.1566667, 42.7977778]}, "properties": {"name": "第二大川橋（だいにおおかわばし）", "river_system": "十勝川", "river": "札内川"}}, {"type": "Feature", "geometry": {"type": "Point", "coordinates": [143.1880556, 42.8397222]}, "properties": {"name": "南帯橋（なんたいばし）", "river_system": "十勝川", "river": "札内川"}}, {"type": "Feature", "geometry": {"type": "Point", "coordinates": [143.2288889, 42.9258333]}, "properties": {"name": "札内（さつない）", "river_system": "十勝川", "river": "札内川"}}, {"type": "Feature", "geometry": {"type": "Point", "coordinates": [143.0583333, 42.6994444]}, "properties": {"name": "戸蔦橋（とったばし）", "river_system": "十勝川", "river": "戸蔦別川"}}, {"type": "Feature", "geometry": {"type": "Point", "coordinates": [143.1088889, 42.7325]}, "properties": {"name": "中島橋（なかじまばし）", "river_system": "十勝川", "river": "戸蔦別川"}}, {"type": "Feature", "geometry": {"type": "Point", "coordinates": [143.0633333, 42.6916667]}, "properties": {"name": "岩内（廃止）（いわない）", "river_system": "十勝川", "river": "岩内川"}}, {"type": "Feature", "geometry": {"type": "Point", "coordinates": [143.2697222, 42.9466667]}, "properties": {"name": "旭橋（あさひばし）", "river_system": "十勝川", "river": "士幌川"}}, {"type": "Feature", "geometry": {"type": "Point", "coordinates": [143.2819444, 42.9133333]}, "properties": {"name": "千住12号橋（せんじゅうじゅうにごうばし）", "river_system": "十勝川", "river": "途別川"}}, {"type": "Feature", "geometry": {"type": "Point", "coordinates": [143.3563889, 42.9102778]}, "properties": {"name": "止若（やむわっか）", "river_system": "十勝川", "river": "猿別川"}}, {"type": "Feature", "geometry": {"type": "Point", "coordinates": [143.6069444, 43.3586111]}, "properties": {"name": "上利別（廃止）（かみとしべつ）", "river_system": "十勝川", "river": "利別川"}}, {"type": "Feature", "geometry": {"type": "Point", "coordinates": [143.5163889, 43.0944444]}, "properties": {"name": "東橋（あずまばし）", "river_system": "十勝川", "river": "利別川"}}, {"type": "Feature", "geometry": {"type": "Point", "coordinates": [143.4433333, 42.9311111]}, "properties": {"name": "利別（としべつ）", "river_system": "十勝川", "river": "利別川"}}, {"type": "Feature", "geometry": {"type": "Point", "coordinates": [143.5677778, 43.2466667]}, "properties": {"name": "下足寄（廃止）（しもあしょろ）", "river_system": "十勝川", "river": "足寄川"}}, {"type": "Feature", "geometry": {"type": "Point", "coordinates": [143.4763889, 42.9197222]}, "properties": {"name": "東台1号橋（とうだいいちごうばし）", "river_system": "十勝川", "river": "十弗川"}}, {"type": "Feature", "geometry": {"type": "Point", "coordinates": [143.4716667, 42.7991667]}, "properties": {"name": "農野牛（のやうし）", "river_system": "十勝川", "river": "牛首別川"}}, {"type": "Feature", "geometry": {"type": "Point", "coordinates": [143.5972222, 42.7741667]}, "properties": {"name": "大平橋（たいへいばし）", "river_system": "十勝川", "river": "下頃辺川"}}, {"type": "Feature", "geometry": {"type": "Point", "coordinates": [143.6111111, 42.765]}, "properties": {"name": "愛牛橋（廃止）（あいうしばし）", "river_system": "十勝川", "river": "下頃辺川"}}, {"type": "Feature", "geometry": {"type": "Point", "coordinates": [143.6741667, 42.7341667]}, "properties": {"name": "十勝太（とかちぶと）", "river_system": "十勝川", "river": "浦幌十勝川"}}, {"type": "Feature", "geometry": {"type": "Point", "coordinates": [143.6002778, 42.7455556]}, "properties": {"name": "導　水　路（どうすいろ）", "river_system": "十勝川", "river": "浦幌十勝導水路"}}, {"type": "Feature", "geometry": {"type": "Point", "coordinates": [143.65, 42.7955556]}, "properties": {"name": "万年橋（まんねんばし）", "river_system": "十勝川", "river": "浦幌川"}}, {"type": "Feature", "geometry": {"type": "Point", "coordinates": [144.3575, 43.5548889]}, "properties": {"name": "屈斜路（くっしゃろ）", "river_system": "釧路川", "river": "釧路川"}}, {"type": "Feature", "geometry": {"type": "Point", "coordinates": [144.4506389, 43.4884167]}, "properties": {"name": "弟子屈（てしかが）", "river_system": "釧路川", "river": "釧路川"}}, {"type": "Feature", "geometry": {"type": "Point", "coordinates": [144.5305556, 43.4022222]}, "properties": {"name": "熊牛原野（くまうしげんや）", "river_system": "釧路川", "river": "釧路川"}}, {"type": "Feature", "geometry": {"type": "Point", "coordinates": [144.6013333, 43.2996944]}, "properties": {"name": "標茶（しべちゃ）", "river_system": "釧路川", "river": "釧路川"}}, {"type": "Feature", "geometry": {"type": "Point", "coordinates": [144.5377778, 43.2402778]}, "properties": {"name": "五十石（ごじゅっこく）", "river_system": "釧路川", "river": "釧路川"}}, {"type": "Feature", "geometry": {"type": "Point", "coordinates": [144.4268889, 43.0855278]}, "properties": {"name": "岩保木（いわぼっき）", "river_system": "釧路川", "river": "釧路川"}}, {"type": "Feature", "geometry": {"type": "Point", "coordinates": [144.3973611, 43.0559444]}, "properties": {"name": "広里（ひろさと）", "river_system": "釧路川", "river": "新釧路川"}}, {"type": "Feature", "geometry": {"type": "Point", "coordinates": [144.3668889, 43.0070556]}, "properties": {"name": "鳥取（とっとり）", "river_system": "釧路川", "river": "新釧路川"}}, {"type": "Feature", "geometry": {"type": "Point", "coordinates": [144.4627778, 43.4830556]}, "properties": {"name": "鐺別（とうべつ）", "river_system": "釧路川", "river": "鐺別川"}}, {"type": "Feature", "geometry": {"type": "Point", "coordinates": [144.5366944, 43.2893889]}, "properties": {"name": "下オソベツ（しもおそべつ）", "river_system": "釧路川", "river": "オソベツ川"}}, {"type": "Feature", "geometry": {"type": "Point", "coordinates": [144.4315278, 43.2203611]}, "properties": {"name": "下久著呂（しもくちょろ）", "river_system": "釧路川", "river": "久著呂川"}}, {"type": "Feature", "geometry": {"type": "Point", "coordinates": [144.3433333, 43.2167222]}, "properties": {"name": "雪裡（せつり）", "river_system": "釧路川", "river": "雪裡川"}}, {"type": "Feature", "geometry": {"type": "Point", "coordinates": [144.3254722, 43.1574167]}, "properties": {"name": "幌呂（ほろろ）", "river_system": "釧路川", "river": "幌呂川"}}, {"type": "Feature", "geometry": {"type": "Point", "coordinates": [144.3393333, 43.5588889]}, "properties": {"name": "屈斜路湖（くっしゃろこ）", "river_system": "釧路川", "river": "釧路川"}}, {"type": "Feature", "geometry": {"type": "Point", "coordinates": [144.4004722, 43.0608611]}, "properties": {"name": "横堤（よこてい）", "river_system": "釧路川", "river": "釧路川"}}, {"type": "Feature", "geometry": {"type": "Point", "coordinates": [144.4847222, 43.1710278]}, "properties": {"name": "シラルトロ上流（しらるとろじょうりゅう）", "river_system": "釧路川", "river": "釧路川"}}, {"type": "Feature", "geometry": {"type": "Point", "coordinates": [144.484, 43.1673056]}, "properties": {"name": "シラルトロ下流（しらるとろかりゅう）", "river_system": "釧路川", "river": "釧路川"}}, {"type": "Feature", "geometry": {"type": "Point", "coordinates": [144.4789167, 43.1638056]}, "properties": {"name": "二本松橋（にほんまつはし）", "river_system": "釧路川", "river": "釧路川"}}, {"type": "Feature", "geometry": {"type": "Point", "coordinates": [144.5054167, 43.1531111]}, "properties": {"name": "塘路上流（とうろじょうりゅう）", "river_system": "釧路川", "river": "釧路川"}}, {"type": "Feature", "geometry": {"type": "Point", "coordinates": [144.4875556, 43.1517778]}, "properties": {"name": "塘路下流（とうろかりゅう）", "river_system": "釧路川", "river": "釧路川"}}, {"type": "Feature", "geometry": {"type": "Point", "coordinates": [144.4748333, 43.1074444]}, "properties": {"name": "達古武上流（たっこぶじょうりゅう）", "river_system": "釧路川", "river": "釧路川"}}, {"type": "Feature", "geometry": {"type": "Point", "coordinates": [144.4709722, 43.1070556]}, "properties": {"name": "達古武下流（たっこぶかりゅう）", "river_system": "釧路川", "river": "釧路川"}}, {"type": "Feature", "geometry": {"type": "Point", "coordinates": [144.0088889, 43.7113889]}, "properties": {"name": "津別（つべつ）", "river_system": "網走川", "river": "網走川"}}, {"type": "Feature", "geometry": {"type": "Point", "coordinates": [144.0977778, 43.8361111]}, "properties": {"name": "美幌（びほろ）", "river_system": "網走川", "river": "網走川"}}, {"type": "Feature", "geometry": {"type": "Point", "coordinates": [144.1316667, 43.8983333]}, "properties": {"name": "本郷（ほんごう）", "river_system": "網走川", "river": "網走川"}}, {"type": "Feature", "geometry": {"type": "Point", "coordinates": [144.1988889, 43.9580556]}, "properties": {"name": "川尻漁場（かわじりぎょば）", "river_system": "網走川", "river": "網走川"}}, {"type": "Feature", "geometry": {"type": "Point", "coordinates": [144.2308333, 44.0047222]}, "properties": {"name": "大曲（おおまがり）", "river_system": "網走川", "river": "網走川"}}, {"type": "Feature", "geometry": {"type": "Point", "coordinates": [144.1222222, 43.8291667]}, "properties": {"name": "美幌橋（びほろばし）", "river_system": "網走川", "river": "美幌川"}}, {"type": "Feature", "geometry": {"type": "Point", "coordinates": [144.21, 43.9305556]}, "properties": {"name": "湖南(廃止)（こなん）", "river_system": "網走川", "river": "女満別川"}}, {"type": "Feature", "geometry": {"type": "Point", "coordinates": [143.3380556, 43.6052778]}, "properties": {"name": "峰映（ほうえい）", "river_system": "常呂川", "river": "常呂川"}}, {"type": "Feature", "geometry": {"type": "Point", "coordinates": [143.5994444, 43.6822222]}, "properties": {"name": "置戸（おけと）", "river_system": "常呂川", "river": "常呂川"}}, {"type": "Feature", "geometry": {"type": "Point", "coordinates": [143.84, 43.7544444]}, "properties": {"name": "上常呂（かみところ）", "river_system": "常呂川", "river": "常呂川"}}, {"type": "Feature", "geometry": {"type": "Point", "coordinates": [143.9113889, 43.7997222]}, "properties": {"name": "北見（きたみ）", "river_system": "常呂川", "river": "常呂川"}}, {"type": "Feature", "geometry": {"type": "Point", "coordinates": [143.9680556, 43.9211111]}, "properties": {"name": "忠志（ちゅうし）", "river_system": "常呂川", "river": "常呂川"}}, {"type": "Feature", "geometry": {"type": "Point", "coordinates": [143.9858333, 44.0125]}, "properties": {"name": "太茶苗（ふとちゃなえ）", "river_system": "常呂川", "river": "常呂川"}}, {"type": "Feature", "geometry": {"type": "Point", "coordinates": [144.0347222, 44.0566667]}, "properties": {"name": "上川沿（かみかわぞい）", "river_system": "常呂川", "river": "常呂川"}}, {"type": "Feature", "geometry": {"type": "Point", "coordinates": [144.0716667, 44.1194444]}, "properties": {"name": "河口（かこう）", "river_system": "常呂川", "river": "常呂川"}}, {"type": "Feature", "geometry": {"type": "Point", "coordinates": [143.3430556, 43.6138889]}, "properties": {"name": "鹿ﾉ湯（しかのゆ）", "river_system": "常呂川", "river": "上ホロカトコロ川"}}, {"type": "Feature", "geometry": {"type": "Point", "coordinates": [143.6208333, 43.7880556]}, "properties": {"name": "留辺蘂（るべしべ）", "river_system": "常呂川", "river": "無加川"}}, {"type": "Feature", "geometry": {"type": "Point", "coordinates": [143.8897222, 43.7886111]}, "properties": {"name": "北光社（ほっこうしゃ）", "river_system": "常呂川", "river": "無加川"}}, {"type": "Feature", "geometry": {"type": "Point", "coordinates": [143.9113889, 43.9125]}, "properties": {"name": "豊実(廃止)（とよみ）", "river_system": "常呂川", "river": "仁頃川"}}, {"type": "Feature", "geometry": {"type": "Point", "coordinates": [132.6763889, 35.3708333]}, "properties": {"name": "外園（そとぞの）", "river_system": "神戸川", "river": "神戸川"}}, {"type": "Feature", "geometry": {"type": "Point", "coordinates": [132.6663889, 35.4036111]}, "properties": {"name": "大社（たいしゃ）", "river_system": "斐伊川", "river": "日本海"}}, {"type": "Feature", "geometry": {"type": "Point", "coordinates": [132.6819444, 35.1755556]}, "properties": {"name": "上橋波（かみはしなみ）", "river_system": "斐伊川", "river": "神戸川"}}, {"type": "Feature", "geometry": {"type": "Point", "coordinates": [143.3383333, 44.0058333]}, "properties": {"name": "丸瀬布（まるせっぷ）", "river_system": "湧別川", "river": "湧別川"}}, {"type": "Feature", "geometry": {"type": "Point", "coordinates": [143.5191667, 44.0527778]}, "properties": {"name": "遠軽（えんがる）", "river_system": "湧別川", "river": "湧別川"}}, {"type": "Feature", "geometry": {"type": "Point", "coordinates": [143.5441667, 44.0994444]}, "properties": {"name": "開盛（かいせい）", "river_system": "湧別川", "river": "湧別川"}}, {"type": "Feature", "geometry": {"type": "Point", "coordinates": [143.5911111, 44.1997222]}, "properties": {"name": "中湧別（なかゆうべつ）", "river_system": "湧別川", "river": "湧別川"}}, {"type": "Feature", "geometry": {"type": "Point", "coordinates": [143.5438889, 44.0527778]}, "properties": {"name": "対遠橋（たいえんばし）", "river_system": "湧別川", "river": "生田原川"}}, {"type": "Feature", "geometry": {"type": "Point", "coordinates": [143.0763889, 44.1922222]}, "properties": {"name": "滝ノ上（たきのうえ）", "river_system": "渚滑川", "river": "渚滑川"}}, {"type": "Feature", "geometry": {"type": "Point", "coordinates": [143.2591667, 44.2497222]}, "properties": {"name": "上渚滑（かみしょこつ）", "river_system": "渚滑川", "river": "渚滑川"}}, {"type": "Feature", "geometry": {"type": "Point", "coordinates": [143.2730556, 44.3494444]}, "properties": {"name": "ウツツ橋（うつつばし）", "river_system": "渚滑川", "river": "渚滑川"}}, {"type": "Feature", "geometry": {"type": "Point", "coordinates": [143.3005556, 44.38]}, "properties": {"name": "渚滑橋（しょこつばし）", "river_system": "渚滑川", "river": "渚滑川"}}, {"type": "Feature", "geometry": {"type": "Point", "coordinates": [143.2005556, 44.1369444]}, "properties": {"name": "立牛(廃止)（たつうし）", "river_system": "渚滑川", "river": "立牛川"}}, {"type": "Feature", "geometry": {"type": "Point", "coordinates": [127.9505556, 26.4741667]}, "properties": {"name": "漢那橋（かんなばし）", "river_system": "漢那福地川", "river": "漢那福地川"}}, {"type": "Feature", "geometry": {"type": "Point", "coordinates": [128.1672222, 26.6422222]}, "properties": {"name": "川田（かわだ）", "river_system": "福地川", "river": "福地川"}}, {"type": "Feature", "geometry": {"type": "Point", "coordinates": [128.2544444, 26.6655556]}, "properties": {"name": "高江橋（たかえばし）", "river_system": "新川川", "river": "新川川"}}, {"type": "Feature", "geometry": {"type": "Point", "coordinates": [128.2816667, 26.7177778]}, "properties": {"name": "上安波（かみあは）", "river_system": "安波川", "river": "安波川"}}, {"type": "Feature", "geometry": {"type": "Point", "coordinates": [128.2875, 26.7216667]}, "properties": {"name": "下普久川（しもふんがわ）", "river_system": "安波川", "river": "普久川"}}, {"type": "Feature", "geometry": {"type": "Point", "coordinates": [128.2816667, 26.8288889]}, "properties": {"name": "奥（廃止）（おく）", "river_system": "奥川", "river": "奥川"}}, {"type": "Feature", "geometry": {"type": "Point", "coordinates": [127.9138889, 26.4919444]}, "properties": {"name": "億首（基２）（廃止）（おくくび（きせんばる））", "river_system": "億首川", "river": "億首川"}}, {"type": "Feature", "geometry": {"type": "Point", "coordinates": [127.9266667, 26.485]}, "properties": {"name": "基３（幸地川）（きさん）", "river_system": "億首川", "river": "億首川"}}, {"type": "Feature", "geometry": {"type": "Point", "coordinates": [127.941, 26.4560278]}, "properties": {"name": "福花橋（ふっかばし）", "river_system": "億首川", "river": "億首川"}}, {"type": "Feature", "geometry": {"type": "Point", "coordinates": [127.9138889, 26.4919444]}, "properties": {"name": "基２（喜瀬武原）（きに）", "river_system": "億首川", "river": "億首川"}}, {"type": "Feature", "geometry": {"type": "Point", "coordinates": [140.9113889, 38.0494444]}, "properties": {"name": "荒浜（あらはま）", "river_system": "阿武隈川", "river": "阿武隈川"}}, {"type": "Feature", "geometry": {"type": "Point", "coordinates": [140.8716667, 38.0958333]}, "properties": {"name": "岩沼（副）（いわぬまふく）", "river_system": "阿武隈川", "river": "阿武隈川"}}, {"type": "Feature", "geometry": {"type": "Point", "coordinates": [140.8247222, 38.0769444]}, "properties": {"name": "小山（こやま）", "river_system": "阿武隈川", "river": "阿武隈川"}}, {"type": "Feature", "geometry": {"type": "Point", "coordinates": [140.8022222, 38.0186111]}, "properties": {"name": "江尻（えじり）", "river_system": "阿武隈川", "river": "阿武隈川"}}, {"type": "Feature", "geometry": {"type": "Point", "coordinates": [140.7916667, 37.9594444]}, "properties": {"name": "笠松（副）（かさまつふく）", "river_system": "阿武隈川", "river": "阿武隈川"}}, {"type": "Feature", "geometry": {"type": "Point", "coordinates": [140.7616667, 37.9216667]}, "properties": {"name": "丸森（まるもり）", "river_system": "阿武隈川", "river": "阿武隈川"}}, {"type": "Feature", "geometry": {"type": "Point", "coordinates": [140.7511111, 37.9261111]}, "properties": {"name": "舘矢間（たてやま）", "river_system": "阿武隈川", "river": "阿武隈川"}}, {"type": "Feature", "geometry": {"type": "Point", "coordinates": [140.77, 38.0616667]}, "properties": {"name": "船岡大橋（ふなおかおおはし）", "river_system": "阿武隈川", "river": "白石川"}}, {"type": "Feature", "geometry": {"type": "Point", "coordinates": [140.8158333, 38.0897222]}, "properties": {"name": "四日市場（よっかいちば）", "river_system": "阿武隈川", "river": "五間掘川"}}, {"type": "Feature", "geometry": {"type": "Point", "coordinates": [140.875, 38.1269444]}, "properties": {"name": "町田（まちだ）", "river_system": "阿武隈川", "river": "五間掘川"}}, {"type": "Feature", "geometry": {"type": "Point", "coordinates": [140.6106083, 37.8682389]}, "properties": {"name": "八幡（やはた）", "river_system": "阿武隈川", "river": "阿武隈川"}}, {"type": "Feature", "geometry": {"type": "Point", "coordinates": [140.6172222, 37.8325]}, "properties": {"name": "大関（おおぜき）", "river_system": "阿武隈川", "river": "広瀬川"}}, {"type": "Feature", "geometry": {"type": "Point", "coordinates": [140.5188861, 37.8301028]}, "properties": {"name": "伏黒（ふしぐろ）", "river_system": "阿武隈川", "river": "阿武隈川"}}, {"type": "Feature", "geometry": {"type": "Point", "coordinates": [140.495, 37.8105556]}, "properties": {"name": "瀬ノ上（せのうえ）", "river_system": "阿武隈川", "river": "摺上川"}}, {"type": "Feature", "geometry": {"type": "Point", "coordinates": [140.2722222, 37.8130556]}, "properties": {"name": "前川第２ダム（まえかわだい２だむ）", "river_system": "阿武隈川", "river": "松川"}}, {"type": "Feature", "geometry": {"type": "Point", "coordinates": [140.4433, 37.7814806]}, "properties": {"name": "清水（しみず）", "river_system": "阿武隈川", "river": "松川"}}, {"type": "Feature", "geometry": {"type": "Point", "coordinates": [140.3774, 37.7610806]}, "properties": {"name": "天戸川（あまどがわ）", "river_system": "阿武隈川", "river": "天戸川"}}, {"type": "Feature", "geometry": {"type": "Point", "coordinates": [140.4024417, 37.7556472]}, "properties": {"name": "舘ノ下（たてのした）", "river_system": "阿武隈川", "river": "須川"}}, {"type": "Feature", "geometry": {"type": "Point", "coordinates": [140.4689806, 37.7497583]}, "properties": {"name": "福島（ふくしま）", "river_system": "阿武隈川", "river": "阿武隈川"}}, {"type": "Feature", "geometry": {"type": "Point", "coordinates": [140.4525833, 37.7511222]}, "properties": {"name": "八木田（やぎた）", "river_system": "阿武隈川", "river": "荒川"}}, {"type": "Feature", "geometry": {"type": "Point", "coordinates": [140.3875, 37.7497222]}, "properties": {"name": "水保（みずほ）", "river_system": "阿武隈川", "river": "白津川"}}, {"type": "Feature", "geometry": {"type": "Point", "coordinates": [140.3885889, 37.7357556]}, "properties": {"name": "上名倉（かみなぐら）", "river_system": "阿武隈川", "river": "荒川"}}, {"type": "Feature", "geometry": {"type": "Point", "coordinates": [140.4730556, 37.7272222]}, "properties": {"name": "黒岩（くろいわ）", "river_system": "阿武隈川", "river": "阿武隈川"}}, {"type": "Feature", "geometry": {"type": "Point", "coordinates": [140.3408333, 37.6938889]}, "properties": {"name": "荒川第５ダム（あらかわだい５だむ）", "river_system": "阿武隈川", "river": "荒川"}}, {"type": "Feature", "geometry": {"type": "Point", "coordinates": [140.3275, 37.6825]}, "properties": {"name": "土湯（つちゆ）", "river_system": "阿武隈川", "river": "荒川"}}, {"type": "Feature", "geometry": {"type": "Point", "coordinates": [140.3266667, 37.6816667]}, "properties": {"name": "東鴉川（ひがしからすがわ）", "river_system": "阿武隈川", "river": "東鴉川"}}, {"type": "Feature", "geometry": {"type": "Point", "coordinates": [140.3108333, 37.6744444]}, "properties": {"name": "荒川第１０ダム（あらかわだい１０だむ）", "river_system": "阿武隈川", "river": "荒川"}}, {"type": "Feature", "geometry": {"type": "Point", "coordinates": [140.3116667, 37.6541667]}, "properties": {"name": "東鴉川第４ダム（ひがしからすがわだい４だむ）", "river_system": "阿武隈川", "river": "荒川"}}, {"type": "Feature", "geometry": {"type": "Point", "coordinates": [140.4617111, 37.5945889]}, "properties": {"name": "二本松（にほんまつ）", "river_system": "阿武隈川", "river": "阿武隈川"}}, {"type": "Feature", "geometry": {"type": "Point", "coordinates": [140.5136667, 37.5818889]}, "properties": {"name": "移川（うつしかわ）", "river_system": "阿武隈川", "river": "移川"}}, {"type": "Feature", "geometry": {"type": "Point", "coordinates": [140.4047722, 37.5158333]}, "properties": {"name": "本宮（もとみや）", "river_system": "阿武隈川", "river": "阿武隈川"}}, {"type": "Feature", "geometry": {"type": "Point", "coordinates": [140.4093806, 37.4078917]}, "properties": {"name": "阿久津（あくつ）", "river_system": "阿武隈川", "river": "阿武隈川"}}, {"type": "Feature", "geometry": {"type": "Point", "coordinates": [140.3735889, 37.3462111]}, "properties": {"name": "御代田（みよた）", "river_system": "阿武隈川", "river": "阿武隈川"}}, {"type": "Feature", "geometry": {"type": "Point", "coordinates": [140.3891222, 37.3004833]}, "properties": {"name": "須賀川（すかがわ）", "river_system": "阿武隈川", "river": "阿武隈川"}}, {"type": "Feature", "geometry": {"type": "Point", "coordinates": [140.4069444, 37.2724028]}, "properties": {"name": "小作田（こさくだ）", "river_system": "阿武隈川", "river": "阿武隈川"}}, {"type": "Feature", "geometry": {"type": "Point", "coordinates": [140.415, 37.1419444]}, "properties": {"name": "小金石（こがねいし）", "river_system": "阿武隈川", "river": "社川"}}, {"type": "Feature", "geometry": {"type": "Point", "coordinates": [140.2094444, 37.1346333]}, "properties": {"name": "白河（しらかわ）", "river_system": "阿武隈川", "river": "阿武隈川"}}, {"type": "Feature", "geometry": {"type": "Point", "coordinates": [140.4008639, 37.2113611]}, "properties": {"name": "玉城橋（たまきばし）", "river_system": "阿武隈川", "river": "阿武隈川"}}, {"type": "Feature", "geometry": {"type": "Point", "coordinates": [140.4263889, 37.9119444]}, "properties": {"name": "秋庭（あきにわ）", "river_system": "阿武隈川", "river": "摺上川"}}, {"type": "Feature", "geometry": {"type": "Point", "coordinates": [140.3402778, 37.9502778]}, "properties": {"name": "稲子沢（いなごさわ）", "river_system": "阿武隈川", "river": "摺上川"}}, {"type": "Feature", "geometry": {"type": "Point", "coordinates": [140.4413889, 37.8425]}, "properties": {"name": "西根上堰（にしねうわせき）", "river_system": "阿武隈川", "river": "摺上川"}}, {"type": "Feature", "geometry": {"type": "Point", "coordinates": [140.4555556, 37.83]}, "properties": {"name": "西根下堰（にしねしたせき）", "river_system": "阿武隈川", "river": "摺上川"}}, {"type": "Feature", "geometry": {"type": "Point", "coordinates": [140.4444444, 37.9938889]}, "properties": {"name": "関（せき）", "river_system": "阿武隈川", "river": "白石川"}}, {"type": "Feature", "geometry": {"type": "Point", "coordinates": [140.4572222, 37.9952778]}, "properties": {"name": "萩崎（はぎざき）", "river_system": "阿武隈川", "river": "白石川"}}, {"type": "Feature", "geometry": {"type": "Point", "coordinates": [140.5552778, 37.9511111]}, "properties": {"name": "塩倉（しおのくら）", "river_system": "阿武隈川", "river": "白石川"}}, {"type": "Feature", "geometry": {"type": "Point", "coordinates": [140.6202778, 38.0116667]}, "properties": {"name": "白石（しろいし）", "river_system": "阿武隈川", "river": "白石川"}}, {"type": "Feature", "geometry": {"type": "Point", "coordinates": [140.6958333, 38.0361111]}, "properties": {"name": "北白川（きたしらかわ）", "river_system": "阿武隈川", "river": "白石川"}}, {"type": "Feature", "geometry": {"type": "Point", "coordinates": [140.5591667, 37.9766667]}, "properties": {"name": "小日向（こひなた）", "river_system": "阿武隈川", "river": "白石川"}}, {"type": "Feature", "geometry": {"type": "Point", "coordinates": [140.5294444, 37.9525]}, "properties": {"name": "冷清水（ひやしみず）", "river_system": "阿武隈川", "river": "白石川"}}, {"type": "Feature", "geometry": {"type": "Point", "coordinates": [140.6580556, 38.0897222]}, "properties": {"name": "永野（ながの）", "river_system": "阿武隈川", "river": "白石川"}}, {"type": "Feature", "geometry": {"type": "Point", "coordinates": [140.7375, 38.0491667]}, "properties": {"name": "大河原（おおがわら）", "river_system": "阿武隈川", "river": "白石川"}}, {"type": "Feature", "geometry": {"type": "Point", "coordinates": [140.5127778, 37.9616667]}, "properties": {"name": "七ヶ宿ダム（しちかしゅくだむ）", "river_system": "阿武隈川", "river": "白石川"}}, {"type": "Feature", "geometry": {"type": "Point", "coordinates": [140.6082222, 37.4145278]}, "properties": {"name": "牧野（まきの）", "river_system": "阿武隈川", "river": "牧野川"}}, {"type": "Feature", "geometry": {"type": "Point", "coordinates": [140.6476667, 37.4370278]}, "properties": {"name": "常葉（ときわ）", "river_system": "阿武隈川", "river": "大滝根川"}}, {"type": "Feature", "geometry": {"type": "Point", "coordinates": [140.5247222, 37.4241667]}, "properties": {"name": "光大寺（こうだいじ）", "river_system": "阿武隈川", "river": "大滝根川"}}, {"type": "Feature", "geometry": {"type": "Point", "coordinates": [140.4291667, 37.3702778]}, "properties": {"name": "赤沼（あかぬま）", "river_system": "阿武隈川", "river": "大滝根川"}}, {"type": "Feature", "geometry": {"type": "Point", "coordinates": [140.9536111, 38.1775]}, "properties": {"name": "閖上第二（ゆりあげだいに）", "river_system": "名取川", "river": "名取川"}}, {"type": "Feature", "geometry": {"type": "Point", "coordinates": [140.9116667, 38.2052778]}, "properties": {"name": "袋原（ふくろばら）", "river_system": "名取川", "river": "名取川"}}, {"type": "Feature", "geometry": {"type": "Point", "coordinates": [140.8861111, 38.2061111]}, "properties": {"name": "名取橋（なとりばし）", "river_system": "名取川", "river": "名取川"}}, {"type": "Feature", "geometry": {"type": "Point", "coordinates": [140.8891667, 38.2355556]}, "properties": {"name": "広瀬橋（ひろせばし）", "river_system": "名取川", "river": "広瀬川"}}, {"type": "Feature", "geometry": {"type": "Point", "coordinates": [140.8086111, 38.2683333]}, "properties": {"name": "落合（おちあい）", "river_system": "名取川", "river": "広瀬川"}}, {"type": "Feature", "geometry": {"type": "Point", "coordinates": [140.8641667, 38.2158333]}, "properties": {"name": "杉の下橋（副）（すぎのしたばしふく）", "river_system": "名取川", "river": "笊川"}}, {"type": "Feature", "geometry": {"type": "Point", "coordinates": [140.8144444, 38.2175]}, "properties": {"name": "余方（よかた）", "river_system": "名取川", "river": "名取川"}}, {"type": "Feature", "geometry": {"type": "Point", "coordinates": [140.7061111, 38.2344444]}, "properties": {"name": "湯元（ゆもと）", "river_system": "名取川", "river": "名取川"}}, {"type": "Feature", "geometry": {"type": "Point", "coordinates": [140.7263889, 38.1991667]}, "properties": {"name": "碁石（ごいし）", "river_system": "名取川", "river": "碁石川"}}, {"type": "Feature", "geometry": {"type": "Point", "coordinates": [140.6511111, 38.2075]}, "properties": {"name": "馬引（まびき）", "river_system": "名取川", "river": "太郎川"}}, {"type": "Feature", "geometry": {"type": "Point", "coordinates": [140.6655556, 38.1727778]}, "properties": {"name": "前川（まえかわ）", "river_system": "名取川", "river": "前川"}}, {"type": "Feature", "geometry": {"type": "Point", "coordinates": [140.605, 38.2]}, "properties": {"name": "下原（しもはら）", "river_system": "名取川", "river": "北川"}}, {"type": "Feature", "geometry": {"type": "Point", "coordinates": [140.815, 38.2180556]}, "properties": {"name": "余方（ヨカタ）", "river_system": "名取川", "river": "名取川"}}, {"type": "Feature", "geometry": {"type": "Point", "coordinates": [141.1702778, 38.3794444]}, "properties": {"name": "野蒜（のびる）", "river_system": "鳴瀬川", "river": "鳴瀬川"}}, {"type": "Feature", "geometry": {"type": "Point", "coordinates": [141.1494444, 38.4063889]}, "properties": {"name": "小野（鳴瀬）（おの（なるせ））", "river_system": "鳴瀬川", "river": "鳴瀬川"}}, {"type": "Feature", "geometry": {"type": "Point", "coordinates": [141.1138889, 38.4372222]}, "properties": {"name": "鹿島台（鳴瀬）（かしまだい（なるせ））", "river_system": "鳴瀬川", "river": "鳴瀬川"}}, {"type": "Feature", "geometry": {"type": "Point", "coordinates": [141.1188889, 38.4969444]}, "properties": {"name": "竹谷（たけや）", "river_system": "鳴瀬川", "river": "鳴瀬川"}}, {"type": "Feature", "geometry": {"type": "Point", "coordinates": [141.0586111, 38.5272222]}, "properties": {"name": "野田橋（のだばし）", "river_system": "鳴瀬川", "river": "鳴瀬川"}}, {"type": "Feature", "geometry": {"type": "Point", "coordinates": [141.0071833, 38.5313278]}, "properties": {"name": "下中ノ目（しもなかのめ）", "river_system": "鳴瀬川", "river": "鳴瀬川"}}, {"type": "Feature", "geometry": {"type": "Point", "coordinates": [140.9488889, 38.5272222]}, "properties": {"name": "三本木橋（さんぼんぎばし）", "river_system": "鳴瀬川", "river": "鳴瀬川"}}, {"type": "Feature", "geometry": {"type": "Point", "coordinates": [141.1680556, 38.3425]}, "properties": {"name": "宮戸（みやと）", "river_system": "鳴瀬川", "river": "鳴瀬川"}}, {"type": "Feature", "geometry": {"type": "Point", "coordinates": [141.1491667, 38.4052778]}, "properties": {"name": "小野（吉田）（おの（よしだ））", "river_system": "鳴瀬川", "river": "吉田川"}}, {"type": "Feature", "geometry": {"type": "Point", "coordinates": [141.1133333, 38.4369444]}, "properties": {"name": "鹿島台（吉田）（かしまだい（よしだ））", "river_system": "鳴瀬川", "river": "吉田川"}}, {"type": "Feature", "geometry": {"type": "Point", "coordinates": [141.0683333, 38.44]}, "properties": {"name": "幡谷（はたや）", "river_system": "鳴瀬川", "river": "吉田川"}}, {"type": "Feature", "geometry": {"type": "Point", "coordinates": [140.9961111, 38.4355556]}, "properties": {"name": "粕川（かすかわ）", "river_system": "鳴瀬川", "river": "吉田川"}}, {"type": "Feature", "geometry": {"type": "Point", "coordinates": [140.8905556, 38.4316667]}, "properties": {"name": "高田橋（たかだばし）", "river_system": "鳴瀬川", "river": "吉田川"}}, {"type": "Feature", "geometry": {"type": "Point", "coordinates": [140.9294444, 38.4280556]}, "properties": {"name": "落合（おちあい）", "river_system": "鳴瀬川", "river": "吉田川"}}, {"type": "Feature", "geometry": {"type": "Point", "coordinates": [140.8825, 38.4588889]}, "properties": {"name": "塩浪（しおなみ）", "river_system": "鳴瀬川", "river": "善川"}}, {"type": "Feature", "geometry": {"type": "Point", "coordinates": [140.8888889, 38.4147222]}, "properties": {"name": "新田橋（にったばし）", "river_system": "鳴瀬川", "river": "竹林川"}}, {"type": "Feature", "geometry": {"type": "Point", "coordinates": [140.9091667, 38.5241667]}, "properties": {"name": "高倉橋（たかくらばし）", "river_system": "鳴瀬川", "river": "鳴瀬川"}}, {"type": "Feature", "geometry": {"type": "Point", "coordinates": [141.13075, 39.7128889]}, "properties": {"name": "館坂橋（たてさかばし）", "river_system": "北上川", "river": "北上川"}}, {"type": "Feature", "geometry": {"type": "Point", "coordinates": [141.149, 39.6933889]}, "properties": {"name": "明治橋（めいじばし）", "river_system": "北上川", "river": "北上川"}}, {"type": "Feature", "geometry": {"type": "Point", "coordinates": [141.1621111, 39.6731389]}, "properties": {"name": "津志田（つしだ）", "river_system": "北上川", "river": "北上川"}}, {"type": "Feature", "geometry": {"type": "Point", "coordinates": [141.183, 39.6214722]}, "properties": {"name": "乙部（おとべ）", "river_system": "北上川", "river": "北上川"}}, {"type": "Feature", "geometry": {"type": "Point", "coordinates": [141.1755556, 39.5524444]}, "properties": {"name": "紫波橋（しわばし）", "river_system": "北上川", "river": "北上川"}}, {"type": "Feature", "geometry": {"type": "Point", "coordinates": [141.1558333, 39.4941944]}, "properties": {"name": "大正橋（たいしょうばし）", "river_system": "北上川", "river": "北上川"}}, {"type": "Feature", "geometry": {"type": "Point", "coordinates": [141.1296667, 39.3917222]}, "properties": {"name": "朝日橋（あさひばし）", "river_system": "北上川", "river": "北上川"}}, {"type": "Feature", "geometry": {"type": "Point", "coordinates": [141.1441667, 39.35225]}, "properties": {"name": "更木（さらき）", "river_system": "北上川", "river": "北上川"}}, {"type": "Feature", "geometry": {"type": "Point", "coordinates": [141.1301667, 39.2846667]}, "properties": {"name": "珊瑚橋（さんごばし）", "river_system": "北上川", "river": "北上川"}}, {"type": "Feature", "geometry": {"type": "Point", "coordinates": [141.1221111, 39.261]}, "properties": {"name": "男山（おとこやま）", "river_system": "北上川", "river": "北上川"}}, {"type": "Feature", "geometry": {"type": "Point", "coordinates": [141.1138333, 39.25225]}, "properties": {"name": "国見橋（くにみばし）", "river_system": "北上川", "river": "北上川"}}, {"type": "Feature", "geometry": {"type": "Point", "coordinates": [141.1274444, 39.1960833]}, "properties": {"name": "金ヶ崎橋（かねがさきばし）", "river_system": "北上川", "river": "北上川"}}, {"type": "Feature", "geometry": {"type": "Point", "coordinates": [141.15475, 39.16775]}, "properties": {"name": "桜木橋（さくらぎばし）", "river_system": "北上川", "river": "北上川"}}, {"type": "Feature", "geometry": {"type": "Point", "coordinates": [141.1763889, 39.1356944]}, "properties": {"name": "小谷木橋（こやぎばし）", "river_system": "北上川", "river": "北上川"}}, {"type": "Feature", "geometry": {"type": "Point", "coordinates": [141.1624722, 39.0651667]}, "properties": {"name": "大曲橋（おおまがりばし）", "river_system": "北上川", "river": "北上川"}}, {"type": "Feature", "geometry": {"type": "Point", "coordinates": [141.1357778, 39.0201111]}, "properties": {"name": "箱石（はこいし）", "river_system": "北上川", "river": "北上川"}}, {"type": "Feature", "geometry": {"type": "Point", "coordinates": [141.1383889, 38.9759167]}, "properties": {"name": "長島（ながしま）", "river_system": "北上川", "river": "北上川"}}, {"type": "Feature", "geometry": {"type": "Point", "coordinates": [141.1709167, 38.9484167]}, "properties": {"name": "狐禅寺（こぜんじ）", "river_system": "北上川", "river": "北上川"}}, {"type": "Feature", "geometry": {"type": "Point", "coordinates": [141.1905556, 38.9506944]}, "properties": {"name": "相川（あいかわ）", "river_system": "北上川", "river": "北上川"}}, {"type": "Feature", "geometry": {"type": "Point", "coordinates": [141.2632222, 38.8993333]}, "properties": {"name": "諏訪前（すわまえ）", "river_system": "北上川", "river": "北上川"}}, {"type": "Feature", "geometry": {"type": "Point", "coordinates": [141.2633611, 38.8433611]}, "properties": {"name": "七日町（なのかまち）", "river_system": "北上川", "river": "北上川"}}, {"type": "Feature", "geometry": {"type": "Point", "coordinates": [141.2287778, 39.9251389]}, "properties": {"name": "滝（たき）", "river_system": "北上川", "river": "丹藤川"}}, {"type": "Feature", "geometry": {"type": "Point", "coordinates": [141.1751944, 39.7149722]}, "properties": {"name": "山岸（やまぎし）", "river_system": "北上川", "river": "中津川"}}, {"type": "Feature", "geometry": {"type": "Point", "coordinates": [141.0668333, 39.6975833]}, "properties": {"name": "滝太橋（たきたばし）", "river_system": "北上川", "river": "雫石川"}}, {"type": "Feature", "geometry": {"type": "Point", "coordinates": [141.1219444, 39.70425]}, "properties": {"name": "太田橋（おおたばし）", "river_system": "北上川", "river": "雫石川"}}, {"type": "Feature", "geometry": {"type": "Point", "coordinates": [141.1513611, 39.3924722]}, "properties": {"name": "安野（やすの）", "river_system": "北上川", "river": "猿ヶ石川"}}, {"type": "Feature", "geometry": {"type": "Point", "coordinates": [141.10675, 39.3791944]}, "properties": {"name": "不動橋（ふどうばし）", "river_system": "北上川", "river": "豊沢川"}}, {"type": "Feature", "geometry": {"type": "Point", "coordinates": [141.1595, 39.2050556]}, "properties": {"name": "岩瀬橋（いわせばし）", "river_system": "北上川", "river": "広瀬川"}}, {"type": "Feature", "geometry": {"type": "Point", "coordinates": [141.1817222, 39.1861111]}, "properties": {"name": "岩谷堂（いわやどう）", "river_system": "北上川", "river": "人首川"}}, {"type": "Feature", "geometry": {"type": "Point", "coordinates": [141.0907222, 39.0158889]}, "properties": {"name": "川西橋（かわにしばし）", "river_system": "北上川", "river": "衣川"}}, {"type": "Feature", "geometry": {"type": "Point", "coordinates": [141.0515278, 38.9430278]}, "properties": {"name": "五串（いつくし）", "river_system": "北上川", "river": "磐井川"}}, {"type": "Feature", "geometry": {"type": "Point", "coordinates": [141.1283333, 38.9274444]}, "properties": {"name": "釣山（つりやま）", "river_system": "北上川", "river": "磐井川"}}, {"type": "Feature", "geometry": {"type": "Point", "coordinates": [141.2537778, 38.9295]}, "properties": {"name": "妻神（さいじん）", "river_system": "北上川", "river": "砂鉄川"}}, {"type": "Feature", "geometry": {"type": "Point", "coordinates": [141.2903056, 38.8960833]}, "properties": {"name": "矢作（やはぎ）", "river_system": "北上川", "river": "千厩川"}}, {"type": "Feature", "geometry": {"type": "Point", "coordinates": [141.3198333, 38.8613611]}, "properties": {"name": "西口（にしぐち）", "river_system": "北上川", "river": "黄海川"}}, {"type": "Feature", "geometry": {"type": "Point", "coordinates": [141.2402222, 38.9760278]}, "properties": {"name": "十二木橋（じゅうにきばし）", "river_system": "北上川", "river": "砂鉄川"}}, {"type": "Feature", "geometry": {"type": "Point", "coordinates": [141.1240556, 38.9915]}, "properties": {"name": "高館橋（たかだちばし）", "river_system": "北上川", "river": "北上川"}}, {"type": "Feature", "geometry": {"type": "Point", "coordinates": [141.1236389, 39.2785556]}, "properties": {"name": "大曲川（内水）（おおまがりがわ（ないすい））", "river_system": "北上川", "river": "北上川"}}, {"type": "Feature", "geometry": {"type": "Point", "coordinates": [141.1238611, 39.2784722]}, "properties": {"name": "大曲川（外水）（おおまがりがわ（がいすい））", "river_system": "北上川", "river": "北上川"}}, {"type": "Feature", "geometry": {"type": "Point", "coordinates": [141.1529722, 38.9330833]}, "properties": {"name": "吸川（外水）（すいかわ（がいすい））", "river_system": "北上川", "river": "磐井川"}}, {"type": "Feature", "geometry": {"type": "Point", "coordinates": [141.4791667, 38.5830556]}, "properties": {"name": "白浜（しらはま）", "river_system": "北上川", "river": "北上川"}}, {"type": "Feature", "geometry": {"type": "Point", "coordinates": [141.4483333, 38.5738889]}, "properties": {"name": "月浜（つきはま）", "river_system": "北上川", "river": "北上川"}}, {"type": "Feature", "geometry": {"type": "Point", "coordinates": [141.3747222, 38.53]}, "properties": {"name": "福地（ふくち）", "river_system": "北上川", "river": "北上川"}}, {"type": "Feature", "geometry": {"type": "Point", "coordinates": [141.3102778, 38.5147222]}, "properties": {"name": "飯野川上流（いいのかわじょうりゅう）", "river_system": "北上川", "river": "北上川"}}, {"type": "Feature", "geometry": {"type": "Point", "coordinates": [141.2983333, 38.6027778]}, "properties": {"name": "柳津（やないづ）", "river_system": "北上川", "river": "北上川"}}, {"type": "Feature", "geometry": {"type": "Point", "coordinates": [141.2908333, 38.6019444]}, "properties": {"name": "脇谷上流（わきやじょうりゅう）", "river_system": "北上川", "river": "北上川"}}, {"type": "Feature", "geometry": {"type": "Point", "coordinates": [141.2863889, 38.6586111]}, "properties": {"name": "登米（とめ）", "river_system": "北上川", "river": "北上川"}}, {"type": "Feature", "geometry": {"type": "Point", "coordinates": [141.2880556, 38.7041667]}, "properties": {"name": "米谷（まいや）", "river_system": "北上川", "river": "北上川"}}, {"type": "Feature", "geometry": {"type": "Point", "coordinates": [141.2708333, 38.7636111]}, "properties": {"name": "大泉（おおいずみ）", "river_system": "北上川", "river": "北上川"}}, {"type": "Feature", "geometry": {"type": "Point", "coordinates": [141.3108333, 38.4202778]}, "properties": {"name": "門脇（かどのわき）", "river_system": "北上川", "river": "旧北上川"}}, {"type": "Feature", "geometry": {"type": "Point", "coordinates": [141.2977778, 38.4911111]}, "properties": {"name": "大森（おおもり）", "river_system": "北上川", "river": "旧北上川"}}, {"type": "Feature", "geometry": {"type": "Point", "coordinates": [141.2941667, 38.4697222]}, "properties": {"name": "曽波神（そばのかみ）", "river_system": "北上川", "river": "旧北上川"}}, {"type": "Feature", "geometry": {"type": "Point", "coordinates": [141.2275, 38.5258333]}, "properties": {"name": "和渕（わぶち）", "river_system": "北上川", "river": "旧北上川"}}, {"type": "Feature", "geometry": {"type": "Point", "coordinates": [141.2808333, 38.6036111]}, "properties": {"name": "倉埣（くらぞね）", "river_system": "北上川", "river": "旧北上川"}}, {"type": "Feature", "geometry": {"type": "Point", "coordinates": [141.29, 38.6022222]}, "properties": {"name": "脇谷下流（わきやかりゅう）", "river_system": "北上川", "river": "旧北上川"}}, {"type": "Feature", "geometry": {"type": "Point", "coordinates": [141.2275, 38.5625]}, "properties": {"name": "剣先（けんさき）", "river_system": "北上川", "river": "迫川"}}, {"type": "Feature", "geometry": {"type": "Point", "coordinates": [141.2025, 38.5388889]}, "properties": {"name": "短台（たんだい）", "river_system": "北上川", "river": "江合川"}}, {"type": "Feature", "geometry": {"type": "Point", "coordinates": [141.1266667, 38.5463889]}, "properties": {"name": "涌谷（わくや）", "river_system": "北上川", "river": "江合川"}}, {"type": "Feature", "geometry": {"type": "Point", "coordinates": [141.0255556, 38.5647222]}, "properties": {"name": "中北橋（なかきたばし）", "river_system": "北上川", "river": "江合川"}}, {"type": "Feature", "geometry": {"type": "Point", "coordinates": [141.0133333, 38.5677778]}, "properties": {"name": "下谷地（しもやち）", "river_system": "北上川", "river": "江合川"}}, {"type": "Feature", "geometry": {"type": "Point", "coordinates": [140.9775, 38.5813889]}, "properties": {"name": "荒雄（あらお）", "river_system": "北上川", "river": "江合川"}}, {"type": "Feature", "geometry": {"type": "Point", "coordinates": [140.8669444, 38.6611111]}, "properties": {"name": "岩出山（いわでやま）", "river_system": "北上川", "river": "江合川"}}, {"type": "Feature", "geometry": {"type": "Point", "coordinates": [140.9822222, 38.5708333]}, "properties": {"name": "李埣（すもぞね）", "river_system": "北上川", "river": "新江合川"}}, {"type": "Feature", "geometry": {"type": "Point", "coordinates": [140.9511111, 38.5944444]}, "properties": {"name": "桜ノ目（さくらのめ）", "river_system": "北上川", "river": "江合川"}}, {"type": "Feature", "geometry": {"type": "Point", "coordinates": [141.2930556, 38.6197222]}, "properties": {"name": "鴇波（ときなみ）", "river_system": "北上川", "river": "北上川"}}, {"type": "Feature", "geometry": {"type": "Point", "coordinates": [141.0955556, 39.1711111]}, "properties": {"name": "胆沢川橋（いさわかわはし）", "river_system": "北上川", "river": "胆沢川"}}, {"type": "Feature", "geometry": {"type": "Point", "coordinates": [141.0069444, 39.1302778]}, "properties": {"name": "大歩（おおあご）", "river_system": "北上川", "river": "胆沢川"}}, {"type": "Feature", "geometry": {"type": "Point", "coordinates": [140.7691667, 39.3988889]}, "properties": {"name": "新町（しんまち）", "river_system": "北上川", "river": "和賀川"}}, {"type": "Feature", "geometry": {"type": "Point", "coordinates": [141.0705556, 39.2913889]}, "properties": {"name": "広表（ひろおもて）", "river_system": "北上川", "river": "和賀川"}}, {"type": "Feature", "geometry": {"type": "Point", "coordinates": [141.5502778, 39.3597222]}, "properties": {"name": "松崎（まつざき）", "river_system": "北上川", "river": "猿ヶ石川"}}, {"type": "Feature", "geometry": {"type": "Point", "coordinates": [141.4611111, 39.32]}, "properties": {"name": "二日町（ふつかまち）", "river_system": "北上川", "river": "猿ヶ石川"}}, {"type": "Feature", "geometry": {"type": "Point", "coordinates": [141.3813889, 39.2977778]}, "properties": {"name": "小友川（おともがわ）", "river_system": "北上川", "river": "小友川"}}, {"type": "Feature", "geometry": {"type": "Point", "coordinates": [141.2833333, 39.3613889]}, "properties": {"name": "谷内（たにない）", "river_system": "北上川", "river": "猿ヶ石川"}}, {"type": "Feature", "geometry": {"type": "Point", "coordinates": [141.1780556, 39.8722222]}, "properties": {"name": "芋田橋（いもだばし）", "river_system": "北上川", "river": "北上川"}}, {"type": "Feature", "geometry": {"type": "Point", "coordinates": [141.1608333, 39.8741667]}, "properties": {"name": "古川橋（ふるかわばし）", "river_system": "北上川", "river": "松川"}}, {"type": "Feature", "geometry": {"type": "Point", "coordinates": [141.1608333, 39.8341667]}, "properties": {"name": "船田橋（ふなだばし）", "river_system": "北上川", "river": "北上川"}}, {"type": "Feature", "geometry": {"type": "Point", "coordinates": [140.9452778, 39.6897222]}, "properties": {"name": "春木場（はるきば）", "river_system": "北上川", "river": "雫石川"}}, {"type": "Feature", "geometry": {"type": "Point", "coordinates": [140.9577778, 39.6911111]}, "properties": {"name": "岩持（いわもち）", "river_system": "北上川", "river": "葛根田川"}}, {"type": "Feature", "geometry": {"type": "Point", "coordinates": [140.9533333, 39.6541667]}, "properties": {"name": "矢川（やかわ）", "river_system": "北上川", "river": "南川"}}, {"type": "Feature", "geometry": {"type": "Point", "coordinates": [140.8711111, 39.1016667]}, "properties": {"name": "下嵐江（おろせ）", "river_system": "北上川", "river": "胆沢川"}}, {"type": "Feature", "geometry": {"type": "Point", "coordinates": [140.8638889, 39.0766667]}, "properties": {"name": "前川（まえかわ）", "river_system": "北上川", "river": "前川"}}, {"type": "Feature", "geometry": {"type": "Point", "coordinates": [141.0955556, 39.1711111]}, "properties": {"name": "胆沢川橋（いさわかわばし）", "river_system": "北上川", "river": "胆沢川"}}, {"type": "Feature", "geometry": {"type": "Point", "coordinates": [140.9194444, 39.1166667]}, "properties": {"name": "胆沢（いさわ）", "river_system": "北上川", "river": "胆沢川"}}, {"type": "Feature", "geometry": {"type": "Point", "coordinates": [140.885, 39.3016667]}, "properties": {"name": "湯田（ゆだ）", "river_system": "北上川", "river": "和賀川"}}, {"type": "Feature", "geometry": {"type": "Point", "coordinates": [141.0258333, 39.6905556]}, "properties": {"name": "御所（ごしょ）", "river_system": "北上川", "river": "雫石川"}}, {"type": "Feature", "geometry": {"type": "Point", "coordinates": [141.0258333, 39.6905556]}, "properties": {"name": "御所（ごしょ）", "river_system": "北上川", "river": "雫石川"}}, {"type": "Feature", "geometry": {"type": "Point", "coordinates": [141.1480556, 39.7527778]}, "properties": {"name": "四十四田（しじゅうしだ）", "river_system": "北上川", "river": "北上川"}}, {"type": "Feature", "geometry": {"type": "Point", "coordinates": [141.3186111, 39.3430556]}, "properties": {"name": "田瀬（たせ）", "river_system": "北上川", "river": "猿ヶ石川"}}, {"type": "Feature", "geometry": {"type": "Point", "coordinates": [140.9194444, 39.1166667]}, "properties": {"name": "胆沢（いさわ）", "river_system": "北上川", "river": "胆沢川"}}, {"type": "Feature", "geometry": {"type": "Point", "coordinates": [140.9016667, 39.1147222]}, "properties": {"name": "石淵（いしぶち）", "river_system": "北上川", "river": "胆沢川"}}, {"type": "Feature", "geometry": {"type": "Point", "coordinates": [140.6607222, 38.7992778]}, "properties": {"name": "轟（とどろき）", "river_system": "北上川", "river": "江合川"}}, {"type": "Feature", "geometry": {"type": "Point", "coordinates": [140.7225, 38.7498611]}, "properties": {"name": "末沢（すえざわ）", "river_system": "北上川", "river": "江合川"}}, {"type": "Feature", "geometry": {"type": "Point", "coordinates": [140.7016417, 38.73585]}, "properties": {"name": "大谷川（おおやがわ）", "river_system": "北上川", "river": "江合川"}}, {"type": "Feature", "geometry": {"type": "Point", "coordinates": [141.4913889, 40.5338889]}, "properties": {"name": "新大橋（しんおおはし）", "river_system": "馬淵川", "river": "馬淵川"}}, {"type": "Feature", "geometry": {"type": "Point", "coordinates": [141.4702778, 40.5169444]}, "properties": {"name": "大橋（おおはし）", "river_system": "馬淵川", "river": "馬淵川"}}, {"type": "Feature", "geometry": {"type": "Point", "coordinates": [141.4286111, 40.4855556]}, "properties": {"name": "櫛引橋（くしびきばし）", "river_system": "馬淵川", "river": "馬淵川"}}, {"type": "Feature", "geometry": {"type": "Point", "coordinates": [141.3480556, 40.4444444]}, "properties": {"name": "剣吉（けんよし）", "river_system": "馬淵川", "river": "馬淵川"}}, {"type": "Feature", "geometry": {"type": "Point", "coordinates": [141.2905556, 40.2594444]}, "properties": {"name": "石切所（いしきりどころ）", "river_system": "馬淵川", "river": "馬淵川"}}, {"type": "Feature", "geometry": {"type": "Point", "coordinates": [141.3652778, 40.1302778]}, "properties": {"name": "冬部（ふゆべ）", "river_system": "馬淵川", "river": "馬淵川"}}, {"type": "Feature", "geometry": {"type": "Point", "coordinates": [141.2333333, 40.2375]}, "properties": {"name": "似鳥（にたどり）", "river_system": "馬淵川", "river": "安比川"}}, {"type": "Feature", "geometry": {"type": "Point", "coordinates": [141.4447222, 40.5022222]}, "properties": {"name": "尻内橋（しりうちばし）", "river_system": "馬淵川", "river": "馬淵川"}}, {"type": "Feature", "geometry": {"type": "Point", "coordinates": [141.2333333, 40.7541667]}, "properties": {"name": "赤川（あかがわ）", "river_system": "高瀬川", "river": "赤川"}}, {"type": "Feature", "geometry": {"type": "Point", "coordinates": [141.2444444, 40.7380556]}, "properties": {"name": "上野（うわの）", "river_system": "高瀬川", "river": "高瀬川"}}, {"type": "Feature", "geometry": {"type": "Point", "coordinates": [141.2791667, 40.7138889]}, "properties": {"name": "砂土路川（さどろがわ）", "river_system": "高瀬川", "river": "砂土路川"}}, {"type": "Feature", "geometry": {"type": "Point", "coordinates": [141.3202778, 40.7]}, "properties": {"name": "中津川（なかつがわ）", "river_system": "高瀬川", "river": "中津川"}}, {"type": "Feature", "geometry": {"type": "Point", "coordinates": [141.3252778, 40.6933333]}, "properties": {"name": "姉沼川（あねぬまがわ）", "river_system": "高瀬川", "river": "姉沼川"}}, {"type": "Feature", "geometry": {"type": "Point", "coordinates": [141.3593183, 40.7440506]}, "properties": {"name": "頭無（かしらなし）", "river_system": "高瀬川", "river": "高瀬川"}}, {"type": "Feature", "geometry": {"type": "Point", "coordinates": [141.2766667, 40.7416667]}, "properties": {"name": "沼崎（ぬまざき）", "river_system": "高瀬川", "river": "高瀬川"}}, {"type": "Feature", "geometry": {"type": "Point", "coordinates": [141.2580556, 40.7780556]}, "properties": {"name": "土場川（どばがわ）", "river_system": "高瀬川", "river": "土場川"}}, {"type": "Feature", "geometry": {"type": "Point", "coordinates": [141.3263889, 40.7577778]}, "properties": {"name": "鶴ヶ崎（つるがさき）", "river_system": "高瀬川", "river": "高瀬川"}}, {"type": "Feature", "geometry": {"type": "Point", "coordinates": [141.3319444, 40.8183333]}, "properties": {"name": "小川原湖（おがわらこ）", "river_system": "高瀬川", "river": "高瀬川"}}, {"type": "Feature", "geometry": {"type": "Point", "coordinates": [141.2974283, 40.8116967]}, "properties": {"name": "浜台（はまだい）", "river_system": "高瀬川", "river": "高瀬川"}}, {"type": "Feature", "geometry": {"type": "Point", "coordinates": [141.3722222, 40.8405556]}, "properties": {"name": "高瀬橋（たかせばし）", "river_system": "高瀬川", "river": "高瀬川"}}, {"type": "Feature", "geometry": {"type": "Point", "coordinates": [141.3794444, 40.8458333]}, "properties": {"name": "高瀬川（たかせがわ）", "river_system": "高瀬川", "river": "高瀬川"}}, {"type": "Feature", "geometry": {"type": "Point", "coordinates": [141.39, 40.8863889]}, "properties": {"name": "河口（かこう）", "river_system": "高瀬川", "river": "高瀬川"}}, {"type": "Feature", "geometry": {"type": "Point", "coordinates": [140.3308333, 41.0358333]}, "properties": {"name": "十三（じゅうさん）", "river_system": "岩木川", "river": "岩木川"}}, {"type": "Feature", "geometry": {"type": "Point", "coordinates": [140.3719444, 41.0147222]}, "properties": {"name": "若宮（わかみや）", "river_system": "岩木川", "river": "岩木川"}}, {"type": "Feature", "geometry": {"type": "Point", "coordinates": [140.4183333, 40.9111111]}, "properties": {"name": "繁田（しげた）", "river_system": "岩木川", "river": "岩木川"}}, {"type": "Feature", "geometry": {"type": "Point", "coordinates": [140.4375, 40.81]}, "properties": {"name": "五所川原（ごしょがわら）", "river_system": "岩木川", "river": "岩木川"}}, {"type": "Feature", "geometry": {"type": "Point", "coordinates": [140.4538889, 40.6944444]}, "properties": {"name": "幡龍橋（ばんりゅうばし）", "river_system": "岩木川", "river": "岩木川"}}, {"type": "Feature", "geometry": {"type": "Point", "coordinates": [140.4591667, 40.6613889]}, "properties": {"name": "三世寺（さんぜじ）", "river_system": "岩木川", "river": "岩木川"}}, {"type": "Feature", "geometry": {"type": "Point", "coordinates": [140.4166667, 40.5919444]}, "properties": {"name": "上岩木橋（かみいわきばし）", "river_system": "岩木川", "river": "岩木川"}}, {"type": "Feature", "geometry": {"type": "Point", "coordinates": [140.4947222, 40.645]}, "properties": {"name": "百田（浅瀬石）（ももた（あせいし））", "river_system": "岩木川", "river": "浅瀬石川"}}, {"type": "Feature", "geometry": {"type": "Point", "coordinates": [140.5019444, 40.6305556]}, "properties": {"name": "豊平橋（とよひらばし）", "river_system": "岩木川", "river": "平川"}}, {"type": "Feature", "geometry": {"type": "Point", "coordinates": [140.5466667, 40.5519444]}, "properties": {"name": "石川（いしかわ）", "river_system": "岩木川", "river": "平川"}}, {"type": "Feature", "geometry": {"type": "Point", "coordinates": [140.2808333, 40.5519444]}, "properties": {"name": "村市（むらいち）", "river_system": "岩木川", "river": "岩木川"}}, {"type": "Feature", "geometry": {"type": "Point", "coordinates": [140.5198889, 40.6425278]}, "properties": {"name": "朝日橋（あさひばし）", "river_system": "岩木川", "river": "浅瀬石川"}}, {"type": "Feature", "geometry": {"type": "Point", "coordinates": [140.5291667, 40.6413889]}, "properties": {"name": "大曲（おおまがり）", "river_system": "岩木川", "river": "浅瀬石川"}}, {"type": "Feature", "geometry": {"type": "Point", "coordinates": [140.6636944, 40.6074167]}, "properties": {"name": "温湯（ぬるゆ）", "river_system": "岩木川", "river": "浅瀬石川"}}, {"type": "Feature", "geometry": {"type": "Point", "coordinates": [140.7231389, 40.5239167]}, "properties": {"name": "葛川（くずかわ）", "river_system": "岩木川", "river": "浅瀬石川"}}, {"type": "Feature", "geometry": {"type": "Point", "coordinates": [140.4333333, 40.0408333]}, "properties": {"name": "巻渕（まきぶち）", "river_system": "米代川", "river": "小又川"}}, {"type": "Feature", "geometry": {"type": "Point", "coordinates": [140.0272222, 40.2205556]}, "properties": {"name": "向能代（むかいのしろ）", "river_system": "米代川", "river": "米代川"}}, {"type": "Feature", "geometry": {"type": "Point", "coordinates": [140.0472222, 40.1930556]}, "properties": {"name": "榊（さかき）", "river_system": "米代川", "river": "米代川"}}, {"type": "Feature", "geometry": {"type": "Point", "coordinates": [140.17, 40.2227778]}, "properties": {"name": "富根（とみね）", "river_system": "米代川", "river": "米代川"}}, {"type": "Feature", "geometry": {"type": "Point", "coordinates": [140.2397222, 40.2047222]}, "properties": {"name": "二ツ井（ふたつい）", "river_system": "米代川", "river": "米代川"}}, {"type": "Feature", "geometry": {"type": "Point", "coordinates": [140.2644444, 40.2033333]}, "properties": {"name": "七座（ななくら）", "river_system": "米代川", "river": "米代川"}}, {"type": "Feature", "geometry": {"type": "Point", "coordinates": [140.3055556, 40.2080556]}, "properties": {"name": "坊沢（ぼうさわ）", "river_system": "米代川", "river": "米代川"}}, {"type": "Feature", "geometry": {"type": "Point", "coordinates": [140.3772222, 40.2052778]}, "properties": {"name": "堂ヶ岱（どうがたい）", "river_system": "米代川", "river": "小猿部川"}}, {"type": "Feature", "geometry": {"type": "Point", "coordinates": [140.3702778, 40.2191667]}, "properties": {"name": "鷹巣（たかのす）", "river_system": "米代川", "river": "米代川"}}, {"type": "Feature", "geometry": {"type": "Point", "coordinates": [140.4719444, 40.2677778]}, "properties": {"name": "下川沿（しもかわぞい）", "river_system": "米代川", "river": "米代川"}}, {"type": "Feature", "geometry": {"type": "Point", "coordinates": [140.5333333, 40.2611111]}, "properties": {"name": "吉富士（よしふじ）", "river_system": "米代川", "river": "米代川"}}, {"type": "Feature", "geometry": {"type": "Point", "coordinates": [140.5805556, 40.2327778]}, "properties": {"name": "扇田橋（おうぎだばし）", "river_system": "米代川", "river": "米代川"}}, {"type": "Feature", "geometry": {"type": "Point", "coordinates": [140.6702778, 40.2166667]}, "properties": {"name": "十二所（じゅうにしょ）", "river_system": "米代川", "river": "米代川"}}, {"type": "Feature", "geometry": {"type": "Point", "coordinates": [140.3659444, 40.122]}, "properties": {"name": "米内沢（よないざわ）", "river_system": "米代川", "river": "阿仁川"}}, {"type": "Feature", "geometry": {"type": "Point", "coordinates": [140.2302778, 39.5316667]}, "properties": {"name": "新波（あらわ）", "river_system": "雄物川", "river": "雄物川"}}, {"type": "Feature", "geometry": {"type": "Point", "coordinates": [140.1572222, 39.6147222]}, "properties": {"name": "椿川（つばきかわ）", "river_system": "雄物川", "river": "雄物川"}}, {"type": "Feature", "geometry": {"type": "Point", "coordinates": [140.1138889, 39.665]}, "properties": {"name": "石田坂（いしだざか）", "river_system": "雄物川", "river": "雄物川"}}, {"type": "Feature", "geometry": {"type": "Point", "coordinates": [140.0891667, 39.6938889]}, "properties": {"name": "新屋（あらや）", "river_system": "雄物川", "river": "雄物川"}}, {"type": "Feature", "geometry": {"type": "Point", "coordinates": [140.26, 39.5558333]}, "properties": {"name": "淀川（よどかわ）", "river_system": "雄物川", "river": "淀川"}}, {"type": "Feature", "geometry": {"type": "Point", "coordinates": [140.1766667, 39.6452778]}, "properties": {"name": "豊成（とよなり）", "river_system": "雄物川", "river": "岩見川"}}, {"type": "Feature", "geometry": {"type": "Point", "coordinates": [140.0947222, 39.7147222]}, "properties": {"name": "新屋水門（あらやすいもん）", "river_system": "雄物川", "river": "旧雄物川"}}, {"type": "Feature", "geometry": {"type": "Point", "coordinates": [140.2766667, 39.5280556]}, "properties": {"name": "木原田（きはらだ）", "river_system": "雄物川", "river": "雄物川"}}, {"type": "Feature", "geometry": {"type": "Point", "coordinates": [140.3608333, 39.5494444]}, "properties": {"name": "刈和野橋（かりわのばし）", "river_system": "雄物川", "river": "雄物川"}}, {"type": "Feature", "geometry": {"type": "Point", "coordinates": [140.4216667, 39.4841667]}, "properties": {"name": "神宮寺（じんぐうじ）", "river_system": "雄物川", "river": "雄物川"}}, {"type": "Feature", "geometry": {"type": "Point", "coordinates": [140.4677778, 39.4505556]}, "properties": {"name": "大曲橋（おおまがりばし）", "river_system": "雄物川", "river": "雄物川"}}, {"type": "Feature", "geometry": {"type": "Point", "coordinates": [140.4394444, 39.3419444]}, "properties": {"name": "大上橋（おおあげばし）", "river_system": "雄物川", "river": "雄物川"}}, {"type": "Feature", "geometry": {"type": "Point", "coordinates": [140.3997222, 39.2761111]}, "properties": {"name": "雄物川橋（おものがわばし）", "river_system": "雄物川", "river": "雄物川"}}, {"type": "Feature", "geometry": {"type": "Point", "coordinates": [140.4380556, 39.2233333]}, "properties": {"name": "大久保（おおくぼ）", "river_system": "雄物川", "river": "雄物川"}}, {"type": "Feature", "geometry": {"type": "Point", "coordinates": [140.4511111, 39.1894444]}, "properties": {"name": "柳田橋（やなぎだばし）", "river_system": "雄物川", "river": "雄物川"}}, {"type": "Feature", "geometry": {"type": "Point", "coordinates": [140.4769444, 39.1086111]}, "properties": {"name": "酒蒔（さかまき）", "river_system": "雄物川", "river": "雄物川"}}, {"type": "Feature", "geometry": {"type": "Point", "coordinates": [140.4538889, 39.0755556]}, "properties": {"name": "岩館（いわだて）", "river_system": "雄物川", "river": "雄物川"}}, {"type": "Feature", "geometry": {"type": "Point", "coordinates": [140.5266667, 39.5405556]}, "properties": {"name": "長野（ながの）", "river_system": "雄物川", "river": "玉川"}}, {"type": "Feature", "geometry": {"type": "Point", "coordinates": [140.5547222, 39.6886111]}, "properties": {"name": "栃木橋（とちのきばし）", "river_system": "雄物川", "river": "桧木内川"}}, {"type": "Feature", "geometry": {"type": "Point", "coordinates": [140.5166667, 39.2058333]}, "properties": {"name": "岩崎橋（いわさきばし）", "river_system": "雄物川", "river": "皆瀬川"}}, {"type": "Feature", "geometry": {"type": "Point", "coordinates": [140.5827778, 39.1983333]}, "properties": {"name": "安養寺（あんようじ）", "river_system": "雄物川", "river": "成瀬川"}}, {"type": "Feature", "geometry": {"type": "Point", "coordinates": [140.4686111, 39.0030556]}, "properties": {"name": "川井（かわい）", "river_system": "雄物川", "river": "役内川"}}, {"type": "Feature", "geometry": {"type": "Point", "coordinates": [140.5752778, 39.3055556]}, "properties": {"name": "横手（よこて）", "river_system": "雄物川", "river": "横手川"}}, {"type": "Feature", "geometry": {"type": "Point", "coordinates": [140.6222222, 39.6063889]}, "properties": {"name": "広久内（ひろくない）", "river_system": "雄物川", "river": "玉川"}}, {"type": "Feature", "geometry": {"type": "Point", "coordinates": [140.7091667, 39.9261111]}, "properties": {"name": "五十曲（ごじゅうまがり）", "river_system": "雄物川", "river": "玉川"}}, {"type": "Feature", "geometry": {"type": "Point", "coordinates": [140.7105556, 39.8616667]}, "properties": {"name": "小和瀬（こわせ）", "river_system": "雄物川", "river": "玉川"}}, {"type": "Feature", "geometry": {"type": "Point", "coordinates": [140.1477778, 39.2319444]}, "properties": {"name": "矢島（やしま）", "river_system": "子吉川", "river": "子吉川"}}, {"type": "Feature", "geometry": {"type": "Point", "coordinates": [140.1113889, 39.2719444]}, "properties": {"name": "吉沢（よしざわ）", "river_system": "子吉川", "river": "子吉川"}}, {"type": "Feature", "geometry": {"type": "Point", "coordinates": [140.1011111, 39.3152778]}, "properties": {"name": "明法（みょうほう）", "river_system": "子吉川", "river": "子吉川"}}, {"type": "Feature", "geometry": {"type": "Point", "coordinates": [140.0666667, 39.3480556]}, "properties": {"name": "宮内（みやうち）", "river_system": "子吉川", "river": "子吉川"}}, {"type": "Feature", "geometry": {"type": "Point", "coordinates": [140.0666667, 39.3747222]}, "properties": {"name": "二十六木橋（とどろきばし）", "river_system": "子吉川", "river": "子吉川"}}, {"type": "Feature", "geometry": {"type": "Point", "coordinates": [140.0477778, 39.3933333]}, "properties": {"name": "由利橋（ゆりばし）", "river_system": "子吉川", "river": "子吉川"}}, {"type": "Feature", "geometry": {"type": "Point", "coordinates": [140.2411111, 39.1577778]}, "properties": {"name": "小川（こがわ）", "river_system": "子吉川", "river": "笹子川"}}, {"type": "Feature", "geometry": {"type": "Point", "coordinates": [140.1761111, 39.3247222]}, "properties": {"name": "山内（やまうち）", "river_system": "子吉川", "river": "石沢川"}}, {"type": "Feature", "geometry": {"type": "Point", "coordinates": [140.0916667, 39.3430556]}, "properties": {"name": "鮎瀬（あゆせ）", "river_system": "子吉川", "river": "石沢川"}}, {"type": "Feature", "geometry": {"type": "Point", "coordinates": [140.07, 39.4158333]}, "properties": {"name": "館前（たてまえ）", "river_system": "子吉川", "river": "芋川"}}, {"type": "Feature", "geometry": {"type": "Point", "coordinates": [140.3476917, 38.4819722]}, "properties": {"name": "稲下（いなくだし）", "river_system": "最上川", "river": "最上川"}}, {"type": "Feature", "geometry": {"type": "Point", "coordinates": [140.3275417, 38.4211583]}, "properties": {"name": "下野（したの）", "river_system": "最上川", "river": "最上川"}}, {"type": "Feature", "geometry": {"type": "Point", "coordinates": [140.3186389, 38.3703333]}, "properties": {"name": "蔵増（くらぞう）", "river_system": "最上川", "river": "最上川"}}, {"type": "Feature", "geometry": {"type": "Point", "coordinates": [140.2825361, 38.3427111]}, "properties": {"name": "長崎（ながさき）", "river_system": "最上川", "river": "最上川"}}, {"type": "Feature", "geometry": {"type": "Point", "coordinates": [140.23985, 38.3688361]}, "properties": {"name": "中郷（なかごう）", "river_system": "最上川", "river": "最上川"}}, {"type": "Feature", "geometry": {"type": "Point", "coordinates": [140.1986139, 38.3495861]}, "properties": {"name": "中沢（なかざわ）", "river_system": "最上川", "river": "最上川"}}, {"type": "Feature", "geometry": {"type": "Point", "coordinates": [140.1375778, 38.3053583]}, "properties": {"name": "宮宿（みやじゅく）", "river_system": "最上川", "river": "最上川"}}, {"type": "Feature", "geometry": {"type": "Point", "coordinates": [140.1014861, 38.1984278]}, "properties": {"name": "菖蒲（しょうぶ）", "river_system": "最上川", "river": "最上川"}}, {"type": "Feature", "geometry": {"type": "Point", "coordinates": [140.0470694, 38.1169056]}, "properties": {"name": "小出（こいで）", "river_system": "最上川", "river": "最上川"}}, {"type": "Feature", "geometry": {"type": "Point", "coordinates": [140.0643389, 38.066225]}, "properties": {"name": "西大塚（にしおおつか）", "river_system": "最上川", "river": "最上川"}}, {"type": "Feature", "geometry": {"type": "Point", "coordinates": [140.1004361, 38.0315528]}, "properties": {"name": "下田（しもだ）", "river_system": "最上川", "river": "最上川"}}, {"type": "Feature", "geometry": {"type": "Point", "coordinates": [140.141375, 37.9864833]}, "properties": {"name": "糠野目（ぬかのめ）", "river_system": "最上川", "river": "最上川"}}, {"type": "Feature", "geometry": {"type": "Point", "coordinates": [140.1303472, 37.9401972]}, "properties": {"name": "上新田（かみにいだ）", "river_system": "最上川", "river": "最上川"}}, {"type": "Feature", "geometry": {"type": "Point", "coordinates": [140.2835722, 38.3970639]}, "properties": {"name": "西根（にしね）", "river_system": "最上川", "river": "寒河江川"}}, {"type": "Feature", "geometry": {"type": "Point", "coordinates": [140.3103667, 38.3434028]}, "properties": {"name": "寺津（てらづ）", "river_system": "最上川", "river": "須川"}}, {"type": "Feature", "geometry": {"type": "Point", "coordinates": [140.2791028, 38.2925639]}, "properties": {"name": "鮨洗（すしあらい）", "river_system": "最上川", "river": "須川"}}, {"type": "Feature", "geometry": {"type": "Point", "coordinates": [140.2972389, 38.2306806]}, "properties": {"name": "前明石（まえあかし）", "river_system": "最上川", "river": "須川"}}, {"type": "Feature", "geometry": {"type": "Point", "coordinates": [140.0644444, 38.7588889]}, "properties": {"name": "高屋（たかや）", "river_system": "最上川", "river": "最上川"}}, {"type": "Feature", "geometry": {"type": "Point", "coordinates": [139.9763889, 38.8197222]}, "properties": {"name": "臼ヶ沢（うすがさわ）", "river_system": "最上川", "river": "最上川"}}, {"type": "Feature", "geometry": {"type": "Point", "coordinates": [139.9075, 38.8797222]}, "properties": {"name": "砂越（さごし）", "river_system": "最上川", "river": "最上川"}}, {"type": "Feature", "geometry": {"type": "Point", "coordinates": [139.8419444, 38.8872222]}, "properties": {"name": "両羽橋（りょううばし）", "river_system": "最上川", "river": "最上川"}}, {"type": "Feature", "geometry": {"type": "Point", "coordinates": [139.8261111, 38.9105556]}, "properties": {"name": "下瀬（したせ）", "river_system": "最上川", "river": "最上川"}}, {"type": "Feature", "geometry": {"type": "Point", "coordinates": [139.9425, 38.8858333]}, "properties": {"name": "石名坂（いしなざか）", "river_system": "最上川", "river": "相沢川"}}, {"type": "Feature", "geometry": {"type": "Point", "coordinates": [139.8383333, 38.8841667]}, "properties": {"name": "広田（ひろた）", "river_system": "最上川", "river": "京田川"}}, {"type": "Feature", "geometry": {"type": "Point", "coordinates": [140.0175, 38.7766667]}, "properties": {"name": "肝煎（きもいり）", "river_system": "最上川", "river": "立谷沢川"}}, {"type": "Feature", "geometry": {"type": "Point", "coordinates": [140.0058333, 38.6480556]}, "properties": {"name": "瀬場（せば）", "river_system": "最上川", "river": "立谷沢川"}}, {"type": "Feature", "geometry": {"type": "Point", "coordinates": [140.0058333, 38.6369444]}, "properties": {"name": "玉川第六ダム（たまがわだいろくだむ）", "river_system": "最上川", "river": "立谷沢川"}}, {"type": "Feature", "geometry": {"type": "Point", "coordinates": [140.1447222, 38.6680556]}, "properties": {"name": "明戸（あけど）", "river_system": "最上川", "river": "角川"}}, {"type": "Feature", "geometry": {"type": "Point", "coordinates": [140.143775, 38.7392167]}, "properties": {"name": "古口（ふるくち）", "river_system": "最上川", "river": "最上川"}}, {"type": "Feature", "geometry": {"type": "Point", "coordinates": [140.1941667, 38.7455556]}, "properties": {"name": "岩清水（いわしみず）", "river_system": "最上川", "river": "鮭川"}}, {"type": "Feature", "geometry": {"type": "Point", "coordinates": [140.2127778, 38.7988889]}, "properties": {"name": "真木（まき）", "river_system": "最上川", "river": "鮭川"}}, {"type": "Feature", "geometry": {"type": "Point", "coordinates": [140.2288889, 38.8683333]}, "properties": {"name": "八千代橋（やちよばし）", "river_system": "最上川", "river": "鮭川"}}, {"type": "Feature", "geometry": {"type": "Point", "coordinates": [140.2255556, 38.9030556]}, "properties": {"name": "小川内（おがわうち）", "river_system": "最上川", "river": "小又川"}}, {"type": "Feature", "geometry": {"type": "Point", "coordinates": [140.2502778, 38.86]}, "properties": {"name": "真室川（まむろがわ）", "river_system": "最上川", "river": "真室川"}}, {"type": "Feature", "geometry": {"type": "Point", "coordinates": [140.2547222, 38.8672222]}, "properties": {"name": "安久土（あくど）", "river_system": "最上川", "river": "真室川"}}, {"type": "Feature", "geometry": {"type": "Point", "coordinates": [140.2802778, 38.8638889]}, "properties": {"name": "平岡橋（ひらおかばし）", "river_system": "最上川", "river": "金山川"}}, {"type": "Feature", "geometry": {"type": "Point", "coordinates": [140.2269444, 38.7286111]}, "properties": {"name": "本合海（もとあいかい）", "river_system": "最上川", "river": "最上川"}}, {"type": "Feature", "geometry": {"type": "Point", "coordinates": [140.2319444, 38.7019444]}, "properties": {"name": "清水（しみず）", "river_system": "最上川", "river": "最上川"}}, {"type": "Feature", "geometry": {"type": "Point", "coordinates": [140.2347222, 38.6872222]}, "properties": {"name": "通り（とおり）", "river_system": "最上川", "river": "銅山川"}}, {"type": "Feature", "geometry": {"type": "Point", "coordinates": [140.2108333, 38.6527778]}, "properties": {"name": "木遠田（きとおだ）", "river_system": "最上川", "river": "銅山川"}}, {"type": "Feature", "geometry": {"type": "Point", "coordinates": [140.1644444, 38.6069444]}, "properties": {"name": "肘折ダム（ひじおりだむ）", "river_system": "最上川", "river": "銅山川"}}, {"type": "Feature", "geometry": {"type": "Point", "coordinates": [140.2777778, 38.6905556]}, "properties": {"name": "長者原（ちょうじゃはら）", "river_system": "最上川", "river": "最上小国川"}}, {"type": "Feature", "geometry": {"type": "Point", "coordinates": [140.4258333, 38.7555556]}, "properties": {"name": "瀬見（せみ）", "river_system": "最上川", "river": "最上小国川"}}, {"type": "Feature", "geometry": {"type": "Point", "coordinates": [140.2880556, 38.6625]}, "properties": {"name": "堀内（ほりのうち）", "river_system": "最上川", "river": "最上川"}}, {"type": "Feature", "geometry": {"type": "Point", "coordinates": [140.3691667, 38.5891667]}, "properties": {"name": "大石田（おおいしだ）", "river_system": "最上川", "river": "最上川"}}, {"type": "Feature", "geometry": {"type": "Point", "coordinates": [139.8861111, 37.9180556]}, "properties": {"name": "下屋地（しもやち）", "river_system": "最上川", "river": "置賜白川"}}, {"type": "Feature", "geometry": {"type": "Point", "coordinates": [139.9147222, 37.9130556]}, "properties": {"name": "広河原（ひろかわら）", "river_system": "最上川", "river": "広河原川"}}, {"type": "Feature", "geometry": {"type": "Point", "coordinates": [139.9675, 38.0130556]}, "properties": {"name": "手ノ子（てのこ）", "river_system": "最上川", "river": "置賜白川"}}, {"type": "Feature", "geometry": {"type": "Point", "coordinates": [139.9866667, 38.0269444]}, "properties": {"name": "椿（つばき）", "river_system": "最上川", "river": "置賜白川"}}, {"type": "Feature", "geometry": {"type": "Point", "coordinates": [139.9961111, 38.3919444]}, "properties": {"name": "中村（なかむら）", "river_system": "最上川", "river": "寒河江川"}}, {"type": "Feature", "geometry": {"type": "Point", "coordinates": [140.0538889, 38.4491667]}, "properties": {"name": "本道寺（ほんどうじ）", "river_system": "最上川", "river": "寒河江川"}}, {"type": "Feature", "geometry": {"type": "Point", "coordinates": [139.9805556, 38.0961111]}, "properties": {"name": "平山（ひらやま）", "river_system": "最上川", "river": "置賜野川"}}, {"type": "Feature", "geometry": {"type": "Point", "coordinates": [140.0275, 38.1144444]}, "properties": {"name": "谷地橋（やじばし）", "river_system": "最上川", "river": "置賜野川"}}, {"type": "Feature", "geometry": {"type": "Point", "coordinates": [139.8330556, 38.6066667]}, "properties": {"name": "笹目橋（ささめばし）", "river_system": "赤川", "river": "赤川"}}, {"type": "Feature", "geometry": {"type": "Point", "coordinates": [139.8477778, 38.6305556]}, "properties": {"name": "熊出（くまいで）", "river_system": "赤川", "river": "赤川"}}, {"type": "Feature", "geometry": {"type": "Point", "coordinates": [139.8619444, 38.6783333]}, "properties": {"name": "黒川橋（くろかわばし）", "river_system": "赤川", "river": "赤川"}}, {"type": "Feature", "geometry": {"type": "Point", "coordinates": [139.8508333, 38.7255556]}, "properties": {"name": "羽黒橋（はぐろばし）", "river_system": "赤川", "river": "赤川"}}, {"type": "Feature", "geometry": {"type": "Point", "coordinates": [139.8494444, 38.7727778]}, "properties": {"name": "横山（よこやま）", "river_system": "赤川", "river": "赤川"}}, {"type": "Feature", "geometry": {"type": "Point", "coordinates": [139.8508333, 38.8066667]}, "properties": {"name": "押切（おしきり）", "river_system": "赤川", "river": "赤川"}}, {"type": "Feature", "geometry": {"type": "Point", "coordinates": [139.8144444, 38.8411111]}, "properties": {"name": "浜中（はまなか）", "river_system": "赤川", "river": "赤川"}}, {"type": "Feature", "geometry": {"type": "Point", "coordinates": [139.84, 38.6172222]}, "properties": {"name": "落合左岸（おちあいさがん）", "river_system": "赤川", "river": "赤川"}}, {"type": "Feature", "geometry": {"type": "Point", "coordinates": [139.84, 38.6172222]}, "properties": {"name": "落合右岸（おちあいうがん）", "river_system": "赤川", "river": "梵字川"}}, {"type": "Feature", "geometry": {"type": "Point", "coordinates": [139.8516389, 38.5895278]}, "properties": {"name": "三栗屋（みくりや）", "river_system": "赤川", "river": "梵字川"}}, {"type": "Feature", "geometry": {"type": "Point", "coordinates": [139.9248056, 38.57075]}, "properties": {"name": "田麦俣（たむぎまた）", "river_system": "赤川", "river": "田麦川"}}, {"type": "Feature", "geometry": {"type": "Point", "coordinates": [145.0815, 43.638]}, "properties": {"name": "合流点（ごうりゅうてん）", "river_system": "標津川", "river": "標津川"}}, {"type": "Feature", "geometry": {"type": "Point", "coordinates": [145.1249722, 43.6713889]}, "properties": {"name": "河口（かこう）", "river_system": "標津川", "river": "標津川"}}, {"type": "Feature", "geometry": {"type": "Point", "coordinates": [141.8455556, 45.245]}, "properties": {"name": "小松橋（こまつばし）", "river_system": "声問川", "river": "声問川"}}, {"type": "Feature", "geometry": {"type": "Point", "coordinates": [140.3972222, 36.6327778]}, "properties": {"name": "山方（やまがた）", "river_system": "久慈川", "river": "久慈川"}}, {"type": "Feature", "geometry": {"type": "Point", "coordinates": [140.4266667, 36.5525]}, "properties": {"name": "富岡（とみおか）", "river_system": "久慈川", "river": "久慈川"}}, {"type": "Feature", "geometry": {"type": "Point", "coordinates": [140.5191667, 36.5038889]}, "properties": {"name": "額田（ぬかだ）", "river_system": "久慈川", "river": "久慈川"}}, {"type": "Feature", "geometry": {"type": "Point", "coordinates": [140.5544444, 36.4963889]}, "properties": {"name": "榊橋上（さかきばしかみ）", "river_system": "久慈川", "river": "久慈川"}}, {"type": "Feature", "geometry": {"type": "Point", "coordinates": [140.5675, 36.495]}, "properties": {"name": "榊橋（さかきばし）", "river_system": "久慈川", "river": "久慈川"}}, {"type": "Feature", "geometry": {"type": "Point", "coordinates": [140.6080556, 36.4808333]}, "properties": {"name": "久慈大橋（くじおおはし）", "river_system": "久慈川", "river": "久慈川"}}, {"type": "Feature", "geometry": {"type": "Point", "coordinates": [140.4713889, 36.5413889]}, "properties": {"name": "常井橋（ときいばし）", "river_system": "久慈川", "river": "山田川"}}, {"type": "Feature", "geometry": {"type": "Point", "coordinates": [140.5405556, 36.5369444]}, "properties": {"name": "機初（はたそめ）", "river_system": "久慈川", "river": "里川"}}, {"type": "Feature", "geometry": {"type": "Point", "coordinates": [140.5825, 36.3405556]}, "properties": {"name": "湊大橋（みなとおおはし）", "river_system": "那珂川", "river": "那珂川"}}, {"type": "Feature", "geometry": {"type": "Point", "coordinates": [140.4808333, 36.3769444]}, "properties": {"name": "水府橋（涸沼川）（すいふばし）", "river_system": "那珂川", "river": "那珂川"}}, {"type": "Feature", "geometry": {"type": "Point", "coordinates": [140.4347222, 36.4208333]}, "properties": {"name": "下国井（しもくにい）", "river_system": "那珂川", "river": "那珂川"}}, {"type": "Feature", "geometry": {"type": "Point", "coordinates": [140.3261111, 36.55]}, "properties": {"name": "野口（藤井川）（のぐち）", "river_system": "那珂川", "river": "那珂川"}}, {"type": "Feature", "geometry": {"type": "Point", "coordinates": [140.1775, 36.5944444]}, "properties": {"name": "川堀（こうぼり）", "river_system": "那珂川", "river": "那珂川"}}, {"type": "Feature", "geometry": {"type": "Point", "coordinates": [140.1430556, 36.7558333]}, "properties": {"name": "小口（こぐち）", "river_system": "那珂川", "river": "那珂川"}}, {"type": "Feature", "geometry": {"type": "Point", "coordinates": [140.1186111, 36.8569444]}, "properties": {"name": "黒羽（くろばね）", "river_system": "那珂川", "river": "那珂川"}}, {"type": "Feature", "geometry": {"type": "Point", "coordinates": [140.5144444, 36.2847222]}, "properties": {"name": "下石崎（しもいしざき）", "river_system": "那珂川", "river": "涸沼川"}}, {"type": "Feature", "geometry": {"type": "Point", "coordinates": [140.4934361, 36.3689056]}, "properties": {"name": "搦手橋（からめてばし）", "river_system": "那珂川", "river": "桜川"}}, {"type": "Feature", "geometry": {"type": "Point", "coordinates": [140.5641667, 36.3205556]}, "properties": {"name": "涸沼橋（ひぬまばし）", "river_system": "那珂川", "river": "涸沼川"}}, {"type": "Feature", "geometry": {"type": "Point", "coordinates": [140.4180556, 36.4366667]}, "properties": {"name": "上合橋（かみあいばし）", "river_system": "那珂川", "river": "藤井川"}}, {"type": "Feature", "geometry": {"type": "Point", "coordinates": [140.4730556, 36.3894444]}, "properties": {"name": "内川内水位（うちかわないすいい）", "river_system": "那珂川", "river": "那珂川"}}, {"type": "Feature", "geometry": {"type": "Point", "coordinates": [140.4730556, 36.3894444]}, "properties": {"name": "内川外水位（うちかわがいすいい）", "river_system": "那珂川", "river": "那珂川"}}, {"type": "Feature", "geometry": {"type": "Point", "coordinates": [140.5030556, 36.3830556]}, "properties": {"name": "早戸川水門内水位（はやとがわすもんない）", "river_system": "那珂川", "river": "那珂川"}}, {"type": "Feature", "geometry": {"type": "Point", "coordinates": [140.5030556, 36.3830556]}, "properties": {"name": "早戸川水門外水位（はやとがわすいもんがい）", "river_system": "那珂川", "river": "那珂川"}}, {"type": "Feature", "geometry": {"type": "Point", "coordinates": [140.5183333, 36.3711111]}, "properties": {"name": "勝田橋（かつたばし）", "river_system": "那珂川", "river": "那珂川"}}, {"type": "Feature", "geometry": {"type": "Point", "coordinates": [140.1566667, 36.6208333]}, "properties": {"name": "烏山江川（簡）（からすやまえがわかっこかん）", "river_system": "那珂川", "river": "江川"}}, {"type": "Feature", "geometry": {"type": "Point", "coordinates": [139.9777778, 35.9222222]}, "properties": {"name": "高野（こうや）", "river_system": "利根川", "river": "利根川"}}, {"type": "Feature", "geometry": {"type": "Point", "coordinates": [139.8913889, 35.9825]}, "properties": {"name": "芽吹橋（めふきばし）", "river_system": "利根川", "river": "利根川"}}, {"type": "Feature", "geometry": {"type": "Point", "coordinates": [139.7025, 36.1438889]}, "properties": {"name": "栗橋（くりはし）", "river_system": "利根川", "river": "利根川"}}, {"type": "Feature", "geometry": {"type": "Point", "coordinates": [139.5152778, 36.1936111]}, "properties": {"name": "川俣（とねかわまた）", "river_system": "利根川", "river": "利根川"}}, {"type": "Feature", "geometry": {"type": "Point", "coordinates": [139.3811111, 36.2402778]}, "properties": {"name": "古戸（ふっと）", "river_system": "利根川", "river": "利根川"}}, {"type": "Feature", "geometry": {"type": "Point", "coordinates": [139.1972222, 36.2633333]}, "properties": {"name": "八斗島（やったじま）", "river_system": "利根川", "river": "利根川"}}, {"type": "Feature", "geometry": {"type": "Point", "coordinates": [139.12, 36.3127778]}, "properties": {"name": "上福島（かみふくしま）", "river_system": "利根川", "river": "利根川"}}, {"type": "Feature", "geometry": {"type": "Point", "coordinates": [139.6941667, 36.1913889]}, "properties": {"name": "古河（こが）", "river_system": "利根川", "river": "渡良瀬川"}}, {"type": "Feature", "geometry": {"type": "Point", "coordinates": [139.6536111, 36.2633333]}, "properties": {"name": "藤岡（ふじおか）", "river_system": "利根川", "river": "渡良瀬川"}}, {"type": "Feature", "geometry": {"type": "Point", "coordinates": [139.7466667, 36.2627778]}, "properties": {"name": "乙女（おとめ）", "river_system": "利根川", "river": "思川"}}, {"type": "Feature", "geometry": {"type": "Point", "coordinates": [139.7925, 36.3869444]}, "properties": {"name": "大光寺（だいこうじ）", "river_system": "利根川", "river": "思川"}}, {"type": "Feature", "geometry": {"type": "Point", "coordinates": [139.7325, 36.2925]}, "properties": {"name": "中里（なかざと）", "river_system": "利根川", "river": "巴波川"}}, {"type": "Feature", "geometry": {"type": "Point", "coordinates": [139.7202778, 36.3433333]}, "properties": {"name": "山下橋（やましたばし）", "river_system": "利根川", "river": "永野川"}}, {"type": "Feature", "geometry": {"type": "Point", "coordinates": [140.0497222, 35.8866667]}, "properties": {"name": "青山水門外水位（あおやますいもんそとがわ）", "river_system": "利根川", "river": "田中調節池"}}, {"type": "Feature", "geometry": {"type": "Point", "coordinates": [140.0497222, 35.8866667]}, "properties": {"name": "青山水門内水位（あおやますいもんうちがわ）", "river_system": "利根川", "river": "田中調節池"}}, {"type": "Feature", "geometry": {"type": "Point", "coordinates": [140.0366667, 35.8955556]}, "properties": {"name": "田中外水位（たなかそとがわ）", "river_system": "利根川", "river": "田中調節池"}}, {"type": "Feature", "geometry": {"type": "Point", "coordinates": [140.0366667, 35.8955556]}, "properties": {"name": "田中内水位（たなかうちがわ）", "river_system": "利根川", "river": "田中調節池"}}, {"type": "Feature", "geometry": {"type": "Point", "coordinates": [139.9675, 35.9372222]}, "properties": {"name": "大野川排水樋管内水位（おおのがわうちがわ）", "river_system": "利根川", "river": "大野川"}}, {"type": "Feature", "geometry": {"type": "Point", "coordinates": [139.9675, 35.9372222]}, "properties": {"name": "大野川排水樋管外水位（おおのがわそとがわ）", "river_system": "利根川", "river": "大野川"}}, {"type": "Feature", "geometry": {"type": "Point", "coordinates": [139.9344722, 35.9532778]}, "properties": {"name": "大木水門外水位（おおきすいもんそとがわ）", "river_system": "利根川", "river": "菅生調節池"}}, {"type": "Feature", "geometry": {"type": "Point", "coordinates": [139.93475, 35.9533611]}, "properties": {"name": "大木水門内水位（おおきすいもんうちがわ）", "river_system": "利根川", "river": "菅生調節池"}}, {"type": "Feature", "geometry": {"type": "Point", "coordinates": [139.9294444, 35.9594444]}, "properties": {"name": "菅生外水位（すごうそと）", "river_system": "利根川", "river": "菅生調節池"}}, {"type": "Feature", "geometry": {"type": "Point", "coordinates": [139.9294444, 35.9594444]}, "properties": {"name": "菅生内水位（すごううち）", "river_system": "利根川", "river": "菅生調節池"}}, {"type": "Feature", "geometry": {"type": "Point", "coordinates": [139.9205556, 35.9922222]}, "properties": {"name": "法師戸水門外水位（ほうしどすいもんそとがわ）", "river_system": "利根川", "river": "飯沼川"}}, {"type": "Feature", "geometry": {"type": "Point", "coordinates": [139.9205556, 35.9922222]}, "properties": {"name": "法師戸水門内水位（ほうしどすいもんうちがわ）", "river_system": "利根川", "river": "飯沼川"}}, {"type": "Feature", "geometry": {"type": "Point", "coordinates": [139.6838889, 36.1980556]}, "properties": {"name": "第一排水門外水位（だいいちはいすいもんそとがわ）", "river_system": "利根川", "river": "渡良瀬遊水地"}}, {"type": "Feature", "geometry": {"type": "Point", "coordinates": [139.6838889, 36.1980556]}, "properties": {"name": "第一排水門内水位（だいいちはいすいもんうちがわ）", "river_system": "利根川", "river": "渡良瀬遊水地"}}, {"type": "Feature", "geometry": {"type": "Point", "coordinates": [139.6986111, 36.2263889]}, "properties": {"name": "第二排水門外水位（だいにはいすいもんそとがわ）", "river_system": "利根川", "river": "渡良瀬遊水地"}}, {"type": "Feature", "geometry": {"type": "Point", "coordinates": [139.6986111, 36.2263889]}, "properties": {"name": "第二排水門内水位（だいにはいすいもんうちがわ）", "river_system": "利根川", "river": "渡良瀬遊水地"}}, {"type": "Feature", "geometry": {"type": "Point", "coordinates": [139.6826611, 36.2543694]}, "properties": {"name": "第三排水門外水位（だいさんはいすいもんそとがわ）", "river_system": "利根川", "river": "渡良瀬遊水地"}}, {"type": "Feature", "geometry": {"type": "Point", "coordinates": [139.6826, 36.2545278]}, "properties": {"name": "第三排水門内水位（だいさんはいすいもんうちがわ）", "river_system": "利根川", "river": "渡良瀬遊水地"}}, {"type": "Feature", "geometry": {"type": "Point", "coordinates": [139.6605556, 36.2144444]}, "properties": {"name": "谷田川第一排水機場外水位（やたがわだいいちはいすいきじょうそとがわ）", "river_system": "利根川", "river": "渡良瀬遊水地"}}, {"type": "Feature", "geometry": {"type": "Point", "coordinates": [139.6622222, 36.255]}, "properties": {"name": "赤麻Ａ（あかまえい）", "river_system": "利根川", "river": "渡良瀬遊水地"}}, {"type": "Feature", "geometry": {"type": "Point", "coordinates": [139.6622222, 36.255]}, "properties": {"name": "赤麻Ｂ（あかまびい）", "river_system": "利根川", "river": "渡良瀬遊水地"}}, {"type": "Feature", "geometry": {"type": "Point", "coordinates": [139.6605556, 36.2144444]}, "properties": {"name": "谷田川第一排水機場内水位（やたがわだいいちはいすいきじょううちがわ）", "river_system": "利根川", "river": "谷田川"}}, {"type": "Feature", "geometry": {"type": "Point", "coordinates": [139.5905556, 36.2125]}, "properties": {"name": "谷田川排水機場内水位（やたがわはいすいうちがわ）", "river_system": "利根川", "river": "谷田川"}}, {"type": "Feature", "geometry": {"type": "Point", "coordinates": [139.6538889, 36.265]}, "properties": {"name": "蓮花川排水機場外水位（れんげがわそとがわ）", "river_system": "利根川", "river": "蓮花川"}}, {"type": "Feature", "geometry": {"type": "Point", "coordinates": [139.6538889, 36.265]}, "properties": {"name": "蓮花川排水機場内水位（れんげがわうちがわ）", "river_system": "利根川", "river": "蓮花川"}}, {"type": "Feature", "geometry": {"type": "Point", "coordinates": [139.5042139, 36.1975806]}, "properties": {"name": "新堀川排水機場外水位（しんぼりがわそとがわ）", "river_system": "利根川", "river": "新堀川"}}, {"type": "Feature", "geometry": {"type": "Point", "coordinates": [139.5043833, 36.1984306]}, "properties": {"name": "新堀川排水機場内水位（しんぼりがわうちがわ）", "river_system": "利根川", "river": "新堀川"}}, {"type": "Feature", "geometry": {"type": "Point", "coordinates": [139.44, 36.1933333]}, "properties": {"name": "福川水門外水位（ふくかわすいもんそとがわ）", "river_system": "利根川", "river": "福川"}}, {"type": "Feature", "geometry": {"type": "Point", "coordinates": [139.44, 36.1933333]}, "properties": {"name": "福川水門内水位（ふくかわすいもんうちがわ）", "river_system": "利根川", "river": "福川"}}, {"type": "Feature", "geometry": {"type": "Point", "coordinates": [139.4213889, 36.2183333]}, "properties": {"name": "休泊川排水機場外水位（きゅうはくはいすいきじょうそとがわ）", "river_system": "利根川", "river": "休泊川"}}, {"type": "Feature", "geometry": {"type": "Point", "coordinates": [139.4222222, 36.2188889]}, "properties": {"name": "休泊川排水機場内水位（きゅうはくはいすいきじょううちがわ）", "river_system": "利根川", "river": "休泊川"}}, {"type": "Feature", "geometry": {"type": "Point", "coordinates": [140.00975, 35.9128611]}, "properties": {"name": "稲戸井排水門外水位（いなどいはいすいもんそとがわ）", "river_system": "利根川", "river": "利根川稲戸井遊水池"}}, {"type": "Feature", "geometry": {"type": "Point", "coordinates": [140.0097556, 35.9130694]}, "properties": {"name": "稲戸井排水門内水位（いなどいはいすいもんうちがわ）", "river_system": "利根川", "river": "利根川稲戸井遊水池"}}, {"type": "Feature", "geometry": {"type": "Point", "coordinates": [140.0380333, 35.90345]}, "properties": {"name": "稲戸井下流排水樋門内水位（いなどいかりゅううちがわ）", "river_system": "利根川", "river": "利根川稲戸井遊水池"}}, {"type": "Feature", "geometry": {"type": "Point", "coordinates": [140.0375333, 35.902925]}, "properties": {"name": "稲戸井下流排水樋門外水位（いなどいかりゅうそとがわ）", "river_system": "利根川", "river": "利根川稲戸井遊水池"}}, {"type": "Feature", "geometry": {"type": "Point", "coordinates": [140.8397222, 35.7366667]}, "properties": {"name": "銚子（ちょうし）", "river_system": "利根川", "river": "利根川"}}, {"type": "Feature", "geometry": {"type": "Point", "coordinates": [140.7219444, 35.8222222]}, "properties": {"name": "太田新田（おおたしんでん）", "river_system": "利根川", "river": "利根川"}}, {"type": "Feature", "geometry": {"type": "Point", "coordinates": [140.5830556, 35.8877778]}, "properties": {"name": "一之分目（いちのわけめ）", "river_system": "利根川", "river": "利根川"}}, {"type": "Feature", "geometry": {"type": "Point", "coordinates": [140.4955556, 35.9105556]}, "properties": {"name": "横利根（よことね）", "river_system": "利根川", "river": "利根川"}}, {"type": "Feature", "geometry": {"type": "Point", "coordinates": [140.4461111, 35.9130556]}, "properties": {"name": "川尻（かわじり）", "river_system": "利根川", "river": "利根川"}}, {"type": "Feature", "geometry": {"type": "Point", "coordinates": [140.3466667, 35.8838889]}, "properties": {"name": "金江津（かなえつ）", "river_system": "利根川", "river": "利根川"}}, {"type": "Feature", "geometry": {"type": "Point", "coordinates": [140.3177778, 35.8619444]}, "properties": {"name": "新川（しんかわ）", "river_system": "利根川", "river": "利根川"}}, {"type": "Feature", "geometry": {"type": "Point", "coordinates": [140.2358333, 35.8519444]}, "properties": {"name": "須賀（すが）", "river_system": "利根川", "river": "利根川"}}, {"type": "Feature", "geometry": {"type": "Point", "coordinates": [140.1394444, 35.8525]}, "properties": {"name": "布川（ふかわ）", "river_system": "利根川", "river": "利根川"}}, {"type": "Feature", "geometry": {"type": "Point", "coordinates": [140.1283333, 35.8702778]}, "properties": {"name": "押付（おしつけ）", "river_system": "利根川", "river": "利根川"}}, {"type": "Feature", "geometry": {"type": "Point", "coordinates": [140.0566667, 35.8908333]}, "properties": {"name": "取手（とりで）", "river_system": "利根川", "river": "利根川"}}, {"type": "Feature", "geometry": {"type": "Point", "coordinates": [140.1255556, 35.8808333]}, "properties": {"name": "戸田井（とだい）", "river_system": "利根川", "river": "小貝川"}}, {"type": "Feature", "geometry": {"type": "Point", "coordinates": [140.1394444, 35.9130556]}, "properties": {"name": "中郷（なかごう）", "river_system": "利根川", "river": "小貝川"}}, {"type": "Feature", "geometry": {"type": "Point", "coordinates": [140.0658333, 35.8508333]}, "properties": {"name": "曙橋（あけぼのばし）", "river_system": "利根川", "river": "手賀川"}}, {"type": "Feature", "geometry": {"type": "Point", "coordinates": [140.1175, 35.8377778]}, "properties": {"name": "発作橋（はっさくばし）", "river_system": "利根川", "river": "下手賀川"}}, {"type": "Feature", "geometry": {"type": "Point", "coordinates": [139.9844444, 35.8736111]}, "properties": {"name": "呼塚橋（よばつかばし）", "river_system": "利根川", "river": "大堀川"}}, {"type": "Feature", "geometry": {"type": "Point", "coordinates": [140.7847222, 35.7641667]}, "properties": {"name": "荒波（あらく）", "river_system": "利根川", "river": "利根川"}}, {"type": "Feature", "geometry": {"type": "Point", "coordinates": [140.1269444, 35.9408333]}, "properties": {"name": "牛久沼湖面（うしくぬまこめん）", "river_system": "利根川", "river": "牛久沼"}}, {"type": "Feature", "geometry": {"type": "Point", "coordinates": [140.695, 35.8375]}, "properties": {"name": "黒部（表）（くろべ（おもて））", "river_system": "利根川", "river": "利根川"}}, {"type": "Feature", "geometry": {"type": "Point", "coordinates": [140.6933333, 35.8363889]}, "properties": {"name": "黒部（裏）（くろべ（うら））", "river_system": "利根川", "river": "黒部川"}}, {"type": "Feature", "geometry": {"type": "Point", "coordinates": [140.295, 36.0277778]}, "properties": {"name": "木原（きはら）", "river_system": "利根川", "river": "霞ヶ浦"}}, {"type": "Feature", "geometry": {"type": "Point", "coordinates": [140.3738889, 36.0091667]}, "properties": {"name": "大山（おおやま）", "river_system": "利根川", "river": "霞ヶ浦"}}, {"type": "Feature", "geometry": {"type": "Point", "coordinates": [140.3752778, 36.0694444]}, "properties": {"name": "出島（でじま）", "river_system": "利根川", "river": "霞ヶ浦"}}, {"type": "Feature", "geometry": {"type": "Point", "coordinates": [140.4038889, 36.0377778]}, "properties": {"name": "湖心（こしん）", "river_system": "利根川", "river": "霞ヶ浦"}}, {"type": "Feature", "geometry": {"type": "Point", "coordinates": [140.39, 36.1280556]}, "properties": {"name": "八木蒔（やぎまき）", "river_system": "利根川", "river": "霞ヶ浦"}}, {"type": "Feature", "geometry": {"type": "Point", "coordinates": [140.4241667, 36.0566667]}, "properties": {"name": "井上（いのうえ）", "river_system": "利根川", "river": "霞ヶ浦"}}, {"type": "Feature", "geometry": {"type": "Point", "coordinates": [140.4886111, 35.9652778]}, "properties": {"name": "麻生沖（あそうおき）", "river_system": "利根川", "river": "霞ヶ浦"}}, {"type": "Feature", "geometry": {"type": "Point", "coordinates": [140.56, 36.0280556]}, "properties": {"name": "白浜（しらはま）", "river_system": "利根川", "river": "北浦"}}, {"type": "Feature", "geometry": {"type": "Point", "coordinates": [140.6080556, 35.9619444]}, "properties": {"name": "神宮橋（じんぐうばし）", "river_system": "利根川", "river": "鰐川"}}, {"type": "Feature", "geometry": {"type": "Point", "coordinates": [140.5141667, 35.9580556]}, "properties": {"name": "牛堀（うしぼり）", "river_system": "利根川", "river": "常陸利根川"}}, {"type": "Feature", "geometry": {"type": "Point", "coordinates": [140.5502778, 35.9338889]}, "properties": {"name": "潮来（いたこ）", "river_system": "利根川", "river": "常陸利根川"}}, {"type": "Feature", "geometry": {"type": "Point", "coordinates": [140.5769444, 35.9233333]}, "properties": {"name": "十番（じゅうばん）", "river_system": "利根川", "river": "常陸利根川"}}, {"type": "Feature", "geometry": {"type": "Point", "coordinates": [140.6097222, 35.9008333]}, "properties": {"name": "賀（が）", "river_system": "利根川", "river": "常陸利根川"}}, {"type": "Feature", "geometry": {"type": "Point", "coordinates": [140.7080556, 35.8419444]}, "properties": {"name": "波崎上（はさきかみ）", "river_system": "利根川", "river": "常陸利根川"}}, {"type": "Feature", "geometry": {"type": "Point", "coordinates": [140.7094444, 35.8411111]}, "properties": {"name": "波崎下（はさきしも）", "river_system": "利根川", "river": "常陸利根川"}}, {"type": "Feature", "geometry": {"type": "Point", "coordinates": [140.4975, 35.9366667]}, "properties": {"name": "新横利根（しんよことね）", "river_system": "利根川", "river": "横利根川"}}, {"type": "Feature", "geometry": {"type": "Point", "coordinates": [140.1427778, 36.1136111]}, "properties": {"name": "藤沢新田（ふじさわしんでん）", "river_system": "利根川", "river": "桜川"}}, {"type": "Feature", "geometry": {"type": "Point", "coordinates": [140.2597222, 36.1841667]}, "properties": {"name": "恋瀬川（こいせがわ）", "river_system": "利根川", "river": "恋瀬川"}}, {"type": "Feature", "geometry": {"type": "Point", "coordinates": [140.2505556, 35.9436111]}, "properties": {"name": "小野川（おのがわ）", "river_system": "利根川", "river": "小野川"}}, {"type": "Feature", "geometry": {"type": "Point", "coordinates": [140.2647222, 36.0113889]}, "properties": {"name": "塙（はなわ）", "river_system": "利根川", "river": "清明川"}}, {"type": "Feature", "geometry": {"type": "Point", "coordinates": [140.3519444, 36.1694444]}, "properties": {"name": "小川（おがわ）", "river_system": "利根川", "river": "園部川"}}, {"type": "Feature", "geometry": {"type": "Point", "coordinates": [140.4758333, 36.1577778]}, "properties": {"name": "巴川（ともえがわ）", "river_system": "利根川", "river": "巴川"}}, {"type": "Feature", "geometry": {"type": "Point", "coordinates": [140.5116667, 36.1563889]}, "properties": {"name": "鉾田川（ほこたがわ）", "river_system": "利根川", "river": "鉾田川"}}, {"type": "Feature", "geometry": {"type": "Point", "coordinates": [139.9458333, 35.6819444]}, "properties": {"name": "妙典（みょうてん）", "river_system": "利根川", "river": "江戸川"}}, {"type": "Feature", "geometry": {"type": "Point", "coordinates": [139.9258333, 35.7013889]}, "properties": {"name": "可動堰下（かどうぜきしも）", "river_system": "利根川", "river": "江戸川"}}, {"type": "Feature", "geometry": {"type": "Point", "coordinates": [139.9211111, 35.7030556]}, "properties": {"name": "可動堰上（かどうぜきかみ）", "river_system": "利根川", "river": "江戸川"}}, {"type": "Feature", "geometry": {"type": "Point", "coordinates": [139.9019444, 35.7383333]}, "properties": {"name": "市川（いちかわ）", "river_system": "利根川", "river": "江戸川"}}, {"type": "Feature", "geometry": {"type": "Point", "coordinates": [139.8927778, 35.7991667]}, "properties": {"name": "古ヶ崎(江戸川)（こがさきえどがわ）", "river_system": "利根川", "river": "江戸川"}}, {"type": "Feature", "geometry": {"type": "Point", "coordinates": [139.8941667, 35.7819444]}, "properties": {"name": "松戸（まつど）", "river_system": "利根川", "river": "江戸川"}}, {"type": "Feature", "geometry": {"type": "Point", "coordinates": [139.8936111, 35.7994444]}, "properties": {"name": "古ヶ崎(堤外)（こがさきていがい）", "river_system": "利根川", "river": "江戸川"}}, {"type": "Feature", "geometry": {"type": "Point", "coordinates": [139.8930556, 35.7872222]}, "properties": {"name": "樋野口堤外（ひのくちていがい）", "river_system": "利根川", "river": "利根川"}}, {"type": "Feature", "geometry": {"type": "Point", "coordinates": [139.8883333, 35.8166667]}, "properties": {"name": "三郷（4）（みさと（4））", "river_system": "利根川", "river": "江戸川"}}, {"type": "Feature", "geometry": {"type": "Point", "coordinates": [139.8908333, 35.8227778]}, "properties": {"name": "松戸水門（まつどすいもん）", "river_system": "利根川", "river": "江戸川"}}, {"type": "Feature", "geometry": {"type": "Point", "coordinates": [139.8944444, 35.8508333]}, "properties": {"name": "流山（ながれやま）", "river_system": "利根川", "river": "江戸川"}}, {"type": "Feature", "geometry": {"type": "Point", "coordinates": [139.8497222, 35.9383333]}, "properties": {"name": "野田（のだ）", "river_system": "利根川", "river": "江戸川"}}, {"type": "Feature", "geometry": {"type": "Point", "coordinates": [139.82, 35.9919444]}, "properties": {"name": "東金野井（ひがしかなのい）", "river_system": "利根川", "river": "江戸川"}}, {"type": "Feature", "geometry": {"type": "Point", "coordinates": [139.8172222, 36.0308333]}, "properties": {"name": "宝珠花（ほうしゅばな）", "river_system": "利根川", "river": "江戸川"}}, {"type": "Feature", "geometry": {"type": "Point", "coordinates": [139.7761111, 36.0902778]}, "properties": {"name": "西関宿（にしせきやど）", "river_system": "利根川", "river": "江戸川"}}, {"type": "Feature", "geometry": {"type": "Point", "coordinates": [139.7780556, 36.1022222]}, "properties": {"name": "関宿水門下流（せきやどすいもんかりゅう）", "river_system": "利根川", "river": "江戸川"}}, {"type": "Feature", "geometry": {"type": "Point", "coordinates": [139.7891667, 36.1033333]}, "properties": {"name": "北関宿（きたせきやど）", "river_system": "利根川", "river": "利根川"}}, {"type": "Feature", "geometry": {"type": "Point", "coordinates": [139.7772222, 36.1027778]}, "properties": {"name": "関宿水門上流（せきやどすいもんじょうりゅう）", "river_system": "利根川", "river": "江戸川"}}, {"type": "Feature", "geometry": {"type": "Point", "coordinates": [139.7663889, 36.1216667]}, "properties": {"name": "利根関宿（とねせきやど）", "river_system": "利根川", "river": "利根川"}}, {"type": "Feature", "geometry": {"type": "Point", "coordinates": [139.8877778, 35.6613889]}, "properties": {"name": "堀江（ほりえ）", "river_system": "利根川", "river": "旧江戸川"}}, {"type": "Feature", "geometry": {"type": "Point", "coordinates": [139.9177778, 35.7005556]}, "properties": {"name": "江戸川水門下（えどがわすいもんしも）", "river_system": "利根川", "river": "旧江戸川"}}, {"type": "Feature", "geometry": {"type": "Point", "coordinates": [139.9169444, 35.7025]}, "properties": {"name": "江戸川水門上（えどがわすいもんかみ）", "river_system": "利根川", "river": "旧江戸川"}}, {"type": "Feature", "geometry": {"type": "Point", "coordinates": [139.9025, 35.9152778]}, "properties": {"name": "運河（うんが）", "river_system": "利根川", "river": "利根運河"}}, {"type": "Feature", "geometry": {"type": "Point", "coordinates": [139.9388889, 35.9255556]}, "properties": {"name": "江川（外）（えがわ（そと））", "river_system": "利根川", "river": "利根運河"}}, {"type": "Feature", "geometry": {"type": "Point", "coordinates": [139.9452778, 35.9286111]}, "properties": {"name": "運河水門下水位（うんがすいもんしもすいい）", "river_system": "利根川", "river": "利根運河"}}, {"type": "Feature", "geometry": {"type": "Point", "coordinates": [139.9505556, 35.9294444]}, "properties": {"name": "船戸（導）（ふなと（どう））", "river_system": "利根川", "river": "利根運河"}}, {"type": "Feature", "geometry": {"type": "Point", "coordinates": [139.9541667, 35.93]}, "properties": {"name": "船戸（取）（ふなと（しゅ））", "river_system": "利根川", "river": "利根運河"}}, {"type": "Feature", "geometry": {"type": "Point", "coordinates": [139.8922222, 35.8227778]}, "properties": {"name": "坂川放水路（さかがわほうすいろ）", "river_system": "利根川", "river": "坂川"}}, {"type": "Feature", "geometry": {"type": "Point", "coordinates": [139.905, 35.8247222]}, "properties": {"name": "坂川分派（内）（さかがわぶんぱひうち）", "river_system": "利根川", "river": "坂川"}}, {"type": "Feature", "geometry": {"type": "Point", "coordinates": [139.9047222, 35.8247222]}, "properties": {"name": "坂川分派（外）（さかがわぶんぱそと）", "river_system": "利根川", "river": "坂川"}}, {"type": "Feature", "geometry": {"type": "Point", "coordinates": [139.8947222, 35.7775]}, "properties": {"name": "小山堰赤圦側（こやまぜきあかいりがわ）", "river_system": "利根川", "river": "坂川"}}, {"type": "Feature", "geometry": {"type": "Point", "coordinates": [139.8938889, 35.7769444]}, "properties": {"name": "小山堰柳原側（こやまぜきやなぎはらがわ）", "river_system": "利根川", "river": "坂川"}}, {"type": "Feature", "geometry": {"type": "Point", "coordinates": [139.9069444, 35.8297222]}, "properties": {"name": "大谷口新田（おおやぐちしんでん）", "river_system": "利根川", "river": "坂川"}}, {"type": "Feature", "geometry": {"type": "Point", "coordinates": [139.8955556, 35.7822222]}, "properties": {"name": "赤圦（あかいり）", "river_system": "利根川", "river": "江戸川"}}, {"type": "Feature", "geometry": {"type": "Point", "coordinates": [139.8925, 35.7772222]}, "properties": {"name": "小山堰流保内（こやまぜきりゅうほうち）", "river_system": "利根川", "river": "坂川"}}, {"type": "Feature", "geometry": {"type": "Point", "coordinates": [139.9205556, 35.8480556]}, "properties": {"name": "幸田（こうで）", "river_system": "利根川", "river": "坂川"}}, {"type": "Feature", "geometry": {"type": "Point", "coordinates": [139.9330556, 35.8566667]}, "properties": {"name": "野々下（ののした）", "river_system": "利根川", "river": "坂川"}}, {"type": "Feature", "geometry": {"type": "Point", "coordinates": [139.8947222, 35.7994444]}, "properties": {"name": "古ヶ崎（内）（こがさき（うち））", "river_system": "利根川", "river": "六間川"}}, {"type": "Feature", "geometry": {"type": "Point", "coordinates": [139.9258333, 35.7363889]}, "properties": {"name": "須和田（すわだ）", "river_system": "利根川", "river": "真間川"}}, {"type": "Feature", "geometry": {"type": "Point", "coordinates": [139.8611111, 35.7494444]}, "properties": {"name": "高砂（たかさご）", "river_system": "利根川", "river": "中川"}}, {"type": "Feature", "geometry": {"type": "Point", "coordinates": [139.85, 35.7786111]}, "properties": {"name": "飯塚橋（いいづかばし）", "river_system": "利根川", "river": "中川"}}, {"type": "Feature", "geometry": {"type": "Point", "coordinates": [139.8697222, 35.8183333]}, "properties": {"name": "三郷（1）（みさと（1））", "river_system": "利根川", "river": "中川"}}, {"type": "Feature", "geometry": {"type": "Point", "coordinates": [139.8419444, 35.8472222]}, "properties": {"name": "八条橋（はちじょうばし）", "river_system": "利根川", "river": "中川"}}, {"type": "Feature", "geometry": {"type": "Point", "coordinates": [139.8383333, 35.8841667]}, "properties": {"name": "吉川（よしかわ）", "river_system": "利根川", "river": "中川"}}, {"type": "Feature", "geometry": {"type": "Point", "coordinates": [139.8372222, 35.9066667]}, "properties": {"name": "川藤（かわふじ）", "river_system": "利根川", "river": "中川"}}, {"type": "Feature", "geometry": {"type": "Point", "coordinates": [139.8052778, 35.955]}, "properties": {"name": "倉田（くらた）", "river_system": "利根川", "river": "中川"}}, {"type": "Feature", "geometry": {"type": "Point", "coordinates": [139.8083333, 35.9163889]}, "properties": {"name": "前波（ぜんなみ）", "river_system": "利根川", "river": "古利根川"}}, {"type": "Feature", "geometry": {"type": "Point", "coordinates": [139.7741667, 35.9775]}, "properties": {"name": "春日部（かすかべ）", "river_system": "利根川", "river": "古利根川"}}, {"type": "Feature", "geometry": {"type": "Point", "coordinates": [139.8016667, 35.9125]}, "properties": {"name": "増林（ますばやし）", "river_system": "利根川", "river": "新方川"}}, {"type": "Feature", "geometry": {"type": "Point", "coordinates": [139.7869444, 35.8977778]}, "properties": {"name": "宮前（みやまえ）", "river_system": "利根川", "river": "元荒川"}}, {"type": "Feature", "geometry": {"type": "Point", "coordinates": [139.8838889, 35.8169444]}, "properties": {"name": "大場川（2）（おおばがわ（2））", "river_system": "利根川", "river": "大場川"}}, {"type": "Feature", "geometry": {"type": "Point", "coordinates": [139.8863889, 35.8183333]}, "properties": {"name": "大場川（3）（おおばがわ（3））", "river_system": "利根川", "river": "大場川"}}, {"type": "Feature", "geometry": {"type": "Point", "coordinates": [139.8838889, 35.8186111]}, "properties": {"name": "大場川（1）（おおばがわ（1））", "river_system": "利根川", "river": "大場川"}}, {"type": "Feature", "geometry": {"type": "Point", "coordinates": [139.8280556, 35.7925]}, "properties": {"name": "内匠橋（たくみばし）", "river_system": "利根川", "river": "綾瀬川"}}, {"type": "Feature", "geometry": {"type": "Point", "coordinates": [139.8222222, 35.8183333]}, "properties": {"name": "柳ノ宮（やなぎのみや）", "river_system": "利根川", "river": "綾瀬川"}}, {"type": "Feature", "geometry": {"type": "Point", "coordinates": [139.8066667, 35.8380556]}, "properties": {"name": "谷古宇（やこう）", "river_system": "利根川", "river": "綾瀬川"}}, {"type": "Feature", "geometry": {"type": "Point", "coordinates": [139.8019444, 35.8513889]}, "properties": {"name": "草加水門（そうかすいもん）", "river_system": "利根川", "river": "その他"}}, {"type": "Feature", "geometry": {"type": "Point", "coordinates": [139.7416667, 35.8869444]}, "properties": {"name": "畷橋（なわてばし）", "river_system": "利根川", "river": "綾瀬川"}}, {"type": "Feature", "geometry": {"type": "Point", "coordinates": [139.8422222, 35.8408333]}, "properties": {"name": "八潮水門外（やしおすいもんそと）", "river_system": "利根川", "river": "中川"}}, {"type": "Feature", "geometry": {"type": "Point", "coordinates": [139.8408333, 35.8405556]}, "properties": {"name": "鶴ヶ曽根側（つるがそねがわ）", "river_system": "利根川", "river": "その他"}}, {"type": "Feature", "geometry": {"type": "Point", "coordinates": [139.8413889, 35.8408333]}, "properties": {"name": "八潮水門内（やしおすいもんうち）", "river_system": "利根川", "river": "中川"}}, {"type": "Feature", "geometry": {"type": "Point", "coordinates": [139.8422222, 35.8408333]}, "properties": {"name": "八潮機場北（やしおきじょうきた）", "river_system": "利根川", "river": "中川"}}, {"type": "Feature", "geometry": {"type": "Point", "coordinates": [139.8397222, 35.8422222]}, "properties": {"name": "八条樋管側（はちじょうひかんがわ）", "river_system": "利根川", "river": "その他"}}, {"type": "Feature", "geometry": {"type": "Point", "coordinates": [139.8205556, 35.8497222]}, "properties": {"name": "古綾瀬伏越下（ふるあやせふせこしした）", "river_system": "利根川", "river": "その他"}}, {"type": "Feature", "geometry": {"type": "Point", "coordinates": [139.8202778, 35.8505556]}, "properties": {"name": "古綾瀬下放（ふるあやせしたほう）", "river_system": "利根川", "river": "その他"}}, {"type": "Feature", "geometry": {"type": "Point", "coordinates": [139.8202778, 35.8505556]}, "properties": {"name": "古綾瀬下古（ふるあやせしたふる）", "river_system": "利根川", "river": "その他"}}, {"type": "Feature", "geometry": {"type": "Point", "coordinates": [139.8119444, 35.8513889]}, "properties": {"name": "古綾瀬上放（ふるあやせうえほう）", "river_system": "利根川", "river": "その他"}}, {"type": "Feature", "geometry": {"type": "Point", "coordinates": [139.8119444, 35.8511111]}, "properties": {"name": "古綾瀬上古（ふるあやせうえふる）", "river_system": "利根川", "river": "その他"}}, {"type": "Feature", "geometry": {"type": "Point", "coordinates": [139.8025, 35.8511111]}, "properties": {"name": "草加北放（そうかきたほう）", "river_system": "利根川", "river": "その他"}}, {"type": "Feature", "geometry": {"type": "Point", "coordinates": [139.8025, 35.8508333]}, "properties": {"name": "草加南放（そうかみなみほう）", "river_system": "利根川", "river": "その他"}}, {"type": "Feature", "geometry": {"type": "Point", "coordinates": [139.5930556, 36.2683333]}, "properties": {"name": "大島（おおしま）", "river_system": "利根川", "river": "渡良瀬川"}}, {"type": "Feature", "geometry": {"type": "Point", "coordinates": [139.5027778, 36.3019444]}, "properties": {"name": "早川田上（さかわだかみ）", "river_system": "利根川", "river": "渡良瀬川"}}, {"type": "Feature", "geometry": {"type": "Point", "coordinates": [139.4641667, 36.3202778]}, "properties": {"name": "岩井分水路（いわいぶんすいろ）", "river_system": "利根川", "river": "渡良瀬川"}}, {"type": "Feature", "geometry": {"type": "Point", "coordinates": [139.4638889, 36.32]}, "properties": {"name": "岩井（いわい）", "river_system": "利根川", "river": "渡良瀬川"}}, {"type": "Feature", "geometry": {"type": "Point", "coordinates": [139.4447222, 36.3338889]}, "properties": {"name": "足利（あしかが）", "river_system": "利根川", "river": "渡良瀬川"}}, {"type": "Feature", "geometry": {"type": "Point", "coordinates": [139.3872222, 36.3556111]}, "properties": {"name": "葉鹿橋（はじかばし）", "river_system": "利根川", "river": "渡良瀬川"}}, {"type": "Feature", "geometry": {"type": "Point", "coordinates": [139.3608333, 36.3761111]}, "properties": {"name": "松原橋（まつばらばし）", "river_system": "利根川", "river": "渡良瀬川"}}, {"type": "Feature", "geometry": {"type": "Point", "coordinates": [139.2802778, 36.4344444]}, "properties": {"name": "高津戸（たかつど）", "river_system": "利根川", "river": "渡良瀬川"}}, {"type": "Feature", "geometry": {"type": "Point", "coordinates": [139.5772222, 36.2805556]}, "properties": {"name": "伊保内橋（いぼうちばし）", "river_system": "利根川", "river": "秋山川"}}, {"type": "Feature", "geometry": {"type": "Point", "coordinates": [139.5791667, 36.2791667]}, "properties": {"name": "伊保内新橋（いぼうちしんばし）", "river_system": "利根川", "river": "秋山川"}}, {"type": "Feature", "geometry": {"type": "Point", "coordinates": [139.5016667, 36.2788889]}, "properties": {"name": "足森橋（あしもりばし）", "river_system": "利根川", "river": "矢場川"}}, {"type": "Feature", "geometry": {"type": "Point", "coordinates": [139.4427778, 36.3019444]}, "properties": {"name": "藤本（ふじもと）", "river_system": "利根川", "river": "矢場川"}}, {"type": "Feature", "geometry": {"type": "Point", "coordinates": [139.5336111, 36.3055556]}, "properties": {"name": "高田橋（たかだばし）", "river_system": "利根川", "river": "旗川"}}, {"type": "Feature", "geometry": {"type": "Point", "coordinates": [139.35, 36.4066667]}, "properties": {"name": "広見橋（ひろみばし）", "river_system": "利根川", "river": "桐生川"}}, {"type": "Feature", "geometry": {"type": "Point", "coordinates": [139.7981667, 36.7499111]}, "properties": {"name": "佐貫（上）（さぬき（かみ））", "river_system": "利根川", "river": "鬼怒川"}}, {"type": "Feature", "geometry": {"type": "Point", "coordinates": [139.8003528, 36.7485583]}, "properties": {"name": "佐貫（下）（さぬき（しも））", "river_system": "利根川", "river": "鬼怒川"}}, {"type": "Feature", "geometry": {"type": "Point", "coordinates": [139.9713889, 36.6128861]}, "properties": {"name": "宝積寺（上）（ほうしゃくじ（かみ））", "river_system": "利根川", "river": "鬼怒川"}}, {"type": "Feature", "geometry": {"type": "Point", "coordinates": [139.9730889, 36.6049722]}, "properties": {"name": "宝積寺（下）（ほうしゃくじ（しも））", "river_system": "利根川", "river": "鬼怒川"}}, {"type": "Feature", "geometry": {"type": "Point", "coordinates": [139.9475556, 36.5423917]}, "properties": {"name": "石井（右）（いしい（みぎ））", "river_system": "利根川", "river": "鬼怒川"}}, {"type": "Feature", "geometry": {"type": "Point", "coordinates": [139.9100306, 36.2908]}, "properties": {"name": "川島（かわしま）", "river_system": "利根川", "river": "鬼怒川"}}, {"type": "Feature", "geometry": {"type": "Point", "coordinates": [139.9112333, 36.2252333]}, "properties": {"name": "平方（ひらかた）", "river_system": "利根川", "river": "鬼怒川"}}, {"type": "Feature", "geometry": {"type": "Point", "coordinates": [139.94825, 36.1518722]}, "properties": {"name": "鎌庭（かまにわ）", "river_system": "利根川", "river": "鬼怒川"}}, {"type": "Feature", "geometry": {"type": "Point", "coordinates": [139.9844222, 36.0219361]}, "properties": {"name": "鬼怒川水海道（きぬがわみつかいどう）", "river_system": "利根川", "river": "鬼怒川"}}, {"type": "Feature", "geometry": {"type": "Point", "coordinates": [140.0672278, 36.4324111]}, "properties": {"name": "田野橋（たのばし）", "river_system": "利根川", "river": "小貝川"}}, {"type": "Feature", "geometry": {"type": "Point", "coordinates": [140.0321139, 36.3919694]}, "properties": {"name": "三谷（みや）", "river_system": "利根川", "river": "小貝川"}}, {"type": "Feature", "geometry": {"type": "Point", "coordinates": [139.9982028, 36.2906806]}, "properties": {"name": "養蚕（ようさん）", "river_system": "利根川", "river": "小貝川"}}, {"type": "Feature", "geometry": {"type": "Point", "coordinates": [139.9964778, 36.2500472]}, "properties": {"name": "黒子（くろご）", "river_system": "利根川", "river": "小貝川"}}, {"type": "Feature", "geometry": {"type": "Point", "coordinates": [140.0003361, 36.1073556]}, "properties": {"name": "上郷（かみごう）", "river_system": "利根川", "river": "小貝川"}}, {"type": "Feature", "geometry": {"type": "Point", "coordinates": [139.998025, 36.017025]}, "properties": {"name": "小貝川水海道（こかいがわみつかいどう）", "river_system": "利根川", "river": "小貝川"}}, {"type": "Feature", "geometry": {"type": "Point", "coordinates": [139.9933528, 36.0035333]}, "properties": {"name": "川又（かわまた）", "river_system": "利根川", "river": "小貝川"}}, {"type": "Feature", "geometry": {"type": "Point", "coordinates": [140.1284, 35.9252389]}, "properties": {"name": "文巻（ふみまき）", "river_system": "利根川", "river": "小貝川"}}, {"type": "Feature", "geometry": {"type": "Point", "coordinates": [139.9877778, 36.4091667]}, "properties": {"name": "二宮（にのみや）", "river_system": "利根川", "river": "五行川"}}, {"type": "Feature", "geometry": {"type": "Point", "coordinates": [139.9919444, 36.2555556]}, "properties": {"name": "湛水池田谷川（たんすいちたやがわ）", "river_system": "利根川", "river": "小貝川"}}, {"type": "Feature", "geometry": {"type": "Point", "coordinates": [139.9952778, 36.2622222]}, "properties": {"name": "越流堤（えつりゅうてい）", "river_system": "利根川", "river": "小貝川"}}, {"type": "Feature", "geometry": {"type": "Point", "coordinates": [139.9930556, 36.2558333]}, "properties": {"name": "湛水池1（たんすいち1）", "river_system": "利根川", "river": "小貝川"}}, {"type": "Feature", "geometry": {"type": "Point", "coordinates": [139.9930556, 36.2569444]}, "properties": {"name": "湛水池2（たんすいち2）", "river_system": "利根川", "river": "小貝川"}}, {"type": "Feature", "geometry": {"type": "Point", "coordinates": [139.6113889, 36.7519444]}, "properties": {"name": "日光（にっこう）", "river_system": "利根川", "river": "大谷川"}}, {"type": "Feature", "geometry": {"type": "Point", "coordinates": [139.6063889, 36.755]}, "properties": {"name": "山内（さんない）", "river_system": "利根川", "river": "稲荷川"}}, {"type": "Feature", "geometry": {"type": "Point", "coordinates": [138.7836111, 36.55]}, "properties": {"name": "岩島（いわしま）", "river_system": "利根川", "river": "吾妻川"}}, {"type": "Feature", "geometry": {"type": "Point", "coordinates": [139.0572222, 36.3852778]}, "properties": {"name": "前橋（まえばし）", "river_system": "利根川", "river": "利根川"}}, {"type": "Feature", "geometry": {"type": "Point", "coordinates": [139.0497222, 36.5969444]}, "properties": {"name": "岩本（いわもと）", "river_system": "利根川", "river": "利根川"}}, {"type": "Feature", "geometry": {"type": "Point", "coordinates": [138.9713889, 36.7686111]}, "properties": {"name": "湯原（ゆばら）", "river_system": "利根川", "river": "利根川"}}, {"type": "Feature", "geometry": {"type": "Point", "coordinates": [138.8763889, 36.3811111]}, "properties": {"name": "上里見（かみさとみ）", "river_system": "利根川", "river": "烏川"}}, {"type": "Feature", "geometry": {"type": "Point", "coordinates": [138.9213889, 36.5519444]}, "properties": {"name": "村上（むらかみ）", "river_system": "利根川", "river": "吾妻川"}}, {"type": "Feature", "geometry": {"type": "Point", "coordinates": [139.0944444, 36.6577778]}, "properties": {"name": "上久屋（かみくや）", "river_system": "利根川", "river": "片品川"}}, {"type": "Feature", "geometry": {"type": "Point", "coordinates": [139.2083333, 36.7088889]}, "properties": {"name": "千鳥（ちどり）", "river_system": "利根川", "river": "片品川"}}, {"type": "Feature", "geometry": {"type": "Point", "coordinates": [139.2227778, 36.7683333]}, "properties": {"name": "鎌田（かまた）", "river_system": "利根川", "river": "片品川"}}, {"type": "Feature", "geometry": {"type": "Point", "coordinates": [138.9830556, 36.6825]}, "properties": {"name": "小袖橋（こそでばし）", "river_system": "利根川", "river": "赤谷川"}}, {"type": "Feature", "geometry": {"type": "Point", "coordinates": [138.8883333, 36.75]}, "properties": {"name": "川古（かわふる）", "river_system": "利根川", "river": "赤谷川"}}, {"type": "Feature", "geometry": {"type": "Point", "coordinates": [138.8686111, 36.7275]}, "properties": {"name": "吹路（ふくろ）", "river_system": "利根川", "river": "西川"}}, {"type": "Feature", "geometry": {"type": "Point", "coordinates": [139.6211111, 36.9633333]}, "properties": {"name": "清水バイパス取水口（せいすいばいぱすしゅすいこう）", "river_system": "利根川", "river": "湯西川"}}, {"type": "Feature", "geometry": {"type": "Point", "coordinates": [139.6211111, 36.9630556]}, "properties": {"name": "赤倉橋（あかくらばし）", "river_system": "利根川", "river": "湯西川"}}, {"type": "Feature", "geometry": {"type": "Point", "coordinates": [139.0, 36.3216667]}, "properties": {"name": "高松（たかまつ）", "river_system": "利根川", "river": "烏川"}}, {"type": "Feature", "geometry": {"type": "Point", "coordinates": [139.0761111, 36.2911111]}, "properties": {"name": "岩鼻（いわはな）", "river_system": "利根川", "river": "烏川"}}, {"type": "Feature", "geometry": {"type": "Point", "coordinates": [139.1238889, 36.2797222]}, "properties": {"name": "新町（しんまち）", "river_system": "利根川", "river": "烏川"}}, {"type": "Feature", "geometry": {"type": "Point", "coordinates": [138.8883333, 36.3208333]}, "properties": {"name": "安中（あんなか）", "river_system": "利根川", "river": "碓氷川"}}, {"type": "Feature", "geometry": {"type": "Point", "coordinates": [139.0255556, 36.2605556]}, "properties": {"name": "岩井（いわい）", "river_system": "利根川", "river": "鏑川"}}, {"type": "Feature", "geometry": {"type": "Point", "coordinates": [139.0427778, 36.2705556]}, "properties": {"name": "山名（やまな）", "river_system": "利根川", "river": "鏑川"}}, {"type": "Feature", "geometry": {"type": "Point", "coordinates": [139.0636111, 36.1936111]}, "properties": {"name": "浄法寺（じょうぼうじ）", "river_system": "利根川", "river": "神流川"}}, {"type": "Feature", "geometry": {"type": "Point", "coordinates": [139.1286111, 36.2722222]}, "properties": {"name": "勅使河原（てしがわら）", "river_system": "利根川", "river": "神流川"}}, {"type": "Feature", "geometry": {"type": "Point", "coordinates": [138.96, 36.1919444]}, "properties": {"name": "上鹿島橋（かみかしまばし）", "river_system": "利根川", "river": "鮎川"}}, {"type": "Feature", "geometry": {"type": "Point", "coordinates": [138.7952778, 36.4188889]}, "properties": {"name": "水沼橋（みずぬまばし）", "river_system": "利根川", "river": "烏川"}}, {"type": "Feature", "geometry": {"type": "Point", "coordinates": [139.1563889, 36.2777778]}, "properties": {"name": "玉村（たまむら）", "river_system": "利根川", "river": "烏川"}}, {"type": "Feature", "geometry": {"type": "Point", "coordinates": [138.8030556, 36.2172222]}, "properties": {"name": "石淵橋（いしぶちばし）", "river_system": "利根川", "river": "鏑川"}}, {"type": "Feature", "geometry": {"type": "Point", "coordinates": [139.1975, 36.1125]}, "properties": {"name": "寄居（よりい）", "river_system": "荒川", "river": "荒川"}}, {"type": "Feature", "geometry": {"type": "Point", "coordinates": [139.2822222, 36.1352778]}, "properties": {"name": "植松橋（うえまつばし）", "river_system": "荒川", "river": "荒川"}}, {"type": "Feature", "geometry": {"type": "Point", "coordinates": [139.3783333, 36.1380556]}, "properties": {"name": "熊谷（くまがや）", "river_system": "荒川", "river": "荒川"}}, {"type": "Feature", "geometry": {"type": "Point", "coordinates": [139.4383333, 36.0838889]}, "properties": {"name": "大芦橋（おおあしばし）", "river_system": "荒川", "river": "荒川"}}, {"type": "Feature", "geometry": {"type": "Point", "coordinates": [139.5194444, 35.9852778]}, "properties": {"name": "太郎右衛門橋（たろうえもんはし）", "river_system": "荒川", "river": "荒川"}}, {"type": "Feature", "geometry": {"type": "Point", "coordinates": [139.5597222, 35.8908333]}, "properties": {"name": "治水橋（ぢすいばし）", "river_system": "荒川", "river": "荒川"}}, {"type": "Feature", "geometry": {"type": "Point", "coordinates": [139.4294444, 36.0919444]}, "properties": {"name": "玉作（たまつくり）", "river_system": "荒川", "river": "和田吉野川"}}, {"type": "Feature", "geometry": {"type": "Point", "coordinates": [139.4811111, 36.0180556]}, "properties": {"name": "小見野（おみの）", "river_system": "荒川", "river": "市野川"}}, {"type": "Feature", "geometry": {"type": "Point", "coordinates": [139.4544444, 35.9219444]}, "properties": {"name": "小ヶ谷（おがや）", "river_system": "荒川", "river": "入間川"}}, {"type": "Feature", "geometry": {"type": "Point", "coordinates": [139.4741667, 35.9561111]}, "properties": {"name": "入間川落合橋（いるまがわおちあいばし）", "river_system": "荒川", "river": "入間川"}}, {"type": "Feature", "geometry": {"type": "Point", "coordinates": [139.5111111, 35.9527778]}, "properties": {"name": "菅間（すがま）", "river_system": "荒川", "river": "入間川"}}, {"type": "Feature", "geometry": {"type": "Point", "coordinates": [139.3427889, 35.9674944]}, "properties": {"name": "今宿（いまじゅく）", "river_system": "荒川", "river": "越辺川"}}, {"type": "Feature", "geometry": {"type": "Point", "coordinates": [139.3780556, 35.9788889]}, "properties": {"name": "入西（にっさい）", "river_system": "荒川", "river": "越辺川"}}, {"type": "Feature", "geometry": {"type": "Point", "coordinates": [139.4019444, 35.9836111]}, "properties": {"name": "高坂橋（たかさかばし）", "river_system": "荒川", "river": "越辺川"}}, {"type": "Feature", "geometry": {"type": "Point", "coordinates": [139.4741667, 35.9561111]}, "properties": {"name": "越辺川落合橋（おっぺがわおちあいばし）", "river_system": "荒川", "river": "越辺川"}}, {"type": "Feature", "geometry": {"type": "Point", "coordinates": [139.3911111, 35.9772222]}, "properties": {"name": "坂戸（さかど）", "river_system": "荒川", "river": "高麗川"}}, {"type": "Feature", "geometry": {"type": "Point", "coordinates": [139.3819444, 36.0191667]}, "properties": {"name": "唐子橋（からこばし）", "river_system": "荒川", "river": "都幾川"}}, {"type": "Feature", "geometry": {"type": "Point", "coordinates": [139.4208333, 36.0080556]}, "properties": {"name": "野本（のもと）", "river_system": "荒川", "river": "都幾川"}}, {"type": "Feature", "geometry": {"type": "Point", "coordinates": [139.4416667, 35.9352778]}, "properties": {"name": "八幡橋（やはたばし）", "river_system": "荒川", "river": "小畔川"}}, {"type": "Feature", "geometry": {"type": "Point", "coordinates": [139.4741667, 35.9561111]}, "properties": {"name": "小畔川落合橋（こあぜがわおちあいばし）", "river_system": "荒川", "river": "小畔川"}}, {"type": "Feature", "geometry": {"type": "Point", "coordinates": [139.4366667, 35.9880556]}, "properties": {"name": "天神橋（てんじんばし）", "river_system": "荒川", "river": "越辺川"}}, {"type": "Feature", "geometry": {"type": "Point", "coordinates": [139.64825, 35.8006111]}, "properties": {"name": "笹目（ささめ）", "river_system": "荒川", "river": "荒川"}}, {"type": "Feature", "geometry": {"type": "Point", "coordinates": [139.7274444, 35.7876111]}, "properties": {"name": "岩淵水門（上）（いわぶちすいもん（かみ））", "river_system": "荒川", "river": "荒川"}}, {"type": "Feature", "geometry": {"type": "Point", "coordinates": [139.7424167, 35.782]}, "properties": {"name": "芝川水門（表）（しばかわすいもん（おもて））", "river_system": "荒川", "river": "荒川"}}, {"type": "Feature", "geometry": {"type": "Point", "coordinates": [139.7446389, 35.7836389]}, "properties": {"name": "芝川水門（裏）（しばかわすいもん（うら））", "river_system": "荒川", "river": "芝川"}}, {"type": "Feature", "geometry": {"type": "Point", "coordinates": [139.79325, 35.7597778]}, "properties": {"name": "西新井（にしあらい）", "river_system": "荒川", "river": "荒川"}}, {"type": "Feature", "geometry": {"type": "Point", "coordinates": [139.81925, 35.7479167]}, "properties": {"name": "綾瀬水門（表）（あやせすいもん（おもて））", "river_system": "荒川", "river": "荒川"}}, {"type": "Feature", "geometry": {"type": "Point", "coordinates": [139.8208333, 35.7650556]}, "properties": {"name": "綾瀬水門（裏）（あやせすいもん（うら））", "river_system": "荒川", "river": "荒川"}}, {"type": "Feature", "geometry": {"type": "Point", "coordinates": [139.8183333, 35.74275]}, "properties": {"name": "隅田水門（表）（すみだすいもん（おもて））", "river_system": "荒川", "river": "荒川"}}, {"type": "Feature", "geometry": {"type": "Point", "coordinates": [139.8178889, 35.7423611]}, "properties": {"name": "隅田水門（裏）（すみだすいもん（うら））", "river_system": "荒川", "river": "隅田川"}}, {"type": "Feature", "geometry": {"type": "Point", "coordinates": [139.8441944, 35.7205278]}, "properties": {"name": "中川水門（表）（なかがわすいもん（おもて））", "river_system": "荒川", "river": "荒川"}}, {"type": "Feature", "geometry": {"type": "Point", "coordinates": [139.8445, 35.7205833]}, "properties": {"name": "中川水門（裏）（なかがわすいもん（うら））", "river_system": "荒川", "river": "中川"}}, {"type": "Feature", "geometry": {"type": "Point", "coordinates": [139.8480556, 35.6828333]}, "properties": {"name": "小名木川（おなぎがわ）", "river_system": "荒川", "river": "荒川"}}, {"type": "Feature", "geometry": {"type": "Point", "coordinates": [139.8430278, 35.6553611]}, "properties": {"name": "南砂町（みなみすなまち）", "river_system": "荒川", "river": "荒川"}}, {"type": "Feature", "geometry": {"type": "Point", "coordinates": [139.5838889, 35.8333611]}, "properties": {"name": "志木（しき）", "river_system": "荒川", "river": "新河岸川"}}, {"type": "Feature", "geometry": {"type": "Point", "coordinates": [139.7358333, 35.78425]}, "properties": {"name": "岩淵水門（下）（いわぶちすいもん（しも））", "river_system": "荒川", "river": "隅田川"}}, {"type": "Feature", "geometry": {"type": "Point", "coordinates": [139.7828889, 35.6718333]}, "properties": {"name": "霊岸島（れいがんじま）", "river_system": "荒川", "river": "隅田川"}}, {"type": "Feature", "geometry": {"type": "Point", "coordinates": [138.85, 35.9372222]}, "properties": {"name": "川又（かわまた）", "river_system": "荒川", "river": "荒川"}}, {"type": "Feature", "geometry": {"type": "Point", "coordinates": [138.9322222, 35.9491667]}, "properties": {"name": "落合（おちあい）", "river_system": "荒川", "river": "荒川"}}, {"type": "Feature", "geometry": {"type": "Point", "coordinates": [139.1088889, 36.0808333]}, "properties": {"name": "親鼻（おやはな）", "river_system": "荒川", "river": "荒川"}}, {"type": "Feature", "geometry": {"type": "Point", "coordinates": [138.9177778, 35.9227778]}, "properties": {"name": "市ノ沢（いちのさわ）", "river_system": "荒川", "river": "大洞川"}}, {"type": "Feature", "geometry": {"type": "Point", "coordinates": [139.7669444, 35.5366667]}, "properties": {"name": "多摩川河口（たまがわかこう）", "river_system": "多摩川", "river": "多摩川"}}, {"type": "Feature", "geometry": {"type": "Point", "coordinates": [139.6680556, 35.5872222]}, "properties": {"name": "田園調布（下）（でんえんちょうふ（しも））", "river_system": "多摩川", "river": "多摩川"}}, {"type": "Feature", "geometry": {"type": "Point", "coordinates": [139.6658333, 35.5891667]}, "properties": {"name": "田園調布（上）（でんえんちょうふ（かみ））", "river_system": "多摩川", "river": "多摩川"}}, {"type": "Feature", "geometry": {"type": "Point", "coordinates": [139.6263889, 35.6105556]}, "properties": {"name": "玉川（たまがわ）", "river_system": "多摩川", "river": "多摩川"}}, {"type": "Feature", "geometry": {"type": "Point", "coordinates": [139.5277778, 35.6441667]}, "properties": {"name": "石原（いしはら）", "river_system": "多摩川", "river": "多摩川"}}, {"type": "Feature", "geometry": {"type": "Point", "coordinates": [139.4130556, 35.6844444]}, "properties": {"name": "日野橋（ひのばし）", "river_system": "多摩川", "river": "多摩川"}}, {"type": "Feature", "geometry": {"type": "Point", "coordinates": [139.2672222, 35.7819444]}, "properties": {"name": "調布橋（ちょうふばし）", "river_system": "多摩川", "river": "多摩川"}}, {"type": "Feature", "geometry": {"type": "Point", "coordinates": [139.4583333, 35.6486111]}, "properties": {"name": "報恩橋（ほうおんばし）", "river_system": "多摩川", "river": "大栗川"}}, {"type": "Feature", "geometry": {"type": "Point", "coordinates": [139.41, 35.6644444]}, "properties": {"name": "高幡橋（たかはたばし）", "river_system": "多摩川", "river": "浅川"}}, {"type": "Feature", "geometry": {"type": "Point", "coordinates": [139.3297222, 35.6666667]}, "properties": {"name": "浅川橋（あさかわばし）", "river_system": "多摩川", "river": "浅川"}}, {"type": "Feature", "geometry": {"type": "Point", "coordinates": [139.2994444, 35.7180556]}, "properties": {"name": "東秋留橋（ひがしあきるばし）", "river_system": "多摩川", "river": "秋川"}}, {"type": "Feature", "geometry": {"type": "Point", "coordinates": [139.6841667, 35.4794444]}, "properties": {"name": "鶴見川河口（つるみがわかこう）", "river_system": "鶴見川", "river": "鶴見川"}}, {"type": "Feature", "geometry": {"type": "Point", "coordinates": [139.6855556, 35.5061111]}, "properties": {"name": "芦穂橋（あしほばし）", "river_system": "鶴見川", "river": "鶴見川"}}, {"type": "Feature", "geometry": {"type": "Point", "coordinates": [139.6661111, 35.5344444]}, "properties": {"name": "末吉橋（すえよしばし）", "river_system": "鶴見川", "river": "鶴見川"}}, {"type": "Feature", "geometry": {"type": "Point", "coordinates": [139.6355556, 35.5344444]}, "properties": {"name": "綱島（つなしま）", "river_system": "鶴見川", "river": "鶴見川"}}, {"type": "Feature", "geometry": {"type": "Point", "coordinates": [139.6180556, 35.5313889]}, "properties": {"name": "太尾（ふとお）", "river_system": "鶴見川", "river": "鶴見川"}}, {"type": "Feature", "geometry": {"type": "Point", "coordinates": [139.6088889, 35.515]}, "properties": {"name": "亀の子橋（かめのこばし）", "river_system": "鶴見川", "river": "鶴見川"}}, {"type": "Feature", "geometry": {"type": "Point", "coordinates": [139.5519444, 35.5133333]}, "properties": {"name": "落合橋（おちあいばし）", "river_system": "鶴見川", "river": "鶴見川"}}, {"type": "Feature", "geometry": {"type": "Point", "coordinates": [139.6575, 35.5511111]}, "properties": {"name": "矢上橋（やがみばし）", "river_system": "鶴見川", "river": "矢上川"}}, {"type": "Feature", "geometry": {"type": "Point", "coordinates": [139.6205556, 35.5472222]}, "properties": {"name": "高田橋（たかだばし）", "river_system": "鶴見川", "river": "早淵川"}}, {"type": "Feature", "geometry": {"type": "Point", "coordinates": [139.6069444, 35.5027778]}, "properties": {"name": "鳥山（とりやま）", "river_system": "鶴見川", "river": "鳥山川"}}, {"type": "Feature", "geometry": {"type": "Point", "coordinates": [139.4983333, 35.5369444]}, "properties": {"name": "浅山橋（あさやまばし）", "river_system": "鶴見川", "river": "恩田川"}}, {"type": "Feature", "geometry": {"type": "Point", "coordinates": [139.5122222, 35.5697222]}, "properties": {"name": "寺家橋（じけばし）", "river_system": "鶴見川", "river": "谷本川"}}, {"type": "Feature", "geometry": {"type": "Point", "coordinates": [139.3662917, 35.3213944]}, "properties": {"name": "馬入橋（ばにゅうばし）", "river_system": "相模川", "river": "相模川"}}, {"type": "Feature", "geometry": {"type": "Point", "coordinates": [139.370075, 35.373375]}, "properties": {"name": "神川橋（かみかわばし）", "river_system": "相模川", "river": "相模川"}}, {"type": "Feature", "geometry": {"type": "Point", "coordinates": [139.3716083, 35.4438806]}, "properties": {"name": "相模大橋（さがみおおはし）", "river_system": "相模川", "river": "相模川"}}, {"type": "Feature", "geometry": {"type": "Point", "coordinates": [139.2202778, 35.4930556]}, "properties": {"name": "中津川（なかつがわ）", "river_system": "相模川", "river": "中津川"}}, {"type": "Feature", "geometry": {"type": "Point", "coordinates": [139.345, 35.4966667]}, "properties": {"name": "才戸橋（さいとばし）", "river_system": "相模川", "river": "中津川"}}, {"type": "Feature", "geometry": {"type": "Point", "coordinates": [139.1986111, 35.5191667]}, "properties": {"name": "早戸川（はやとがわ）", "river_system": "相模川", "river": "早戸川"}}, {"type": "Feature", "geometry": {"type": "Point", "coordinates": [138.3313889, 35.3844444]}, "properties": {"name": "御池ノ沢砂防堰堤（おいけのさわさぼうえんてい）", "river_system": "富士川", "river": "雨畑川"}}, {"type": "Feature", "geometry": {"type": "Point", "coordinates": [138.6269444, 35.1522222]}, "properties": {"name": "松岡（まつおか）", "river_system": "富士川", "river": "富士川"}}, {"type": "Feature", "geometry": {"type": "Point", "coordinates": [138.5830556, 35.195]}, "properties": {"name": "北松野（きたまつの）", "river_system": "富士川", "river": "富士川"}}, {"type": "Feature", "geometry": {"type": "Point", "coordinates": [138.46, 35.2861111]}, "properties": {"name": "南部（なんぶ）", "river_system": "富士川", "river": "富士川"}}, {"type": "Feature", "geometry": {"type": "Point", "coordinates": [138.4513889, 35.4188889]}, "properties": {"name": "富山橋（とみやまばし）", "river_system": "富士川", "river": "富士川"}}, {"type": "Feature", "geometry": {"type": "Point", "coordinates": [138.4511111, 35.5330556]}, "properties": {"name": "清水端（しみずばた）", "river_system": "富士川", "river": "富士川"}}, {"type": "Feature", "geometry": {"type": "Point", "coordinates": [138.5116667, 35.5927778]}, "properties": {"name": "浅原橋（あさはらばし）", "river_system": "富士川", "river": "釜無川"}}, {"type": "Feature", "geometry": {"type": "Point", "coordinates": [138.4530556, 35.6991667]}, "properties": {"name": "船山橋（ふなやまばし）", "river_system": "富士川", "river": "釜無川"}}, {"type": "Feature", "geometry": {"type": "Point", "coordinates": [138.4233333, 35.4338889]}, "properties": {"name": "早川橋（はやかわばし）", "river_system": "富士川", "river": "早川"}}, {"type": "Feature", "geometry": {"type": "Point", "coordinates": [138.5222222, 35.5755556]}, "properties": {"name": "桃林橋（とうりんきょう）", "river_system": "富士川", "river": "笛吹川"}}, {"type": "Feature", "geometry": {"type": "Point", "coordinates": [138.6416667, 35.6483333]}, "properties": {"name": "石和（いさわ）", "river_system": "富士川", "river": "笛吹川"}}, {"type": "Feature", "geometry": {"type": "Point", "coordinates": [138.6844444, 35.6963889]}, "properties": {"name": "亀甲橋（きっこうばし）", "river_system": "富士川", "river": "笛吹川"}}, {"type": "Feature", "geometry": {"type": "Point", "coordinates": [138.6775, 35.6608333]}, "properties": {"name": "日川（ひかわ）", "river_system": "富士川", "river": "日川"}}, {"type": "Feature", "geometry": {"type": "Point", "coordinates": [138.6816667, 35.6697222]}, "properties": {"name": "重川（おもかわ）", "river_system": "富士川", "river": "重川"}}, {"type": "Feature", "geometry": {"type": "Point", "coordinates": [138.4775, 35.6719444]}, "properties": {"name": "堀切（ほりきり）", "river_system": "富士川", "river": "御勅使川"}}, {"type": "Feature", "geometry": {"type": "Point", "coordinates": [139.7275, 38.0875]}, "properties": {"name": "小渡（おど）", "river_system": "荒川", "river": "荒川"}}, {"type": "Feature", "geometry": {"type": "Point", "coordinates": [139.5733333, 38.0894444]}, "properties": {"name": "上関（かみせき）", "river_system": "荒川", "river": "荒川"}}, {"type": "Feature", "geometry": {"type": "Point", "coordinates": [139.4858333, 38.1122222]}, "properties": {"name": "花立（はなだて）", "river_system": "荒川", "river": "荒川"}}, {"type": "Feature", "geometry": {"type": "Point", "coordinates": [139.4611111, 38.135]}, "properties": {"name": "葛籠山（つづらやま）", "river_system": "荒川", "river": "荒川"}}, {"type": "Feature", "geometry": {"type": "Point", "coordinates": [139.7458333, 38.0575]}, "properties": {"name": "小国（おぐに）", "river_system": "荒川", "river": "横川"}}, {"type": "Feature", "geometry": {"type": "Point", "coordinates": [139.7027778, 38.0527778]}, "properties": {"name": "玉川（たまがわ）", "river_system": "荒川", "river": "玉川"}}, {"type": "Feature", "geometry": {"type": "Point", "coordinates": [139.6055556, 38.0044444]}, "properties": {"name": "東俣（ひがしまた）", "river_system": "荒川", "river": "大石川"}}, {"type": "Feature", "geometry": {"type": "Point", "coordinates": [139.5597222, 38.0416667]}, "properties": {"name": "大石（おおいし）", "river_system": "荒川", "river": "大石川"}}, {"type": "Feature", "geometry": {"type": "Point", "coordinates": [139.5791667, 38.0711111]}, "properties": {"name": "上川口（かみかわぐち）", "river_system": "荒川", "river": "大石川"}}, {"type": "Feature", "geometry": {"type": "Point", "coordinates": [139.5255556, 38.115]}, "properties": {"name": "桂（かつら）", "river_system": "荒川", "river": "女川"}}, {"type": "Feature", "geometry": {"type": "Point", "coordinates": [139.5244444, 38.0902778]}, "properties": {"name": "土沢（つちざわ）", "river_system": "荒川", "river": "鍬江沢川"}}, {"type": "Feature", "geometry": {"type": "Point", "coordinates": [139.8280556, 38.0405556]}, "properties": {"name": "横川（よこかわ）", "river_system": "荒川", "river": "横川"}}, {"type": "Feature", "geometry": {"type": "Point", "coordinates": [139.7886111, 38.0558333]}, "properties": {"name": "松岡（まつおか）", "river_system": "荒川", "river": "横川"}}, {"type": "Feature", "geometry": {"type": "Point", "coordinates": [139.7927778, 37.9905556]}, "properties": {"name": "滝川（たきかわ）", "river_system": "荒川", "river": "横川"}}, {"type": "Feature", "geometry": {"type": "Point", "coordinates": [139.8019444, 37.9880556]}, "properties": {"name": "大石沢川（おおいしさわかわ）", "river_system": "荒川", "river": "大石沢川"}}, {"type": "Feature", "geometry": {"type": "Point", "coordinates": [139.2708333, 37.7380556]}, "properties": {"name": "馬下（まおろし）", "river_system": "阿賀野川", "river": "阿賀野川"}}, {"type": "Feature", "geometry": {"type": "Point", "coordinates": [139.1538889, 37.8230556]}, "properties": {"name": "満願寺（まんがんじ）", "river_system": "阿賀野川", "river": "阿賀野川"}}, {"type": "Feature", "geometry": {"type": "Point", "coordinates": [139.1552778, 37.8530556]}, "properties": {"name": "横越（よこごし）", "river_system": "阿賀野川", "river": "阿賀野川"}}, {"type": "Feature", "geometry": {"type": "Point", "coordinates": [139.1525, 37.9155556]}, "properties": {"name": "胡桃山外水（くるみやまがいすい）", "river_system": "阿賀野川", "river": "阿賀野川"}}, {"type": "Feature", "geometry": {"type": "Point", "coordinates": [139.1397222, 37.9494444]}, "properties": {"name": "松ヶ崎（まつがさき）", "river_system": "阿賀野川", "river": "阿賀野川"}}, {"type": "Feature", "geometry": {"type": "Point", "coordinates": [139.1980556, 37.7461111]}, "properties": {"name": "善願（ぜんがん）", "river_system": "阿賀野川", "river": "早出川"}}, {"type": "Feature", "geometry": {"type": "Point", "coordinates": [139.1666667, 37.9169444]}, "properties": {"name": "兄弟堀（きょうだいぼり）", "river_system": "阿賀野川", "river": "新井郷川"}}, {"type": "Feature", "geometry": {"type": "Point", "coordinates": [139.1525, 37.9161111]}, "properties": {"name": "胡桃山内水（くるみやまないすい）", "river_system": "阿賀野川", "river": "阿賀野川"}}, {"type": "Feature", "geometry": {"type": "Point", "coordinates": [139.1530556, 37.9402778]}, "properties": {"name": "濁川（にごりかわ）", "river_system": "阿賀野川", "river": "新井郷川"}}, {"type": "Feature", "geometry": {"type": "Point", "coordinates": [139.8191667, 37.61]}, "properties": {"name": "山科（やましな）", "river_system": "阿賀野川", "river": "阿賀川"}}, {"type": "Feature", "geometry": {"type": "Point", "coordinates": [139.8583333, 37.5572222]}, "properties": {"name": "宮古（みやこ）", "river_system": "阿賀野川", "river": "阿賀川"}}, {"type": "Feature", "geometry": {"type": "Point", "coordinates": [139.8944444, 37.4783333]}, "properties": {"name": "三本松（さんぼんまつ）", "river_system": "阿賀野川", "river": "阿賀川"}}, {"type": "Feature", "geometry": {"type": "Point", "coordinates": [139.9202778, 37.4038889]}, "properties": {"name": "馬越（まこし）", "river_system": "阿賀野川", "river": "阿賀川"}}, {"type": "Feature", "geometry": {"type": "Point", "coordinates": [139.9258333, 37.3933333]}, "properties": {"name": "小谷（おや）", "river_system": "阿賀野川", "river": "阿賀川"}}, {"type": "Feature", "geometry": {"type": "Point", "coordinates": [139.8772222, 37.2630556]}, "properties": {"name": "若水（わかみず）", "river_system": "阿賀野川", "river": "阿賀川"}}, {"type": "Feature", "geometry": {"type": "Point", "coordinates": [139.7733333, 37.2086111]}, "properties": {"name": "田島（たじま）", "river_system": "阿賀野川", "river": "阿賀川"}}, {"type": "Feature", "geometry": {"type": "Point", "coordinates": [139.7677778, 37.5766667]}, "properties": {"name": "片門（かたかど）", "river_system": "阿賀野川", "river": "只見川"}}, {"type": "Feature", "geometry": {"type": "Point", "coordinates": [139.8847222, 37.5925]}, "properties": {"name": "南大橋（みなみおおはし）", "river_system": "阿賀野川", "river": "日橋川"}}, {"type": "Feature", "geometry": {"type": "Point", "coordinates": [139.8977778, 37.5902778]}, "properties": {"name": "東大橋（ひがしおおはし）", "river_system": "阿賀野川", "river": "日橋川"}}, {"type": "Feature", "geometry": {"type": "Point", "coordinates": [139.9086111, 37.4952778]}, "properties": {"name": "新湯川（しんゆかわ）", "river_system": "阿賀野川", "river": "湯川"}}, {"type": "Feature", "geometry": {"type": "Point", "coordinates": [139.9369444, 37.3033333]}, "properties": {"name": "鶴沼川（つるぬまがわ）", "river_system": "阿賀野川", "river": "鶴沼川"}}, {"type": "Feature", "geometry": {"type": "Point", "coordinates": [138.9097222, 37.6247222]}, "properties": {"name": "尾崎（おさき）", "river_system": "信濃川", "river": "信濃川下流"}}, {"type": "Feature", "geometry": {"type": "Point", "coordinates": [138.9486111, 37.6375]}, "properties": {"name": "荒町（あらまち）", "river_system": "信濃川", "river": "信濃川下流"}}, {"type": "Feature", "geometry": {"type": "Point", "coordinates": [139.0341667, 37.6944444]}, "properties": {"name": "保明新田（ほみょうしんでん）", "river_system": "信濃川", "river": "信濃川下流"}}, {"type": "Feature", "geometry": {"type": "Point", "coordinates": [139.0575, 37.7838889]}, "properties": {"name": "臼井橋（うすいばし）", "river_system": "信濃川", "river": "信濃川下流"}}, {"type": "Feature", "geometry": {"type": "Point", "coordinates": [139.0619444, 37.8352778]}, "properties": {"name": "新酒屋（しんさかや）", "river_system": "信濃川", "river": "信濃川下流"}}, {"type": "Feature", "geometry": {"type": "Point", "coordinates": [139.0611111, 37.9405556]}, "properties": {"name": "西港（にしこう）", "river_system": "信濃川", "river": "信濃川下流"}}, {"type": "Feature", "geometry": {"type": "Point", "coordinates": [138.9291667, 37.5186111]}, "properties": {"name": "見附（みつけ）", "river_system": "信濃川", "river": "刈谷田川"}}, {"type": "Feature", "geometry": {"type": "Point", "coordinates": [139.0019444, 37.8219444]}, "properties": {"name": "板井（いたい）", "river_system": "信濃川", "river": "中ノ口川"}}, {"type": "Feature", "geometry": {"type": "Point", "coordinates": [139.0880556, 37.5452778]}, "properties": {"name": "荒沢（あらさわ）", "river_system": "信濃川", "river": "五十嵐川"}}, {"type": "Feature", "geometry": {"type": "Point", "coordinates": [139.0958333, 37.6305556]}, "properties": {"name": "黒水（くろみず）", "river_system": "信濃川", "river": "加茂川"}}, {"type": "Feature", "geometry": {"type": "Point", "coordinates": [139.1522222, 37.8241667]}, "properties": {"name": "七日町（なのかまち）", "river_system": "阿賀野川", "river": "小阿賀野川"}}, {"type": "Feature", "geometry": {"type": "Point", "coordinates": [138.7813889, 37.6655556]}, "properties": {"name": "野積（のづみ）", "river_system": "信濃川", "river": "大河津分水路"}}, {"type": "Feature", "geometry": {"type": "Point", "coordinates": [138.7886111, 37.6636111]}, "properties": {"name": "渡部（わたべ）", "river_system": "信濃川", "river": "大河津分水路"}}, {"type": "Feature", "geometry": {"type": "Point", "coordinates": [138.84065, 37.6092306]}, "properties": {"name": "大河津（おおこうづ）", "river_system": "信濃川", "river": "信濃川中流"}}, {"type": "Feature", "geometry": {"type": "Point", "coordinates": [138.8435611, 37.6071306]}, "properties": {"name": "洗堰下流（あらいぜきかりゅう）", "river_system": "信濃川", "river": "信濃川中流"}}, {"type": "Feature", "geometry": {"type": "Point", "coordinates": [138.8363889, 37.4480556]}, "properties": {"name": "長岡（ながおか）", "river_system": "信濃川", "river": "信濃川中流"}}, {"type": "Feature", "geometry": {"type": "Point", "coordinates": [138.8008333, 37.3086111]}, "properties": {"name": "小千谷（おぢや）", "river_system": "信濃川", "river": "信濃川中流"}}, {"type": "Feature", "geometry": {"type": "Point", "coordinates": [138.8030556, 37.2472222]}, "properties": {"name": "岩沢（いわさわ）", "river_system": "信濃川", "river": "信濃川中流"}}, {"type": "Feature", "geometry": {"type": "Point", "coordinates": [138.7183333, 37.0958333]}, "properties": {"name": "十日町（姿）（とおかまち（すがた））", "river_system": "信濃川", "river": "信濃川中流"}}, {"type": "Feature", "geometry": {"type": "Point", "coordinates": [138.5858333, 36.9891667]}, "properties": {"name": "宮野原（みやのはら）", "river_system": "信濃川", "river": "信濃川中流"}}, {"type": "Feature", "geometry": {"type": "Point", "coordinates": [138.9311111, 37.2419444]}, "properties": {"name": "堀之内（ほりのうち）", "river_system": "信濃川", "river": "魚野川"}}, {"type": "Feature", "geometry": {"type": "Point", "coordinates": [138.9566667, 37.23]}, "properties": {"name": "小出（こいで）", "river_system": "信濃川", "river": "魚野川"}}, {"type": "Feature", "geometry": {"type": "Point", "coordinates": [138.9272222, 37.1697222]}, "properties": {"name": "浦佐（うらさ）", "river_system": "信濃川", "river": "魚野川"}}, {"type": "Feature", "geometry": {"type": "Point", "coordinates": [138.8813889, 37.0616667]}, "properties": {"name": "六日町（むいかまち）", "river_system": "信濃川", "river": "魚野川"}}, {"type": "Feature", "geometry": {"type": "Point", "coordinates": [138.8202778, 37.5530556]}, "properties": {"name": "与板（よいた）", "river_system": "信濃川", "river": "信濃川中流"}}, {"type": "Feature", "geometry": {"type": "Point", "coordinates": [138.7438889, 36.985]}, "properties": {"name": "清津川小出（きよつがわこいで）", "river_system": "信濃川", "river": "清津川"}}, {"type": "Feature", "geometry": {"type": "Point", "coordinates": [138.9958333, 37.1461111]}, "properties": {"name": "大倉（おおくら）", "river_system": "信濃川", "river": "水無川（信濃川）"}}, {"type": "Feature", "geometry": {"type": "Point", "coordinates": [138.9211111, 36.9527778]}, "properties": {"name": "清水（しみず）", "river_system": "信濃川", "river": "登川"}}, {"type": "Feature", "geometry": {"type": "Point", "coordinates": [138.8141667, 36.9413889]}, "properties": {"name": "大河原（おおがわら）", "river_system": "信濃川", "river": "魚野川"}}, {"type": "Feature", "geometry": {"type": "Point", "coordinates": [138.6448806, 36.9255194]}, "properties": {"name": "清水川原（しみずがわら）", "river_system": "信濃川", "river": "中津川"}}, {"type": "Feature", "geometry": {"type": "Point", "coordinates": [138.8677778, 36.8694444]}, "properties": {"name": "土樽（つちたる）", "river_system": "信濃川", "river": "魚野川"}}, {"type": "Feature", "geometry": {"type": "Point", "coordinates": [138.4186111, 36.2727778]}, "properties": {"name": "塩名田（しおなだ）", "river_system": "信濃川", "river": "千曲川"}}, {"type": "Feature", "geometry": {"type": "Point", "coordinates": [138.2819444, 36.3697222]}, "properties": {"name": "生田（いくた）", "river_system": "信濃川", "river": "千曲川"}}, {"type": "Feature", "geometry": {"type": "Point", "coordinates": [138.1119444, 36.5327778]}, "properties": {"name": "杭瀬下（くいせけ）", "river_system": "信濃川", "river": "千曲川"}}, {"type": "Feature", "geometry": {"type": "Point", "coordinates": [138.3094444, 36.7319444]}, "properties": {"name": "立ヶ花（たてがはな）", "river_system": "信濃川", "river": "千曲川"}}, {"type": "Feature", "geometry": {"type": "Point", "coordinates": [138.4019444, 36.8916667]}, "properties": {"name": "大倉崎（おおくらさき）", "river_system": "信濃川", "river": "千曲川"}}, {"type": "Feature", "geometry": {"type": "Point", "coordinates": [138.3977778, 36.9172222]}, "properties": {"name": "柏尾橋（かしおばし）", "river_system": "信濃川", "river": "千曲川"}}, {"type": "Feature", "geometry": {"type": "Point", "coordinates": [137.8708333, 36.2175]}, "properties": {"name": "下島橋（しもじまばし）", "river_system": "信濃川", "river": "梓川"}}, {"type": "Feature", "geometry": {"type": "Point", "coordinates": [137.9433333, 36.2869444]}, "properties": {"name": "熊倉（くまくら）", "river_system": "信濃川", "river": "犀川"}}, {"type": "Feature", "geometry": {"type": "Point", "coordinates": [137.9266667, 36.3955556]}, "properties": {"name": "陸郷（りくごう）", "river_system": "信濃川", "river": "犀川"}}, {"type": "Feature", "geometry": {"type": "Point", "coordinates": [138.1416667, 36.6202778]}, "properties": {"name": "小市（こいち）", "river_system": "信濃川", "river": "犀川"}}, {"type": "Feature", "geometry": {"type": "Point", "coordinates": [137.9438889, 36.2672222]}, "properties": {"name": "島橋（しまばし）", "river_system": "信濃川", "river": "奈良井川"}}, {"type": "Feature", "geometry": {"type": "Point", "coordinates": [138.3330556, 36.7241667]}, "properties": {"name": "殿橋（とのはし）", "river_system": "信濃川", "river": "篠井川"}}, {"type": "Feature", "geometry": {"type": "Point", "coordinates": [137.7827778, 36.1858333]}, "properties": {"name": "島々（しましま）", "river_system": "信濃川", "river": "島々谷川"}}, {"type": "Feature", "geometry": {"type": "Point", "coordinates": [139.0611111, 37.0413889]}, "properties": {"name": "内膳落合（ないぜんおちあい）", "river_system": "信濃川", "river": "三国川"}}, {"type": "Feature", "geometry": {"type": "Point", "coordinates": [138.9761111, 37.0527778]}, "properties": {"name": "当ノ坂（とうのさか）", "river_system": "信濃川", "river": "三国川"}}, {"type": "Feature", "geometry": {"type": "Point", "coordinates": [138.9647222, 37.0530556]}, "properties": {"name": "小川（おがわ）", "river_system": "信濃川", "river": "三国川"}}, {"type": "Feature", "geometry": {"type": "Point", "coordinates": [138.935, 37.0622222]}, "properties": {"name": "深沢（ふかさわ）", "river_system": "信濃川", "river": "三国川"}}, {"type": "Feature", "geometry": {"type": "Point", "coordinates": [137.8158333, 36.5111111]}, "properties": {"name": "大出橋（おおいでばし）", "river_system": "信濃川", "river": "高瀬川"}}, {"type": "Feature", "geometry": {"type": "Point", "coordinates": [137.8761111, 36.3744444]}, "properties": {"name": "高瀬下橋（たかせしもばし）", "river_system": "信濃川", "river": "高瀬川"}}, {"type": "Feature", "geometry": {"type": "Point", "coordinates": [138.2661111, 37.0304889]}, "properties": {"name": "二子島（ふたごじま）", "river_system": "関川", "river": "関川"}}, {"type": "Feature", "geometry": {"type": "Point", "coordinates": [138.2638889, 37.1175]}, "properties": {"name": "高田（たかだ）", "river_system": "関川", "river": "関川"}}, {"type": "Feature", "geometry": {"type": "Point", "coordinates": [138.2444444, 37.1422222]}, "properties": {"name": "春日山橋（かすがやまばし）", "river_system": "関川", "river": "関川"}}, {"type": "Feature", "geometry": {"type": "Point", "coordinates": [138.2494444, 37.1780556]}, "properties": {"name": "直江津（なおえつ）", "river_system": "関川", "river": "関川"}}, {"type": "Feature", "geometry": {"type": "Point", "coordinates": [138.255, 37.0777778]}, "properties": {"name": "石沢（いしざわ）", "river_system": "関川", "river": "矢代川"}}, {"type": "Feature", "geometry": {"type": "Point", "coordinates": [138.4272222, 37.1561111]}, "properties": {"name": "有島（ありしま）", "river_system": "関川", "river": "保倉川"}}, {"type": "Feature", "geometry": {"type": "Point", "coordinates": [138.2841667, 37.1786111]}, "properties": {"name": "佐内（さない）", "river_system": "関川", "river": "保倉川"}}, {"type": "Feature", "geometry": {"type": "Point", "coordinates": [138.3083333, 37.1738889]}, "properties": {"name": "頚城（くびき）", "river_system": "関川", "river": "保倉川"}}, {"type": "Feature", "geometry": {"type": "Point", "coordinates": [137.8583333, 36.9386111]}, "properties": {"name": "小滝（こたき）", "river_system": "姫川", "river": "姫川"}}, {"type": "Feature", "geometry": {"type": "Point", "coordinates": [137.87, 36.9855556]}, "properties": {"name": "山本（やまもと）", "river_system": "姫川", "river": "姫川"}}, {"type": "Feature", "geometry": {"type": "Point", "coordinates": [137.8397222, 37.0336111]}, "properties": {"name": "須沢（すざわ）", "river_system": "姫川", "river": "姫川"}}, {"type": "Feature", "geometry": {"type": "Point", "coordinates": [137.8286111, 36.7191667]}, "properties": {"name": "松川（まつかわ）", "river_system": "姫川", "river": "松川"}}, {"type": "Feature", "geometry": {"type": "Point", "coordinates": [137.5891667, 36.8144444]}, "properties": {"name": "宇奈月（うなづき）", "river_system": "黒部川", "river": "黒部川"}}, {"type": "Feature", "geometry": {"type": "Point", "coordinates": [137.5547222, 36.8594444]}, "properties": {"name": "愛本（あいもと）", "river_system": "黒部川", "river": "黒部川"}}, {"type": "Feature", "geometry": {"type": "Point", "coordinates": [137.6288889, 36.7858333]}, "properties": {"name": "黒薙（くろなぎ）", "river_system": "黒部川", "river": "黒薙川"}}, {"type": "Feature", "geometry": {"type": "Point", "coordinates": [137.3430556, 36.5755556]}, "properties": {"name": "瓶岩（かめいわ）", "river_system": "常願寺川", "river": "常願寺川"}}, {"type": "Feature", "geometry": {"type": "Point", "coordinates": [137.3141667, 36.6030556]}, "properties": {"name": "大川寺（だいせんじ）", "river_system": "常願寺川", "river": "常願寺川"}}, {"type": "Feature", "geometry": {"type": "Point", "coordinates": [137.2830556, 36.7302778]}, "properties": {"name": "常願寺橋（じょうがんじばし）", "river_system": "常願寺川", "river": "常願寺川"}}, {"type": "Feature", "geometry": {"type": "Point", "coordinates": [137.3841667, 36.5755556]}, "properties": {"name": "小見（おみ）", "river_system": "常願寺川", "river": "常願寺川"}}, {"type": "Feature", "geometry": {"type": "Point", "coordinates": [137.4469444, 36.5855556]}, "properties": {"name": "称名20号（しょうみょうにじゅうごう）", "river_system": "常願寺川", "river": "称名川"}}, {"type": "Feature", "geometry": {"type": "Point", "coordinates": [137.1852778, 36.5722222]}, "properties": {"name": "大沢野大橋（おおさわのおおはし）", "river_system": "神通川", "river": "神通川"}}, {"type": "Feature", "geometry": {"type": "Point", "coordinates": [137.2041667, 36.7013889]}, "properties": {"name": "神通大橋（じんづうおおはし）", "river_system": "神通川", "river": "神通川"}}, {"type": "Feature", "geometry": {"type": "Point", "coordinates": [137.2180556, 36.7461111]}, "properties": {"name": "萩浦橋（はぎうらばし）", "river_system": "神通川", "river": "神通川"}}, {"type": "Feature", "geometry": {"type": "Point", "coordinates": [137.2097222, 36.6241667]}, "properties": {"name": "熊野橋（くまのばし）", "river_system": "神通川", "river": "熊野川"}}, {"type": "Feature", "geometry": {"type": "Point", "coordinates": [137.1997222, 36.6619444]}, "properties": {"name": "八幡橋（はちまんばし）", "river_system": "神通川", "river": "熊野川"}}, {"type": "Feature", "geometry": {"type": "Point", "coordinates": [137.1427778, 36.5908333]}, "properties": {"name": "杉原橋（すぎはらばし）", "river_system": "神通川", "river": "井田川"}}, {"type": "Feature", "geometry": {"type": "Point", "coordinates": [137.1836111, 36.6883333]}, "properties": {"name": "高田橋（たかだばし）", "river_system": "神通川", "river": "井田川"}}, {"type": "Feature", "geometry": {"type": "Point", "coordinates": [137.5302861, 36.2281167]}, "properties": {"name": "道観松（どうかんまつ）", "river_system": "神通川", "river": "蒲田川"}}, {"type": "Feature", "geometry": {"type": "Point", "coordinates": [137.3005556, 36.3316667]}, "properties": {"name": "西里橋（にしざとばし）", "river_system": "神通川", "river": "高原川"}}, {"type": "Feature", "geometry": {"type": "Point", "coordinates": [137.3726944, 36.2973056]}, "properties": {"name": "中山橋（なかやまはし）", "river_system": "神通川", "river": "双六川"}}, {"type": "Feature", "geometry": {"type": "Point", "coordinates": [137.5077778, 36.2469444]}, "properties": {"name": "今見橋（いまみばし）", "river_system": "神通川", "river": "蒲田川"}}, {"type": "Feature", "geometry": {"type": "Point", "coordinates": [136.9908333, 36.5788889]}, "properties": {"name": "雄神（おがみ）", "river_system": "庄川", "river": "庄川"}}, {"type": "Feature", "geometry": {"type": "Point", "coordinates": [137.0436111, 36.735]}, "properties": {"name": "大門（だいもん）", "river_system": "庄川", "river": "庄川"}}, {"type": "Feature", "geometry": {"type": "Point", "coordinates": [137.0466667, 36.7277778]}, "properties": {"name": "和田川（わだがわ）", "river_system": "庄川", "river": "和田川"}}, {"type": "Feature", "geometry": {"type": "Point", "coordinates": [136.8922222, 36.625]}, "properties": {"name": "津沢（つざわ）", "river_system": "小矢部川", "river": "小矢部川"}}, {"type": "Feature", "geometry": {"type": "Point", "coordinates": [136.8825, 36.6808333]}, "properties": {"name": "石動（いするぎ）", "river_system": "小矢部川", "river": "小矢部川"}}, {"type": "Feature", "geometry": {"type": "Point", "coordinates": [136.9830556, 36.7583333]}, "properties": {"name": "長江（ながえ）", "river_system": "小矢部川", "river": "小矢部川"}}, {"type": "Feature", "geometry": {"type": "Point", "coordinates": [136.9030556, 36.5875]}, "properties": {"name": "福野（ふくの）", "river_system": "小矢部川", "river": "山田川"}}, {"type": "Feature", "geometry": {"type": "Point", "coordinates": [136.8602778, 36.6538889]}, "properties": {"name": "蓮沼（はすぬま）", "river_system": "小矢部川", "river": "渋江川"}}, {"type": "Feature", "geometry": {"type": "Point", "coordinates": [136.8691667, 36.6925]}, "properties": {"name": "子撫川（こなでがわ）", "river_system": "小矢部川", "river": "子撫川"}}, {"type": "Feature", "geometry": {"type": "Point", "coordinates": [136.6319444, 36.1677778]}, "properties": {"name": "風嵐（かざらし）", "river_system": "手取川", "river": "手取川"}}, {"type": "Feature", "geometry": {"type": "Point", "coordinates": [136.6388889, 36.2319444]}, "properties": {"name": "尾口大橋（おぐちおおはし）", "river_system": "手取川", "river": "手取川"}}, {"type": "Feature", "geometry": {"type": "Point", "coordinates": [136.6477778, 36.2730556]}, "properties": {"name": "女原（おなばら）", "river_system": "手取川", "river": "手取川"}}, {"type": "Feature", "geometry": {"type": "Point", "coordinates": [136.6313889, 36.4125]}, "properties": {"name": "中島（なかじま）", "river_system": "手取川", "river": "手取川"}}, {"type": "Feature", "geometry": {"type": "Point", "coordinates": [136.6202778, 36.4491667]}, "properties": {"name": "鶴来（つるぎ）", "river_system": "手取川", "river": "手取川"}}, {"type": "Feature", "geometry": {"type": "Point", "coordinates": [136.4811111, 36.4875]}, "properties": {"name": "美川（みかわ）", "river_system": "手取川", "river": "手取川"}}, {"type": "Feature", "geometry": {"type": "Point", "coordinates": [136.6491667, 36.2911111]}, "properties": {"name": "瀬戸（せと）", "river_system": "手取川", "river": "尾添川"}}, {"type": "Feature", "geometry": {"type": "Point", "coordinates": [136.6027778, 36.3805556]}, "properties": {"name": "下野（しもの）", "river_system": "手取川", "river": "大日川"}}, {"type": "Feature", "geometry": {"type": "Point", "coordinates": [136.5136111, 36.4041667]}, "properties": {"name": "埴田（はねだ）", "river_system": "梯川", "river": "梯川"}}, {"type": "Feature", "geometry": {"type": "Point", "coordinates": [136.4511111, 36.4158333]}, "properties": {"name": "小松大橋（こまつおおはし）", "river_system": "梯川", "river": "梯川"}}, {"type": "Feature", "geometry": {"type": "Point", "coordinates": [136.4413889, 36.4138889]}, "properties": {"name": "牧（まき）", "river_system": "梯川", "river": "梯川"}}, {"type": "Feature", "geometry": {"type": "Point", "coordinates": [136.5008333, 36.3594444]}, "properties": {"name": "金野（かねの）", "river_system": "梯川", "river": "郷谷川"}}, {"type": "Feature", "geometry": {"type": "Point", "coordinates": [136.4444444, 36.3697222]}, "properties": {"name": "木場潟（きばがた）", "river_system": "梯川", "river": "木場潟"}}, {"type": "Feature", "geometry": {"type": "Point", "coordinates": [136.5054806, 36.3563611]}, "properties": {"name": "金野（かねの）", "river_system": "梯川", "river": "郷谷川"}}, {"type": "Feature", "geometry": {"type": "Point", "coordinates": [138.9411111, 34.9916667]}, "properties": {"name": "大仁（おおひと）", "river_system": "狩野川", "river": "狩野川"}}, {"type": "Feature", "geometry": {"type": "Point", "coordinates": [138.9441667, 35.0386111]}, "properties": {"name": "千歳橋（ちとせばし）", "river_system": "狩野川", "river": "狩野川"}}, {"type": "Feature", "geometry": {"type": "Point", "coordinates": [138.9347222, 35.0402778]}, "properties": {"name": "古奈（こな）", "river_system": "狩野川", "river": "狩野川"}}, {"type": "Feature", "geometry": {"type": "Point", "coordinates": [138.9347222, 35.0433333]}, "properties": {"name": "墹之上（ままのうえ）", "river_system": "狩野川", "river": "狩野川"}}, {"type": "Feature", "geometry": {"type": "Point", "coordinates": [138.9005556, 35.0922222]}, "properties": {"name": "徳倉（とくら）", "river_system": "狩野川", "river": "狩野川"}}, {"type": "Feature", "geometry": {"type": "Point", "coordinates": [138.8697222, 35.0991667]}, "properties": {"name": "黒瀬（くろせ）", "river_system": "狩野川", "river": "狩野川"}}, {"type": "Feature", "geometry": {"type": "Point", "coordinates": [138.9397222, 35.0733333]}, "properties": {"name": "蛇ヶ橋（じゃがはし）", "river_system": "狩野川", "river": "来光川"}}, {"type": "Feature", "geometry": {"type": "Point", "coordinates": [138.9355556, 35.0897222]}, "properties": {"name": "大場（だいば）", "river_system": "狩野川", "river": "大場川"}}, {"type": "Feature", "geometry": {"type": "Point", "coordinates": [138.8866667, 35.1197222]}, "properties": {"name": "本宿（ほんじゅく）", "river_system": "狩野川", "river": "黄瀬川"}}, {"type": "Feature", "geometry": {"type": "Point", "coordinates": [138.93, 35.0416667]}, "properties": {"name": "鏡橋（かがみばし）", "river_system": "狩野川", "river": "放水路"}}, {"type": "Feature", "geometry": {"type": "Point", "coordinates": [138.9061111, 35.0402778]}, "properties": {"name": "口野（廃止）（くちの）", "river_system": "狩野川", "river": "放水路"}}, {"type": "Feature", "geometry": {"type": "Point", "coordinates": [138.9119444, 35.2005556]}, "properties": {"name": "石脇（いしわき）", "river_system": "狩野川", "river": "黄瀬川"}}, {"type": "Feature", "geometry": {"type": "Point", "coordinates": [138.37, 35.0711111]}, "properties": {"name": "牛妻（うしづま）", "river_system": "安倍川", "river": "安倍川"}}, {"type": "Feature", "geometry": {"type": "Point", "coordinates": [138.3655556, 34.9586111]}, "properties": {"name": "手越（てごし）", "river_system": "安倍川", "river": "安倍川"}}, {"type": "Feature", "geometry": {"type": "Point", "coordinates": [138.2691667, 35.0155556]}, "properties": {"name": "奈良間（ならま）", "river_system": "安倍川", "river": "藁科川"}}, {"type": "Feature", "geometry": {"type": "Point", "coordinates": [138.1080556, 34.8841667]}, "properties": {"name": "神座（かんざ）", "river_system": "大井川", "river": "大井川"}}, {"type": "Feature", "geometry": {"type": "Point", "coordinates": [138.1119444, 34.8838889]}, "properties": {"name": "神座補助（かんざほじょ）", "river_system": "大井川", "river": "大井川"}}, {"type": "Feature", "geometry": {"type": "Point", "coordinates": [138.2097222, 34.8272222]}, "properties": {"name": "細島（ほそじま）", "river_system": "大井川", "river": "大井川"}}, {"type": "Feature", "geometry": {"type": "Point", "coordinates": [138.2530556, 34.7947222]}, "properties": {"name": "富士見橋（ふじみばし）", "river_system": "大井川", "river": "大井川"}}, {"type": "Feature", "geometry": {"type": "Point", "coordinates": [138.1433333, 34.8483333]}, "properties": {"name": "赤松（あかまつ）", "river_system": "大井川", "river": "大井川"}}, {"type": "Feature", "geometry": {"type": "Point", "coordinates": [138.1486111, 34.82]}, "properties": {"name": "大代川（おおじろがわ）", "river_system": "大井川", "river": "大代川"}}, {"type": "Feature", "geometry": {"type": "Point", "coordinates": [138.1972222, 35.1894444]}, "properties": {"name": "閑蔵（かんぞう）", "river_system": "大井川", "river": "大井川"}}, {"type": "Feature", "geometry": {"type": "Point", "coordinates": [138.0969444, 34.7655556]}, "properties": {"name": "潮海寺（ちょうかいじ）", "river_system": "菊川", "river": "菊川"}}, {"type": "Feature", "geometry": {"type": "Point", "coordinates": [138.0888889, 34.7394444]}, "properties": {"name": "加茂（かも）", "river_system": "菊川", "river": "菊川"}}, {"type": "Feature", "geometry": {"type": "Point", "coordinates": [138.0738889, 34.6952778]}, "properties": {"name": "嶺田（みねだ）", "river_system": "菊川", "river": "菊川"}}, {"type": "Feature", "geometry": {"type": "Point", "coordinates": [138.0633333, 34.665]}, "properties": {"name": "国安（くにやす）", "river_system": "菊川", "river": "菊川"}}, {"type": "Feature", "geometry": {"type": "Point", "coordinates": [138.0622222, 34.6555556]}, "properties": {"name": "河口（かこう）", "river_system": "菊川", "river": "菊川"}}, {"type": "Feature", "geometry": {"type": "Point", "coordinates": [138.0975, 34.7288889]}, "properties": {"name": "横地（よこち）", "river_system": "菊川", "river": "牛淵川"}}, {"type": "Feature", "geometry": {"type": "Point", "coordinates": [138.0875, 34.6791667]}, "properties": {"name": "堂山（どうやま）", "river_system": "菊川", "river": "牛淵川"}}, {"type": "Feature", "geometry": {"type": "Point", "coordinates": [138.0530556, 34.6877778]}, "properties": {"name": "川久保（かわくぼ）", "river_system": "菊川", "river": "下小笠川"}}, {"type": "Feature", "geometry": {"type": "Point", "coordinates": [137.8013889, 35.0852778]}, "properties": {"name": "佐久間（さくま）", "river_system": "天竜川", "river": "天竜川"}}, {"type": "Feature", "geometry": {"type": "Point", "coordinates": [137.8047083, 34.8535833]}, "properties": {"name": "鹿島（かしま）", "river_system": "天竜川", "river": "天竜川"}}, {"type": "Feature", "geometry": {"type": "Point", "coordinates": [137.8141667, 34.7397222]}, "properties": {"name": "池田（いけだ）", "river_system": "天竜川", "river": "天竜川"}}, {"type": "Feature", "geometry": {"type": "Point", "coordinates": [137.8005556, 34.7283333]}, "properties": {"name": "中ノ町（なかのまち）", "river_system": "天竜川", "river": "天竜川"}}, {"type": "Feature", "geometry": {"type": "Point", "coordinates": [137.7969444, 34.6761111]}, "properties": {"name": "掛塚（かけつか）", "river_system": "天竜川", "river": "天竜川"}}, {"type": "Feature", "geometry": {"type": "Point", "coordinates": [137.7725, 35.0588889]}, "properties": {"name": "浦川（うらかわ）", "river_system": "天竜川", "river": "大千瀬川"}}, {"type": "Feature", "geometry": {"type": "Point", "coordinates": [137.8830556, 34.9533333]}, "properties": {"name": "犬居（いぬい）", "river_system": "天竜川", "river": "気田川"}}, {"type": "Feature", "geometry": {"type": "Point", "coordinates": [137.7027778, 35.1377778]}, "properties": {"name": "川合（かわい）", "river_system": "天竜川", "river": "大入川"}}, {"type": "Feature", "geometry": {"type": "Point", "coordinates": [137.7486111, 35.1566667]}, "properties": {"name": "大立（おおだて）", "river_system": "天竜川", "river": "古真立川"}}, {"type": "Feature", "geometry": {"type": "Point", "coordinates": [137.8361111, 34.9297222]}, "properties": {"name": "上島（あげしま）", "river_system": "天竜川", "river": "天竜川"}}, {"type": "Feature", "geometry": {"type": "Point", "coordinates": [137.9838889, 35.9647222]}, "properties": {"name": "伊那富（いなとみ）", "river_system": "天竜川", "river": "天竜川"}}, {"type": "Feature", "geometry": {"type": "Point", "coordinates": [137.9863889, 35.8766667]}, "properties": {"name": "北殿（きたとの）", "river_system": "天竜川", "river": "天竜川"}}, {"type": "Feature", "geometry": {"type": "Point", "coordinates": [137.9619444, 35.8369444]}, "properties": {"name": "伊那（いな）", "river_system": "天竜川", "river": "天竜川"}}, {"type": "Feature", "geometry": {"type": "Point", "coordinates": [137.9469444, 35.8077778]}, "properties": {"name": "沢渡（さわんど）", "river_system": "天竜川", "river": "天竜川"}}, {"type": "Feature", "geometry": {"type": "Point", "coordinates": [137.9661111, 35.7413889]}, "properties": {"name": "下平（しもだいら）", "river_system": "天竜川", "river": "天竜川"}}, {"type": "Feature", "geometry": {"type": "Point", "coordinates": [137.93, 35.5955556]}, "properties": {"name": "宮ヶ瀬（みやがせ）", "river_system": "天竜川", "river": "天竜川"}}, {"type": "Feature", "geometry": {"type": "Point", "coordinates": [137.8897222, 35.5497222]}, "properties": {"name": "市田（いちだ）", "river_system": "天竜川", "river": "天竜川"}}, {"type": "Feature", "geometry": {"type": "Point", "coordinates": [137.8636111, 35.4994444]}, "properties": {"name": "伊久間（いくま）", "river_system": "天竜川", "river": "天竜川"}}, {"type": "Feature", "geometry": {"type": "Point", "coordinates": [137.8316667, 35.4619444]}, "properties": {"name": "時又（ときまた）", "river_system": "天竜川", "river": "天竜川"}}, {"type": "Feature", "geometry": {"type": "Point", "coordinates": [137.8188889, 35.4413889]}, "properties": {"name": "天竜峡（てんりゅうきょう）", "river_system": "天竜川", "river": "天竜川"}}, {"type": "Feature", "geometry": {"type": "Point", "coordinates": [138.0094444, 35.8325]}, "properties": {"name": "上新田（かみしんでん）", "river_system": "天竜川", "river": "三峰川"}}, {"type": "Feature", "geometry": {"type": "Point", "coordinates": [137.9116667, 35.7477778]}, "properties": {"name": "太田切（おおたぎり）", "river_system": "天竜川", "river": "太田切川"}}, {"type": "Feature", "geometry": {"type": "Point", "coordinates": [138.0986111, 35.7172222]}, "properties": {"name": "杉島（すぎしま）", "river_system": "天竜川", "river": "三峰川"}}, {"type": "Feature", "geometry": {"type": "Point", "coordinates": [138.055, 35.835]}, "properties": {"name": "高遠（たかとお）", "river_system": "天竜川", "river": "三峰川"}}, {"type": "Feature", "geometry": {"type": "Point", "coordinates": [138.1216667, 35.7727778]}, "properties": {"name": "鷹岩（たかいわ）", "river_system": "天竜川", "river": "三峰川"}}, {"type": "Feature", "geometry": {"type": "Point", "coordinates": [137.9775, 35.6055556]}, "properties": {"name": "小渋ダム（こしぶだむ）", "river_system": "天竜川", "river": "小渋川"}}, {"type": "Feature", "geometry": {"type": "Point", "coordinates": [137.5247222, 34.9852778]}, "properties": {"name": "布里（ふり）", "river_system": "豊川", "river": "豊川"}}, {"type": "Feature", "geometry": {"type": "Point", "coordinates": [137.5544444, 34.9666667]}, "properties": {"name": "長楽（ながら）", "river_system": "豊川", "river": "豊川"}}, {"type": "Feature", "geometry": {"type": "Point", "coordinates": [137.4469444, 34.8663889]}, "properties": {"name": "東上（とうじょう）", "river_system": "豊川", "river": "豊川"}}, {"type": "Feature", "geometry": {"type": "Point", "coordinates": [137.4947222, 34.8911111]}, "properties": {"name": "石田（いしだ）", "river_system": "豊川", "river": "豊川"}}, {"type": "Feature", "geometry": {"type": "Point", "coordinates": [137.4244444, 34.8344444]}, "properties": {"name": "向河原（むこうがわら）", "river_system": "豊川", "river": "豊川"}}, {"type": "Feature", "geometry": {"type": "Point", "coordinates": [137.4191667, 34.8105556]}, "properties": {"name": "当古（とうご）", "river_system": "豊川", "river": "豊川"}}, {"type": "Feature", "geometry": {"type": "Point", "coordinates": [137.4005556, 34.8041667]}, "properties": {"name": "放水路第１（ほうすいろだいいち）", "river_system": "豊川", "river": "豊川放水路"}}, {"type": "Feature", "geometry": {"type": "Point", "coordinates": [137.4019444, 34.8005556]}, "properties": {"name": "行明（ぎょうめい）", "river_system": "豊川", "river": "豊川"}}, {"type": "Feature", "geometry": {"type": "Point", "coordinates": [137.3847222, 34.7722222]}, "properties": {"name": "豊橋（とよばし）", "river_system": "豊川", "river": "豊川"}}, {"type": "Feature", "geometry": {"type": "Point", "coordinates": [137.3313889, 34.7805556]}, "properties": {"name": "前芝（まえしば）", "river_system": "豊川", "river": "豊川"}}, {"type": "Feature", "geometry": {"type": "Point", "coordinates": [137.5591667, 34.9794444]}, "properties": {"name": "海老川（えびがわ）", "river_system": "豊川", "river": "海老川"}}, {"type": "Feature", "geometry": {"type": "Point", "coordinates": [137.5736111, 34.9316667]}, "properties": {"name": "内金（うちがね）", "river_system": "豊川", "river": "宇連川"}}, {"type": "Feature", "geometry": {"type": "Point", "coordinates": [137.3988889, 34.8016667]}, "properties": {"name": "放水路第２（ほうすいろだいに）", "river_system": "豊川", "river": "豊川放水路"}}, {"type": "Feature", "geometry": {"type": "Point", "coordinates": [137.3677778, 34.7908333]}, "properties": {"name": "放水路第４（ほうすいろだいよん）", "river_system": "豊川", "river": "豊川放水路"}}, {"type": "Feature", "geometry": {"type": "Point", "coordinates": [137.4130556, 34.7880556]}, "properties": {"name": "暮川（くれかわ）", "river_system": "豊川", "river": "下条霞"}}, {"type": "Feature", "geometry": {"type": "Point", "coordinates": [137.1661111, 35.0897222]}, "properties": {"name": "高橋（たかばし）", "river_system": "矢作川", "river": "矢作川"}}, {"type": "Feature", "geometry": {"type": "Point", "coordinates": [137.1672222, 35.0027778]}, "properties": {"name": "岩津（いわづ）", "river_system": "矢作川", "river": "矢作川"}}, {"type": "Feature", "geometry": {"type": "Point", "coordinates": [137.1519444, 34.9619444]}, "properties": {"name": "岡崎（おかざき）", "river_system": "矢作川", "river": "矢作川"}}, {"type": "Feature", "geometry": {"type": "Point", "coordinates": [137.0980556, 34.8961111]}, "properties": {"name": "木戸（きど）", "river_system": "矢作川", "river": "矢作川"}}, {"type": "Feature", "geometry": {"type": "Point", "coordinates": [137.0591667, 34.8894444]}, "properties": {"name": "米津（よねづ）", "river_system": "矢作川", "river": "矢作川"}}, {"type": "Feature", "geometry": {"type": "Point", "coordinates": [136.9705556, 34.8275]}, "properties": {"name": "碧南（へきなん）", "river_system": "矢作川", "river": "矢作川"}}, {"type": "Feature", "geometry": {"type": "Point", "coordinates": [137.2136111, 35.0552778]}, "properties": {"name": "九久平（くぎゅうだいら）", "river_system": "矢作川", "river": "巴川"}}, {"type": "Feature", "geometry": {"type": "Point", "coordinates": [137.1761111, 34.9502778]}, "properties": {"name": "明大寺（みょうだいじ）", "river_system": "矢作川", "river": "乙川"}}, {"type": "Feature", "geometry": {"type": "Point", "coordinates": [137.0761111, 34.8586111]}, "properties": {"name": "寄近（よりちか）", "river_system": "矢作川", "river": "矢作古川"}}, {"type": "Feature", "geometry": {"type": "Point", "coordinates": [137.3602778, 35.2316667]}, "properties": {"name": "小渡（おど）", "river_system": "矢作川", "river": "矢作川"}}, {"type": "Feature", "geometry": {"type": "Point", "coordinates": [137.2177778, 35.1516667]}, "properties": {"name": "猿投（さなげ）", "river_system": "矢作川", "river": "矢作川"}}, {"type": "Feature", "geometry": {"type": "Point", "coordinates": [137.5280556, 35.2611111]}, "properties": {"name": "押山（おしやま）", "river_system": "矢作川", "river": "根羽川"}}, {"type": "Feature", "geometry": {"type": "Point", "coordinates": [137.4786111, 35.27]}, "properties": {"name": "澄ヶ瀬（すみがせ）", "river_system": "矢作川", "river": "上村川"}}, {"type": "Feature", "geometry": {"type": "Point", "coordinates": [137.5075, 35.2186111]}, "properties": {"name": "真弓（まゆみ）", "river_system": "矢作川", "river": "名倉川"}}, {"type": "Feature", "geometry": {"type": "Point", "coordinates": [137.3219444, 35.4061111]}, "properties": {"name": "佐々良木（ささらぎ）", "river_system": "庄内川", "river": "佐々良木川"}}, {"type": "Feature", "geometry": {"type": "Point", "coordinates": [137.3477778, 35.3369444]}, "properties": {"name": "小里川（おりがわ）", "river_system": "庄内川", "river": "小里川"}}, {"type": "Feature", "geometry": {"type": "Point", "coordinates": [137.2638889, 35.3647222]}, "properties": {"name": "市原（いちはら）", "river_system": "庄内川", "river": "小里川"}}, {"type": "Feature", "geometry": {"type": "Point", "coordinates": [137.3102778, 35.3172222]}, "properties": {"name": "猿爪（ましづめ）", "river_system": "庄内川", "river": "猿爪川"}}, {"type": "Feature", "geometry": {"type": "Point", "coordinates": [137.2555556, 35.3630556]}, "properties": {"name": "瑞浪（みずなみ）", "river_system": "庄内川", "river": "庄内川"}}, {"type": "Feature", "geometry": {"type": "Point", "coordinates": [137.19, 35.3575]}, "properties": {"name": "土岐（とき）", "river_system": "庄内川", "river": "庄内川"}}, {"type": "Feature", "geometry": {"type": "Point", "coordinates": [137.1269444, 35.3341667]}, "properties": {"name": "多治見（たじみ）", "river_system": "庄内川", "river": "庄内川"}}, {"type": "Feature", "geometry": {"type": "Point", "coordinates": [137.0186111, 35.2516667]}, "properties": {"name": "志段味（しだみ）", "river_system": "庄内川", "river": "庄内川"}}, {"type": "Feature", "geometry": {"type": "Point", "coordinates": [136.9327778, 35.2144444]}, "properties": {"name": "味鋺（あじま）", "river_system": "庄内川", "river": "庄内川"}}, {"type": "Feature", "geometry": {"type": "Point", "coordinates": [136.9080556, 35.2213889]}, "properties": {"name": "洗堰（あらいぜき）", "river_system": "庄内川", "river": "庄内川"}}, {"type": "Feature", "geometry": {"type": "Point", "coordinates": [136.8816667, 35.2094444]}, "properties": {"name": "小田井（越流堤）（おたい（えつりゅうてい））", "river_system": "庄内川", "river": "庄内川"}}, {"type": "Feature", "geometry": {"type": "Point", "coordinates": [136.875, 35.2025]}, "properties": {"name": "枇杷島（びわじま）", "river_system": "庄内川", "river": "庄内川"}}, {"type": "Feature", "geometry": {"type": "Point", "coordinates": [136.8358333, 35.1091667]}, "properties": {"name": "当知（とうち）", "river_system": "庄内川", "river": "庄内川"}}, {"type": "Feature", "geometry": {"type": "Point", "coordinates": [136.9441667, 35.2355556]}, "properties": {"name": "春日井（かすがい）", "river_system": "庄内川", "river": "八田川"}}, {"type": "Feature", "geometry": {"type": "Point", "coordinates": [136.9288889, 35.21]}, "properties": {"name": "瀬古（せこ）", "river_system": "庄内川", "river": "矢田川"}}, {"type": "Feature", "geometry": {"type": "Point", "coordinates": [137.0461111, 35.1797222]}, "properties": {"name": "岩作（やざこ）", "river_system": "庄内川", "river": "香流川"}}, {"type": "Feature", "geometry": {"type": "Point", "coordinates": [136.8669444, 35.1927778]}, "properties": {"name": "枇杷島橋（びわじまばし）", "river_system": "庄内川", "river": "庄内川"}}, {"type": "Feature", "geometry": {"type": "Point", "coordinates": [137.0333333, 35.4358333]}, "properties": {"name": "今渡（いまわたり）", "river_system": "木曽川", "river": "木曽川"}}, {"type": "Feature", "geometry": {"type": "Point", "coordinates": [136.9627778, 35.4005556]}, "properties": {"name": "犬山（いぬやま）", "river_system": "木曽川", "river": "木曽川"}}, {"type": "Feature", "geometry": {"type": "Point", "coordinates": [136.8225, 35.37]}, "properties": {"name": "川島大橋（かわしまおおはし）", "river_system": "木曽川", "river": "木曽川"}}, {"type": "Feature", "geometry": {"type": "Point", "coordinates": [136.7616667, 35.3630556]}, "properties": {"name": "笠松（かさまつ）", "river_system": "木曽川", "river": "木曽川"}}, {"type": "Feature", "geometry": {"type": "Point", "coordinates": [136.7380556, 35.3119444]}, "properties": {"name": "起（おこし）", "river_system": "木曽川", "river": "木曽川"}}, {"type": "Feature", "geometry": {"type": "Point", "coordinates": [137.2036111, 35.9147222]}, "properties": {"name": "上呂（じょうろ）", "river_system": "木曽川", "river": "飛騨川"}}, {"type": "Feature", "geometry": {"type": "Point", "coordinates": [137.1886111, 35.5780556]}, "properties": {"name": "白川口（しらかわぐち）", "river_system": "木曽川", "river": "飛騨川"}}, {"type": "Feature", "geometry": {"type": "Point", "coordinates": [136.9472222, 35.7377778]}, "properties": {"name": "稲成（いなり）", "river_system": "木曽川", "river": "長良川"}}, {"type": "Feature", "geometry": {"type": "Point", "coordinates": [136.9094444, 35.5505556]}, "properties": {"name": "美濃（みの）", "river_system": "木曽川", "river": "長良川"}}, {"type": "Feature", "geometry": {"type": "Point", "coordinates": [136.8363889, 35.4594444]}, "properties": {"name": "芥見（あくたみ）", "river_system": "木曽川", "river": "長良川"}}, {"type": "Feature", "geometry": {"type": "Point", "coordinates": [136.7744444, 35.4405556]}, "properties": {"name": "長良（ながら）", "river_system": "木曽川", "river": "長良川"}}, {"type": "Feature", "geometry": {"type": "Point", "coordinates": [136.75, 35.4297222]}, "properties": {"name": "忠節（ちゅうせつ）", "river_system": "木曽川", "river": "長良川"}}, {"type": "Feature", "geometry": {"type": "Point", "coordinates": [136.7011111, 35.3975]}, "properties": {"name": "穂積（ほづみ）", "river_system": "木曽川", "river": "長良川"}}, {"type": "Feature", "geometry": {"type": "Point", "coordinates": [136.6877778, 35.3616667]}, "properties": {"name": "墨俣（すのまた）", "river_system": "木曽川", "river": "長良川"}}, {"type": "Feature", "geometry": {"type": "Point", "coordinates": [136.6886111, 35.33]}, "properties": {"name": "間島（廃止）（まじま）", "river_system": "木曽川", "river": "長良川"}}, {"type": "Feature", "geometry": {"type": "Point", "coordinates": [136.6761111, 35.2733333]}, "properties": {"name": "南濃大橋（なんのうおおはし）", "river_system": "木曽川", "river": "長良川"}}, {"type": "Feature", "geometry": {"type": "Point", "coordinates": [136.8383333, 35.6044444]}, "properties": {"name": "下洞戸（しもほらど）", "river_system": "木曽川", "river": "板取川"}}, {"type": "Feature", "geometry": {"type": "Point", "coordinates": [136.86, 35.4758333]}, "properties": {"name": "関（せき）", "river_system": "木曽川", "river": "津保川"}}, {"type": "Feature", "geometry": {"type": "Point", "coordinates": [136.8275, 35.5422222]}, "properties": {"name": "谷口（たにぐち）", "river_system": "木曽川", "river": "武儀川"}}, {"type": "Feature", "geometry": {"type": "Point", "coordinates": [136.7355556, 35.45]}, "properties": {"name": "古川橋（ふるかわばし）", "river_system": "木曽川", "river": "伊自良川"}}, {"type": "Feature", "geometry": {"type": "Point", "coordinates": [136.7586111, 35.3930556]}, "properties": {"name": "荒田川放水路（あらたがわほうすいろ）", "river_system": "木曽川", "river": "荒田川"}}, {"type": "Feature", "geometry": {"type": "Point", "coordinates": [136.7158333, 35.3841667]}, "properties": {"name": "出村（でむら）", "river_system": "木曽川", "river": "荒田川"}}, {"type": "Feature", "geometry": {"type": "Point", "coordinates": [136.7519444, 35.3722222]}, "properties": {"name": "八幡橋(廃止)（はちまんばし）", "river_system": "木曽川", "river": "境川"}}, {"type": "Feature", "geometry": {"type": "Point", "coordinates": [136.5691667, 35.4811111]}, "properties": {"name": "岡島（おかじま）", "river_system": "木曽川", "river": "揖斐川"}}, {"type": "Feature", "geometry": {"type": "Point", "coordinates": [136.6577778, 35.3605556]}, "properties": {"name": "万石（まんごく）", "river_system": "木曽川", "river": "揖斐川"}}, {"type": "Feature", "geometry": {"type": "Point", "coordinates": [136.5241667, 35.4752778]}, "properties": {"name": "市場（いちば）", "river_system": "木曽川", "river": "粕川"}}, {"type": "Feature", "geometry": {"type": "Point", "coordinates": [136.6161111, 35.6316667]}, "properties": {"name": "板所（いたしょ）", "river_system": "木曽川", "river": "根尾川"}}, {"type": "Feature", "geometry": {"type": "Point", "coordinates": [136.6566667, 35.5097222]}, "properties": {"name": "山口（やまぐち）", "river_system": "木曽川", "river": "根尾川"}}, {"type": "Feature", "geometry": {"type": "Point", "coordinates": [136.4725, 35.2911111]}, "properties": {"name": "文條橋（ぶんじょうばし）", "river_system": "木曽川", "river": "牧田川"}}, {"type": "Feature", "geometry": {"type": "Point", "coordinates": [136.5169444, 35.3341667]}, "properties": {"name": "広瀬橋（ひろせばし）", "river_system": "木曽川", "river": "牧田川"}}, {"type": "Feature", "geometry": {"type": "Point", "coordinates": [136.5938889, 35.3058333]}, "properties": {"name": "烏江（からすえ）", "river_system": "木曽川", "river": "牧田川"}}, {"type": "Feature", "geometry": {"type": "Point", "coordinates": [136.5955556, 35.3547222]}, "properties": {"name": "塩田橋（しおたばし）", "river_system": "木曽川", "river": "杭瀬川"}}, {"type": "Feature", "geometry": {"type": "Point", "coordinates": [136.5955556, 35.3077778]}, "properties": {"name": "高渕（たかぶち）", "river_system": "木曽川", "river": "杭瀬川"}}, {"type": "Feature", "geometry": {"type": "Point", "coordinates": [136.4838889, 35.695]}, "properties": {"name": "徳山（廃止）（とくやま）", "river_system": "木曽川", "river": "揖斐川"}}, {"type": "Feature", "geometry": {"type": "Point", "coordinates": [136.5, 35.6416667]}, "properties": {"name": "杉原（すぎはら）", "river_system": "木曽川", "river": "揖斐川"}}, {"type": "Feature", "geometry": {"type": "Point", "coordinates": [136.42, 35.5975]}, "properties": {"name": "広瀬（ひろせ）", "river_system": "木曽川", "river": "坂内川"}}, {"type": "Feature", "geometry": {"type": "Point", "coordinates": [136.6744444, 35.2377778]}, "properties": {"name": "木曽成戸（きそなると）", "river_system": "木曽川", "river": "木曽川"}}, {"type": "Feature", "geometry": {"type": "Point", "coordinates": [136.6794444, 35.2258333]}, "properties": {"name": "木曽成戸第2（きそなるとだいに）", "river_system": "木曽川", "river": "木曽川"}}, {"type": "Feature", "geometry": {"type": "Point", "coordinates": [136.6811111, 35.1838889]}, "properties": {"name": "葛木（かつらぎ）", "river_system": "木曽川", "river": "木曽川"}}, {"type": "Feature", "geometry": {"type": "Point", "coordinates": [136.6802778, 35.1322222]}, "properties": {"name": "木曽船頭平（きそせんどひら）", "river_system": "木曽川", "river": "木曽川"}}, {"type": "Feature", "geometry": {"type": "Point", "coordinates": [136.7136111, 35.1097222]}, "properties": {"name": "弥富（やとみ）", "river_system": "木曽川", "river": "木曽川"}}, {"type": "Feature", "geometry": {"type": "Point", "coordinates": [136.7280556, 35.0533333]}, "properties": {"name": "横満蔵（よこまくら）", "river_system": "木曽川", "river": "木曽川"}}, {"type": "Feature", "geometry": {"type": "Point", "coordinates": [136.6222222, 35.2522222]}, "properties": {"name": "今尾（いまお）", "river_system": "木曽川", "river": "揖斐川"}}, {"type": "Feature", "geometry": {"type": "Point", "coordinates": [136.6238889, 35.2125]}, "properties": {"name": "西小島（廃止）（にしおじま）", "river_system": "木曽川", "river": "揖斐川"}}, {"type": "Feature", "geometry": {"type": "Point", "coordinates": [136.6702778, 35.1347222]}, "properties": {"name": "揖斐油島（いびあぶらじま）", "river_system": "木曽川", "river": "揖斐川"}}, {"type": "Feature", "geometry": {"type": "Point", "coordinates": [136.71, 35.0266667]}, "properties": {"name": "城南（じょうなん）", "river_system": "木曽川", "river": "揖斐川"}}, {"type": "Feature", "geometry": {"type": "Point", "coordinates": [136.6497222, 35.1375]}, "properties": {"name": "多度橋（たどばし）", "river_system": "木曽川", "river": "多度川"}}, {"type": "Feature", "geometry": {"type": "Point", "coordinates": [136.6544444, 35.1258333]}, "properties": {"name": "肱江川（ひじえがわ）", "river_system": "木曽川", "river": "肱江川"}}, {"type": "Feature", "geometry": {"type": "Point", "coordinates": [136.6738889, 35.2383333]}, "properties": {"name": "長良成戸（ながらなると）", "river_system": "木曽川", "river": "長良川"}}, {"type": "Feature", "geometry": {"type": "Point", "coordinates": [136.67, 35.1894444]}, "properties": {"name": "外浜（そとはま）", "river_system": "木曽川", "river": "長良川"}}, {"type": "Feature", "geometry": {"type": "Point", "coordinates": [136.6702778, 35.1347222]}, "properties": {"name": "長良油島（ながらあぶらじま）", "river_system": "木曽川", "river": "長良川"}}, {"type": "Feature", "geometry": {"type": "Point", "coordinates": [136.6952778, 35.0869444]}, "properties": {"name": "長島（ながしま）", "river_system": "木曽川", "river": "長良川"}}, {"type": "Feature", "geometry": {"type": "Point", "coordinates": [137.7041667, 35.7616667]}, "properties": {"name": "桃山（ももやま）", "river_system": "木曽川", "river": "木曽川"}}, {"type": "Feature", "geometry": {"type": "Point", "coordinates": [137.3844444, 35.4797222]}, "properties": {"name": "大井（おおい）", "river_system": "木曽川", "river": "木曽川"}}, {"type": "Feature", "geometry": {"type": "Point", "coordinates": [137.1394444, 35.4736111]}, "properties": {"name": "八百津（やおつ）", "river_system": "木曽川", "river": "木曽川"}}, {"type": "Feature", "geometry": {"type": "Point", "coordinates": [137.4458333, 35.535]}, "properties": {"name": "知原（ちはら）", "river_system": "木曽川", "river": "付知川"}}, {"type": "Feature", "geometry": {"type": "Point", "coordinates": [136.4430556, 34.8491667]}, "properties": {"name": "亀山（かめやま）", "river_system": "鈴鹿川", "river": "鈴鹿川"}}, {"type": "Feature", "geometry": {"type": "Point", "coordinates": [136.5138889, 34.8758333]}, "properties": {"name": "中富田（なかとみだ）", "river_system": "鈴鹿川", "river": "鈴鹿川"}}, {"type": "Feature", "geometry": {"type": "Point", "coordinates": [136.5961111, 34.9019444]}, "properties": {"name": "高岡（たかおか）", "river_system": "鈴鹿川", "river": "鈴鹿川"}}, {"type": "Feature", "geometry": {"type": "Point", "coordinates": [136.6166667, 34.9069444]}, "properties": {"name": "南川（みなみかわ）", "river_system": "鈴鹿川", "river": "派川"}}, {"type": "Feature", "geometry": {"type": "Point", "coordinates": [136.4844444, 34.8825]}, "properties": {"name": "川崎（かわさき）", "river_system": "鈴鹿川", "river": "安楽川"}}, {"type": "Feature", "geometry": {"type": "Point", "coordinates": [136.5963889, 34.9191667]}, "properties": {"name": "河原田（かわらだ）", "river_system": "鈴鹿川", "river": "内部川"}}, {"type": "Feature", "geometry": {"type": "Point", "coordinates": [136.4077778, 34.6447222]}, "properties": {"name": "大仰（おおのぎ）", "river_system": "雲出川", "river": "雲出川"}}, {"type": "Feature", "geometry": {"type": "Point", "coordinates": [136.4666667, 34.6605556]}, "properties": {"name": "須賀瀬橋（すがせばし）", "river_system": "雲出川", "river": "雲出川"}}, {"type": "Feature", "geometry": {"type": "Point", "coordinates": [136.4975, 34.6486111]}, "properties": {"name": "舞出（まいで）", "river_system": "雲出川", "river": "雲出川"}}, {"type": "Feature", "geometry": {"type": "Point", "coordinates": [136.5122222, 34.6466667]}, "properties": {"name": "雲出橋（くもづばし）", "river_system": "雲出川", "river": "雲出川"}}, {"type": "Feature", "geometry": {"type": "Point", "coordinates": [136.535, 34.6572222]}, "properties": {"name": "川原（かわら）", "river_system": "雲出川", "river": "雲出古川"}}, {"type": "Feature", "geometry": {"type": "Point", "coordinates": [136.4172222, 34.6727778]}, "properties": {"name": "入田橋（にゅうだばし）", "river_system": "雲出川", "river": "長野川"}}, {"type": "Feature", "geometry": {"type": "Point", "coordinates": [136.4252778, 34.6519444]}, "properties": {"name": "下川原橋（しもがわらばし）", "river_system": "雲出川", "river": "波瀬川"}}, {"type": "Feature", "geometry": {"type": "Point", "coordinates": [136.4002778, 34.5880556]}, "properties": {"name": "三谷橋（みたにばし）", "river_system": "雲出川", "river": "中村川"}}, {"type": "Feature", "geometry": {"type": "Point", "coordinates": [136.4538889, 34.62]}, "properties": {"name": "島田橋（しまだばし）", "river_system": "雲出川", "river": "中村川"}}, {"type": "Feature", "geometry": {"type": "Point", "coordinates": [136.4736111, 34.6480556]}, "properties": {"name": "平生（ひらお）", "river_system": "雲出川", "river": "赤川"}}, {"type": "Feature", "geometry": {"type": "Point", "coordinates": [136.5402778, 34.5055556]}, "properties": {"name": "両郡（りょうぐん）", "river_system": "櫛田川", "river": "櫛田川"}}, {"type": "Feature", "geometry": {"type": "Point", "coordinates": [136.5716667, 34.5238889]}, "properties": {"name": "櫛田頭首工（くしだとうしゅこう）", "river_system": "櫛田川", "river": "櫛田川"}}, {"type": "Feature", "geometry": {"type": "Point", "coordinates": [136.5852778, 34.5455556]}, "properties": {"name": "櫛田橋（くしだばし）", "river_system": "櫛田川", "river": "櫛田川"}}, {"type": "Feature", "geometry": {"type": "Point", "coordinates": [136.5552778, 34.4888889]}, "properties": {"name": "西山橋（にしやまばし）", "river_system": "櫛田川", "river": "佐奈川"}}, {"type": "Feature", "geometry": {"type": "Point", "coordinates": [136.161475, 34.3514472]}, "properties": {"name": "三軒屋（さんげんや）", "river_system": "櫛田川", "river": "蓮川"}}, {"type": "Feature", "geometry": {"type": "Point", "coordinates": [136.1590472, 34.3858361]}, "properties": {"name": "青田（おおだ）", "river_system": "櫛田川", "river": "青田川"}}, {"type": "Feature", "geometry": {"type": "Point", "coordinates": [136.2222222, 34.3808333]}, "properties": {"name": "塩ヶ瀬（しおがせ）", "river_system": "櫛田川", "river": "蓮川"}}, {"type": "Feature", "geometry": {"type": "Point", "coordinates": [136.2914444, 34.4206944]}, "properties": {"name": "田引（たびき）", "river_system": "櫛田川", "river": "櫛田川"}}, {"type": "Feature", "geometry": {"type": "Point", "coordinates": [136.6536111, 34.4641667]}, "properties": {"name": "岩出（いわで）", "river_system": "宮川", "river": "宮川"}}, {"type": "Feature", "geometry": {"type": "Point", "coordinates": [136.7108333, 34.4830556]}, "properties": {"name": "岡本（おかもと）", "river_system": "宮川", "river": "勢田川"}}, {"type": "Feature", "geometry": {"type": "Point", "coordinates": [136.7311111, 34.5]}, "properties": {"name": "勢田大橋（せたおおはし）", "river_system": "宮川", "river": "勢田川"}}, {"type": "Feature", "geometry": {"type": "Point", "coordinates": [136.7369444, 34.5080556]}, "properties": {"name": "防潮水門内（ぼうちょうすいもんないすいい）", "river_system": "宮川", "river": "勢田川"}}, {"type": "Feature", "geometry": {"type": "Point", "coordinates": [136.6822222, 34.4936111]}, "properties": {"name": "度会橋（わたらいばし）", "river_system": "宮川", "river": "宮川"}}, {"type": "Feature", "geometry": {"type": "Point", "coordinates": [136.6566667, 34.6230556]}, "properties": {"name": "浜田（はまだ）", "river_system": "中部その他", "river": "伊勢湾"}}, {"type": "Feature", "geometry": {"type": "Point", "coordinates": [137.2177778, 35.1516667]}, "properties": {"name": "猿投（さなげ）", "river_system": "矢作川", "river": "矢作川"}}, {"type": "Feature", "geometry": {"type": "Point", "coordinates": [135.9380556, 33.7502778]}, "properties": {"name": "相賀（おうが）", "river_system": "新宮川", "river": "熊野川"}}, {"type": "Feature", "geometry": {"type": "Point", "coordinates": [135.9802778, 33.7388889]}, "properties": {"name": "鮒田（外）（フナダ（ガイ））", "river_system": "新宮川", "river": "熊野川"}}, {"type": "Feature", "geometry": {"type": "Point", "coordinates": [135.9880556, 33.7355556]}, "properties": {"name": "成川（なるかわ）", "river_system": "新宮川", "river": "熊野川"}}, {"type": "Feature", "geometry": {"type": "Point", "coordinates": [136.0083333, 33.7241667]}, "properties": {"name": "あけぼの(外)（あけぼの(がい)）", "river_system": "新宮川", "river": "熊野川"}}, {"type": "Feature", "geometry": {"type": "Point", "coordinates": [135.9755556, 33.7605556]}, "properties": {"name": "高岡（たかおか）", "river_system": "新宮川", "river": "相野谷川"}}, {"type": "Feature", "geometry": {"type": "Point", "coordinates": [135.9802778, 33.7388889]}, "properties": {"name": "鮒田（内）（フナダ（ナイ））", "river_system": "新宮川", "river": "相野谷川"}}, {"type": "Feature", "geometry": {"type": "Point", "coordinates": [135.9955556, 33.7180556]}, "properties": {"name": "下田（しもだ）", "river_system": "新宮川", "river": "市田川"}}, {"type": "Feature", "geometry": {"type": "Point", "coordinates": [136.0083333, 33.7241667]}, "properties": {"name": "あけぼの(内)（あけぼの(ない)）", "river_system": "新宮川", "river": "市田川"}}, {"type": "Feature", "geometry": {"type": "Point", "coordinates": [135.9380556, 33.7502778]}, "properties": {"name": "相賀（おうが）", "river_system": "新宮川", "river": "熊野川"}}, {"type": "Feature", "geometry": {"type": "Point", "coordinates": [135.9811111, 33.7391667]}, "properties": {"name": "鮒田（外）（ふなだ（がい））", "river_system": "新宮川", "river": "熊野川"}}, {"type": "Feature", "geometry": {"type": "Point", "coordinates": [135.9880556, 33.7355556]}, "properties": {"name": "成川（なるかわ）", "river_system": "新宮川", "river": "熊野川"}}, {"type": "Feature", "geometry": {"type": "Point", "coordinates": [136.0083333, 33.7241667]}, "properties": {"name": "あけぼの(外)（あけぼの(がい)）", "river_system": "新宮川", "river": "熊野川"}}, {"type": "Feature", "geometry": {"type": "Point", "coordinates": [135.9863889, 33.7797222]}, "properties": {"name": "大里（おおさと）", "river_system": "新宮川", "river": "相野谷川"}}, {"type": "Feature", "geometry": {"type": "Point", "coordinates": [135.9755556, 33.7605556]}, "properties": {"name": "高岡（たかおか）", "river_system": "新宮川", "river": "相野谷川"}}, {"type": "Feature", "geometry": {"type": "Point", "coordinates": [135.9805556, 33.7386111]}, "properties": {"name": "鮒田（内）（ふなだ（ない））", "river_system": "新宮川", "river": "相野谷川"}}, {"type": "Feature", "geometry": {"type": "Point", "coordinates": [135.9955556, 33.7180556]}, "properties": {"name": "下田（しもだ）", "river_system": "新宮川", "river": "市田川"}}, {"type": "Feature", "geometry": {"type": "Point", "coordinates": [136.0083333, 33.7241667]}, "properties": {"name": "あけぼの(内)（あけぼの(ない)）", "river_system": "新宮川", "river": "市田川"}}, {"type": "Feature", "geometry": {"type": "Point", "coordinates": [135.7680556, 34.2066667]}, "properties": {"name": "広瀬（廃止）（ひろせ）", "river_system": "新宮川", "river": "熊野川"}}, {"type": "Feature", "geometry": {"type": "Point", "coordinates": [135.7419444, 34.1783333]}, "properties": {"name": "猿谷（さるたに）", "river_system": "新宮川", "river": "熊野川"}}, {"type": "Feature", "geometry": {"type": "Point", "coordinates": [135.835, 34.2133333]}, "properties": {"name": "九尾（廃止）（つづらお）", "river_system": "新宮川", "river": "熊野川"}}, {"type": "Feature", "geometry": {"type": "Point", "coordinates": [135.7566667, 34.1672222]}, "properties": {"name": "辻堂（つじどう）", "river_system": "新宮川", "river": "熊野川"}}, {"type": "Feature", "geometry": {"type": "Point", "coordinates": [135.7416667, 34.1577778]}, "properties": {"name": "キリキ谷（きりきたに）", "river_system": "新宮川", "river": "川原樋川"}}, {"type": "Feature", "geometry": {"type": "Point", "coordinates": [135.6963889, 34.1325]}, "properties": {"name": "川原樋（廃止）（かわらび）", "river_system": "新宮川", "river": "川原樋川"}}, {"type": "Feature", "geometry": {"type": "Point", "coordinates": [135.6919444, 34.3469444]}, "properties": {"name": "五條（ごじょう）", "river_system": "紀の川", "river": "紀の川"}}, {"type": "Feature", "geometry": {"type": "Point", "coordinates": [135.6575, 34.3261111]}, "properties": {"name": "隅田（すだ）", "river_system": "紀の川", "river": "紀の川"}}, {"type": "Feature", "geometry": {"type": "Point", "coordinates": [135.6138889, 34.3147222]}, "properties": {"name": "橋本（はしもと）", "river_system": "紀の川", "river": "紀の川"}}, {"type": "Feature", "geometry": {"type": "Point", "coordinates": [135.5725, 34.2988889]}, "properties": {"name": "応其（おうご）", "river_system": "紀の川", "river": "紀の川"}}, {"type": "Feature", "geometry": {"type": "Point", "coordinates": [135.5591667, 34.2930556]}, "properties": {"name": "九度山（くどやま）", "river_system": "紀の川", "river": "紀の川"}}, {"type": "Feature", "geometry": {"type": "Point", "coordinates": [135.5233333, 34.2944444]}, "properties": {"name": "三谷（みたに）", "river_system": "紀の川", "river": "紀の川"}}, {"type": "Feature", "geometry": {"type": "Point", "coordinates": [135.4411111, 34.2677778]}, "properties": {"name": "麻生津（おうづ）", "river_system": "紀の川", "river": "紀の川"}}, {"type": "Feature", "geometry": {"type": "Point", "coordinates": [135.4213889, 34.2625]}, "properties": {"name": "荒見（あらみ）", "river_system": "紀の川", "river": "紀の川"}}, {"type": "Feature", "geometry": {"type": "Point", "coordinates": [135.3705556, 34.2472222]}, "properties": {"name": "竹房（たけぶさ）", "river_system": "紀の川", "river": "紀の川"}}, {"type": "Feature", "geometry": {"type": "Point", "coordinates": [135.3130556, 34.2497222]}, "properties": {"name": "船戸第一（廃止）（ふなとだいいち）", "river_system": "紀の川", "river": "紀の川"}}, {"type": "Feature", "geometry": {"type": "Point", "coordinates": [135.3105556, 34.2513889]}, "properties": {"name": "旧船戸（きゅうふなと）", "river_system": "紀の川", "river": "紀の川"}}, {"type": "Feature", "geometry": {"type": "Point", "coordinates": [135.3102778, 34.2513889]}, "properties": {"name": "船戸第二（ふなとだいに）", "river_system": "紀の川", "river": "紀の川"}}, {"type": "Feature", "geometry": {"type": "Point", "coordinates": [135.2611111, 34.2491667]}, "properties": {"name": "布施屋（ほしや）", "river_system": "紀の川", "river": "紀の川"}}, {"type": "Feature", "geometry": {"type": "Point", "coordinates": [135.2502778, 34.2505556]}, "properties": {"name": "永穂（なんごう）", "river_system": "紀の川", "river": "紀の川"}}, {"type": "Feature", "geometry": {"type": "Point", "coordinates": [135.2272222, 34.2477778]}, "properties": {"name": "小豆島（あずしま）", "river_system": "紀の川", "river": "紀の川"}}, {"type": "Feature", "geometry": {"type": "Point", "coordinates": [135.2041667, 34.2575]}, "properties": {"name": "六十谷（廃止）（むそた）", "river_system": "紀の川", "river": "紀の川"}}, {"type": "Feature", "geometry": {"type": "Point", "coordinates": [135.1572222, 34.2275]}, "properties": {"name": "湊（みなと）", "river_system": "紀の川", "river": "紀の川"}}, {"type": "Feature", "geometry": {"type": "Point", "coordinates": [135.2786111, 34.1625]}, "properties": {"name": "野上（のかみ）", "river_system": "紀の川", "river": "貴志川"}}, {"type": "Feature", "geometry": {"type": "Point", "coordinates": [135.3127778, 34.2066667]}, "properties": {"name": "井ノ口（いのぐち）", "river_system": "紀の川", "river": "貴志川"}}, {"type": "Feature", "geometry": {"type": "Point", "coordinates": [135.3266667, 34.2180556]}, "properties": {"name": "貴志（きし）", "river_system": "紀の川", "river": "貴志川"}}, {"type": "Feature", "geometry": {"type": "Point", "coordinates": [135.3363889, 34.2369444]}, "properties": {"name": "高島（たかしま）", "river_system": "紀の川", "river": "貴志川"}}, {"type": "Feature", "geometry": {"type": "Point", "coordinates": [135.0147222, 34.2802778]}, "properties": {"name": "友ヶ島（ともがしま）", "river_system": "紀の川", "river": "紀の川"}}, {"type": "Feature", "geometry": {"type": "Point", "coordinates": [135.3091667, 34.2522222]}, "properties": {"name": "船戸（ふなと）", "river_system": "紀の川", "river": "紀の川"}}, {"type": "Feature", "geometry": {"type": "Point", "coordinates": [136.0033333, 34.2880556]}, "properties": {"name": "柏木（廃止）（かしわぎ）", "river_system": "紀の川", "river": "紀の川"}}, {"type": "Feature", "geometry": {"type": "Point", "coordinates": [135.7013889, 34.3283333]}, "properties": {"name": "丹原（廃止）（たんばら）", "river_system": "紀の川", "river": "大和丹生川"}}, {"type": "Feature", "geometry": {"type": "Point", "coordinates": [135.9391667, 34.3661111]}, "properties": {"name": "衣引（えびき）", "river_system": "紀の川", "river": "紀の川"}}, {"type": "Feature", "geometry": {"type": "Point", "coordinates": [135.8697222, 34.3930556]}, "properties": {"name": "妹背（いもせ）", "river_system": "紀の川", "river": "紀の川"}}, {"type": "Feature", "geometry": {"type": "Point", "coordinates": [136.0202778, 34.3088889]}, "properties": {"name": "中奥（廃止）（なかおく）", "river_system": "紀の川", "river": "中奥川"}}, {"type": "Feature", "geometry": {"type": "Point", "coordinates": [135.9652778, 34.3997222]}, "properties": {"name": "高見（たかみ）", "river_system": "紀の川", "river": "高見川"}}, {"type": "Feature", "geometry": {"type": "Point", "coordinates": [135.7693917, 34.5976806]}, "properties": {"name": "板東（いたひがし）", "river_system": "大和川", "river": "大和川"}}, {"type": "Feature", "geometry": {"type": "Point", "coordinates": [135.7446361, 34.5927]}, "properties": {"name": "河合（かわい）", "river_system": "大和川", "river": "大和川"}}, {"type": "Feature", "geometry": {"type": "Point", "coordinates": [135.7088806, 34.5991306]}, "properties": {"name": "王寺（おうじ）", "river_system": "大和川", "river": "大和川"}}, {"type": "Feature", "geometry": {"type": "Point", "coordinates": [135.6845111, 34.5859833]}, "properties": {"name": "藤井（ふじい）", "river_system": "大和川", "river": "大和川"}}, {"type": "Feature", "geometry": {"type": "Point", "coordinates": [135.6362222, 34.5697861]}, "properties": {"name": "国豊橋（くにとよばし）", "river_system": "大和川", "river": "大和川"}}, {"type": "Feature", "geometry": {"type": "Point", "coordinates": [135.617175, 34.5814111]}, "properties": {"name": "柏原（かしわら）", "river_system": "大和川", "river": "大和川"}}, {"type": "Feature", "geometry": {"type": "Point", "coordinates": [135.4973556, 34.5899778]}, "properties": {"name": "香ヶ丘（かおりがおか）", "river_system": "大和川", "river": "大和川"}}, {"type": "Feature", "geometry": {"type": "Point", "coordinates": [135.4518111, 34.6054806]}, "properties": {"name": "堺（さかい）", "river_system": "大和川", "river": "大和川"}}, {"type": "Feature", "geometry": {"type": "Point", "coordinates": [135.7910639, 34.6245361]}, "properties": {"name": "番条（ばんじょう）", "river_system": "大和川", "river": "佐保川"}}, {"type": "Feature", "geometry": {"type": "Point", "coordinates": [135.7510833, 34.5840806]}, "properties": {"name": "保田（ほた）", "river_system": "大和川", "river": "曽我川"}}, {"type": "Feature", "geometry": {"type": "Point", "coordinates": [135.6220278, 34.5704611]}, "properties": {"name": "道明寺（どうみょうじ）", "river_system": "大和川", "river": "石川"}}, {"type": "Feature", "geometry": {"type": "Point", "coordinates": [135.4888556, 34.5951389]}, "properties": {"name": "遠里小野（おりおの）", "river_system": "大和川", "river": "大和川"}}, {"type": "Feature", "geometry": {"type": "Point", "coordinates": [136.1638889, 35.5147222]}, "properties": {"name": "塩津（廃止）（シオヅ）", "river_system": "淀川", "river": "琵琶湖"}}, {"type": "Feature", "geometry": {"type": "Point", "coordinates": [136.1983333, 35.4552778]}, "properties": {"name": "片山（かたやま）", "river_system": "淀川", "river": "琵琶湖"}}, {"type": "Feature", "geometry": {"type": "Point", "coordinates": [136.2477778, 35.2830556]}, "properties": {"name": "彦根（ひこね）", "river_system": "淀川", "river": "琵琶湖"}}, {"type": "Feature", "geometry": {"type": "Point", "coordinates": [136.0130556, 35.2936111]}, "properties": {"name": "大溝（おおみぞ）", "river_system": "淀川", "river": "琵琶湖"}}, {"type": "Feature", "geometry": {"type": "Point", "coordinates": [136.0613889, 35.2044444]}, "properties": {"name": "沖ノ島（おきのしま）", "river_system": "淀川", "river": "琵琶湖"}}, {"type": "Feature", "geometry": {"type": "Point", "coordinates": [135.9255556, 35.1155556]}, "properties": {"name": "堅田（かたた）", "river_system": "淀川", "river": "琵琶湖"}}, {"type": "Feature", "geometry": {"type": "Point", "coordinates": [135.8613889, 35.0144444]}, "properties": {"name": "三保ヶ崎（みほがざき）", "river_system": "淀川", "river": "琵琶湖"}}, {"type": "Feature", "geometry": {"type": "Point", "coordinates": [135.9058333, 34.9733333]}, "properties": {"name": "鳥居川（とりいがわ）", "river_system": "淀川", "river": "瀬田川"}}, {"type": "Feature", "geometry": {"type": "Point", "coordinates": [135.9113889, 34.9411111]}, "properties": {"name": "千町（せんちょう）", "river_system": "淀川", "river": "瀬田川"}}, {"type": "Feature", "geometry": {"type": "Point", "coordinates": [135.9125, 34.9361111]}, "properties": {"name": "瀬浚（せざらい）", "river_system": "淀川", "river": "瀬田川"}}, {"type": "Feature", "geometry": {"type": "Point", "coordinates": [135.9163889, 34.9305556]}, "properties": {"name": "関ノ津（せきのつ）", "river_system": "淀川", "river": "瀬田川"}}, {"type": "Feature", "geometry": {"type": "Point", "coordinates": [135.9163889, 34.9408333]}, "properties": {"name": "黒津（くろづ）", "river_system": "淀川", "river": "大戸川"}}, {"type": "Feature", "geometry": {"type": "Point", "coordinates": [136.1191667, 34.9861111]}, "properties": {"name": "三雲1（廃止）（みくも１）", "river_system": "淀川", "river": "野洲川"}}, {"type": "Feature", "geometry": {"type": "Point", "coordinates": [136.1186111, 34.9861111]}, "properties": {"name": "三雲（みくも）", "river_system": "淀川", "river": "野洲川"}}, {"type": "Feature", "geometry": {"type": "Point", "coordinates": [136.0625, 35.02]}, "properties": {"name": "中郡橋（ちゅうぐんばし）", "river_system": "淀川", "river": "野洲川"}}, {"type": "Feature", "geometry": {"type": "Point", "coordinates": [136.0447222, 35.0233333]}, "properties": {"name": "石部上（廃止）（イシベカミ）", "river_system": "淀川", "river": "野洲川"}}, {"type": "Feature", "geometry": {"type": "Point", "coordinates": [136.0438889, 35.0238889]}, "properties": {"name": "石部下（廃止）（イシベシモ）", "river_system": "淀川", "river": "野洲川"}}, {"type": "Feature", "geometry": {"type": "Point", "coordinates": [136.0041667, 35.0622222]}, "properties": {"name": "野洲（やす）", "river_system": "淀川", "river": "野洲川"}}, {"type": "Feature", "geometry": {"type": "Point", "coordinates": [135.9894444, 35.1016667]}, "properties": {"name": "服部（はっとり）", "river_system": "淀川", "river": "野洲川"}}, {"type": "Feature", "geometry": {"type": "Point", "coordinates": [135.9652778, 35.0183333]}, "properties": {"name": "旭橋（あさひばし）", "river_system": "淀川", "river": "琵琶湖"}}, {"type": "Feature", "geometry": {"type": "Point", "coordinates": [136.2333333, 35.4022222]}, "properties": {"name": "野寺橋（のでらばし）", "river_system": "淀川", "river": "高時川"}}, {"type": "Feature", "geometry": {"type": "Point", "coordinates": [136.0525, 35.1088889]}, "properties": {"name": "仁保橋（廃止）（にほばし）", "river_system": "淀川", "river": "日野川"}}, {"type": "Feature", "geometry": {"type": "Point", "coordinates": [136.1927778, 34.9611111]}, "properties": {"name": "新城上（廃止）（シンジョウカミ）", "river_system": "淀川", "river": "野洲川"}}, {"type": "Feature", "geometry": {"type": "Point", "coordinates": [136.1913889, 34.9619444]}, "properties": {"name": "新城下（廃止）（シンジョウシモ）", "river_system": "淀川", "river": "野洲川"}}, {"type": "Feature", "geometry": {"type": "Point", "coordinates": [136.1452778, 34.9666667]}, "properties": {"name": "柏貴（廃止）（カシキ）", "river_system": "淀川", "river": "野洲川"}}, {"type": "Feature", "geometry": {"type": "Point", "coordinates": [136.1402778, 34.9597222]}, "properties": {"name": "宇川（廃止）（ウカワ）", "river_system": "淀川", "river": "野洲川"}}, {"type": "Feature", "geometry": {"type": "Point", "coordinates": [136.0669444, 34.9255556]}, "properties": {"name": "黄瀬（廃止）（キノセ）", "river_system": "淀川", "river": "大戸川"}}, {"type": "Feature", "geometry": {"type": "Point", "coordinates": [136.0491667, 35.2325]}, "properties": {"name": "琵琶湖（びわこ）", "river_system": "淀川", "river": "琵琶湖"}}, {"type": "Feature", "geometry": {"type": "Point", "coordinates": [135.9425, 35.0130556]}, "properties": {"name": "西矢倉（にしやぐら）", "river_system": "淀川", "river": "草津川"}}, {"type": "Feature", "geometry": {"type": "Point", "coordinates": [135.9127778, 35.0963889]}, "properties": {"name": "雄琴沖（おごとおき）", "river_system": "淀川", "river": "琵琶湖"}}, {"type": "Feature", "geometry": {"type": "Point", "coordinates": [136.0775, 34.9166667]}, "properties": {"name": "内裏野橋（だいりのはし）", "river_system": "淀川", "river": "大戸川"}}, {"type": "Feature", "geometry": {"type": "Point", "coordinates": [135.8038889, 34.8944444]}, "properties": {"name": "宇治（うじ）", "river_system": "淀川", "river": "宇治川"}}, {"type": "Feature", "geometry": {"type": "Point", "coordinates": [135.7688889, 34.9269444]}, "properties": {"name": "向島（むかいじま）", "river_system": "淀川", "river": "宇治川"}}, {"type": "Feature", "geometry": {"type": "Point", "coordinates": [135.7177778, 34.8966667]}, "properties": {"name": "淀（よど）", "river_system": "淀川", "river": "宇治川"}}, {"type": "Feature", "geometry": {"type": "Point", "coordinates": [135.685, 34.8897222]}, "properties": {"name": "宇治川三川（うじがわさんせん）", "river_system": "淀川", "river": "宇治川"}}, {"type": "Feature", "geometry": {"type": "Point", "coordinates": [135.6697222, 34.8677778]}, "properties": {"name": "高浜（たかはま）", "river_system": "淀川", "river": "淀川"}}, {"type": "Feature", "geometry": {"type": "Point", "coordinates": [135.6344444, 34.8136111]}, "properties": {"name": "枚方（ひらかた）", "river_system": "淀川", "river": "淀川"}}, {"type": "Feature", "geometry": {"type": "Point", "coordinates": [135.5177778, 34.7244444]}, "properties": {"name": "本川毛馬（ほんせんけま）", "river_system": "淀川", "river": "淀川"}}, {"type": "Feature", "geometry": {"type": "Point", "coordinates": [135.4683333, 34.6994444]}, "properties": {"name": "福島（ふくしま）", "river_system": "淀川", "river": "淀川"}}, {"type": "Feature", "geometry": {"type": "Point", "coordinates": [135.8108333, 34.9577778]}, "properties": {"name": "勧修寺（カンシュウジ）", "river_system": "淀川", "river": "山科川"}}, {"type": "Feature", "geometry": {"type": "Point", "coordinates": [135.8688889, 34.7588889]}, "properties": {"name": "加茂（かも）", "river_system": "淀川", "river": "木津川"}}, {"type": "Feature", "geometry": {"type": "Point", "coordinates": [135.8044444, 34.7677778]}, "properties": {"name": "祝園（ほうその）", "river_system": "淀川", "river": "木津川"}}, {"type": "Feature", "geometry": {"type": "Point", "coordinates": [135.7975, 34.8016667]}, "properties": {"name": "飯岡（いのおか）", "river_system": "淀川", "river": "木津川"}}, {"type": "Feature", "geometry": {"type": "Point", "coordinates": [135.7041667, 34.8863889]}, "properties": {"name": "八幡（やわた）", "river_system": "淀川", "river": "木津川"}}, {"type": "Feature", "geometry": {"type": "Point", "coordinates": [135.7480556, 35.2041667]}, "properties": {"name": "上黒田（カミクロダ）", "river_system": "淀川", "river": "桂川"}}, {"type": "Feature", "geometry": {"type": "Point", "coordinates": [135.5155556, 35.0861111]}, "properties": {"name": "新町（しんまち）", "river_system": "淀川", "river": "桂川"}}, {"type": "Feature", "geometry": {"type": "Point", "coordinates": [135.5866667, 35.0183333]}, "properties": {"name": "亀岡（かめおか）", "river_system": "淀川", "river": "桂川"}}, {"type": "Feature", "geometry": {"type": "Point", "coordinates": [135.6066667, 35.0152778]}, "properties": {"name": "請田（ウケタ）", "river_system": "淀川", "river": "桂川"}}, {"type": "Feature", "geometry": {"type": "Point", "coordinates": [135.6461111, 35.0263889]}, "properties": {"name": "保津峡（ほづきょう）", "river_system": "淀川", "river": "桂川"}}, {"type": "Feature", "geometry": {"type": "Point", "coordinates": [135.6786111, 35.0125]}, "properties": {"name": "天竜寺（てんりゅうじ）", "river_system": "淀川", "river": "桂川"}}, {"type": "Feature", "geometry": {"type": "Point", "coordinates": [135.7125, 34.9822222]}, "properties": {"name": "桂（かつら）", "river_system": "淀川", "river": "桂川"}}, {"type": "Feature", "geometry": {"type": "Point", "coordinates": [135.7311111, 34.9272222]}, "properties": {"name": "羽束師（はづかし）", "river_system": "淀川", "river": "桂川"}}, {"type": "Feature", "geometry": {"type": "Point", "coordinates": [135.7169444, 34.9083333]}, "properties": {"name": "納所（のうそ）", "river_system": "淀川", "river": "桂川"}}, {"type": "Feature", "geometry": {"type": "Point", "coordinates": [135.7588889, 34.9658333]}, "properties": {"name": "深草（ふかくさ）", "river_system": "淀川", "river": "鴨川"}}, {"type": "Feature", "geometry": {"type": "Point", "coordinates": [135.5230556, 34.6944444]}, "properties": {"name": "桜の宮（サクラノミヤ）", "river_system": "淀川", "river": "淀川"}}, {"type": "Feature", "geometry": {"type": "Point", "coordinates": [135.4827778, 34.6855556]}, "properties": {"name": "西の鼻（ニシノハナ）", "river_system": "淀川", "river": "淀川"}}, {"type": "Feature", "geometry": {"type": "Point", "coordinates": [135.6147222, 34.8288889]}, "properties": {"name": "芥川（あくたがわ）", "river_system": "淀川", "river": "芥川"}}, {"type": "Feature", "geometry": {"type": "Point", "coordinates": [135.3702778, 34.9058333]}, "properties": {"name": "南田原（みなみたはら）", "river_system": "淀川", "river": "猪名川"}}, {"type": "Feature", "geometry": {"type": "Point", "coordinates": [135.3955556, 34.8727778]}, "properties": {"name": "虫生（むしゅう）", "river_system": "淀川", "river": "猪名川"}}, {"type": "Feature", "geometry": {"type": "Point", "coordinates": [135.4152778, 34.8541667]}, "properties": {"name": "銀橋（ぎんばし）", "river_system": "淀川", "river": "猪名川"}}, {"type": "Feature", "geometry": {"type": "Point", "coordinates": [135.4222222, 34.8261111]}, "properties": {"name": "小戸（おおべ）", "river_system": "淀川", "river": "猪名川"}}, {"type": "Feature", "geometry": {"type": "Point", "coordinates": [135.4230556, 34.7966667]}, "properties": {"name": "軍行橋（ぐんこうばし）", "river_system": "淀川", "river": "猪名川"}}, {"type": "Feature", "geometry": {"type": "Point", "coordinates": [135.4344444, 34.7705556]}, "properties": {"name": "猪名川橋（いながわばし）", "river_system": "淀川", "river": "猪名川"}}, {"type": "Feature", "geometry": {"type": "Point", "coordinates": [135.4538889, 34.7636111]}, "properties": {"name": "利倉（とくら）", "river_system": "淀川", "river": "猪名川"}}, {"type": "Feature", "geometry": {"type": "Point", "coordinates": [135.4380556, 34.7630556]}, "properties": {"name": "上食満（かみけま）", "river_system": "淀川", "river": "藻川"}}, {"type": "Feature", "geometry": {"type": "Point", "coordinates": [135.4088889, 34.9372222]}, "properties": {"name": "千軒（機構）（せんげん）", "river_system": "淀川", "river": "一庫大路次川"}}, {"type": "Feature", "geometry": {"type": "Point", "coordinates": [135.4522222, 34.7372222]}, "properties": {"name": "戸ノ内（とのうち）", "river_system": "淀川", "river": "猪名川"}}, {"type": "Feature", "geometry": {"type": "Point", "coordinates": [135.4688889, 34.8886111]}, "properties": {"name": "上止々呂美（かみとどろみ）", "river_system": "淀川", "river": "余野川"}}, {"type": "Feature", "geometry": {"type": "Point", "coordinates": [135.4408333, 34.8555556]}, "properties": {"name": "吉田橋上流（よしだばしじょうりゅう）", "river_system": "淀川", "river": "余野川"}}, {"type": "Feature", "geometry": {"type": "Point", "coordinates": [136.1536111, 34.7113889]}, "properties": {"name": "依那古（いなこ）", "river_system": "淀川", "river": "木津川"}}, {"type": "Feature", "geometry": {"type": "Point", "coordinates": [136.1213889, 34.7447222]}, "properties": {"name": "大内（おおうち）", "river_system": "淀川", "river": "木津川"}}, {"type": "Feature", "geometry": {"type": "Point", "coordinates": [136.115, 34.7594444]}, "properties": {"name": "朝屋（ちょうや）", "river_system": "淀川", "river": "木津川"}}, {"type": "Feature", "geometry": {"type": "Point", "coordinates": [136.1002778, 34.7777778]}, "properties": {"name": "岩倉（いわくら）", "river_system": "淀川", "river": "木津川"}}, {"type": "Feature", "geometry": {"type": "Point", "coordinates": [136.0577778, 34.7677778]}, "properties": {"name": "島ヶ原（しまがはら）", "river_system": "淀川", "river": "木津川"}}, {"type": "Feature", "geometry": {"type": "Point", "coordinates": [135.965, 34.7658333]}, "properties": {"name": "上有市（かみありいち）", "river_system": "淀川", "river": "木津川"}}, {"type": "Feature", "geometry": {"type": "Point", "coordinates": [136.1611111, 34.7738889]}, "properties": {"name": "荒木（あらき）", "river_system": "淀川", "river": "服部川"}}, {"type": "Feature", "geometry": {"type": "Point", "coordinates": [136.1227778, 34.785]}, "properties": {"name": "伊賀上野橋（いがうえのばし）", "river_system": "淀川", "river": "服部川"}}, {"type": "Feature", "geometry": {"type": "Point", "coordinates": [136.1625, 34.8011111]}, "properties": {"name": "佐那具（さなぐ）", "river_system": "淀川", "river": "柘植川"}}, {"type": "Feature", "geometry": {"type": "Point", "coordinates": [136.0816667, 34.62]}, "properties": {"name": "名張（なばり）", "river_system": "淀川", "river": "名張川"}}, {"type": "Feature", "geometry": {"type": "Point", "coordinates": [136.0777778, 34.6519444]}, "properties": {"name": "家野（機構）（いえの）", "river_system": "淀川", "river": "名張川"}}, {"type": "Feature", "geometry": {"type": "Point", "coordinates": [136.0627778, 34.5977778]}, "properties": {"name": "安部田（機構）（あべた）", "river_system": "淀川", "river": "宇陀川"}}, {"type": "Feature", "geometry": {"type": "Point", "coordinates": [136.145, 34.6155556]}, "properties": {"name": "比奈知(機構)（ひなち）", "river_system": "淀川", "river": "名張川"}}, {"type": "Feature", "geometry": {"type": "Point", "coordinates": [135.8280556, 34.8797222]}, "properties": {"name": "天ヶ瀬（アマガセ）", "river_system": "淀川", "river": "宇治川"}}, {"type": "Feature", "geometry": {"type": "Point", "coordinates": [135.8130556, 34.8861111]}, "properties": {"name": "槇尾山（まきおやま）", "river_system": "淀川", "river": "宇治川"}}, {"type": "Feature", "geometry": {"type": "Point", "coordinates": [136.0038889, 34.9447222]}, "properties": {"name": "大鳥居（おおとりい）", "river_system": "淀川", "river": "大戸川"}}, {"type": "Feature", "geometry": {"type": "Point", "coordinates": [134.9972222, 35.1127778]}, "properties": {"name": "小野前（おのまえ）", "river_system": "加古川", "river": "加古川"}}, {"type": "Feature", "geometry": {"type": "Point", "coordinates": [135.0080556, 35.0630556]}, "properties": {"name": "船町（ふなまち）", "river_system": "加古川", "river": "加古川"}}, {"type": "Feature", "geometry": {"type": "Point", "coordinates": [134.9730556, 34.9641667]}, "properties": {"name": "板波（いたば）", "river_system": "加古川", "river": "加古川"}}, {"type": "Feature", "geometry": {"type": "Point", "coordinates": [134.9372222, 34.8933333]}, "properties": {"name": "大門（だいもん）", "river_system": "加古川", "river": "加古川"}}, {"type": "Feature", "geometry": {"type": "Point", "coordinates": [134.9372222, 34.8933333]}, "properties": {"name": "大門（だいもん）", "river_system": "加古川", "river": "加古川"}}, {"type": "Feature", "geometry": {"type": "Point", "coordinates": [134.9211111, 34.8375]}, "properties": {"name": "大島（おおしま）", "river_system": "加古川", "river": "加古川"}}, {"type": "Feature", "geometry": {"type": "Point", "coordinates": [134.915, 34.8005556]}, "properties": {"name": "国包（くにかね）", "river_system": "加古川", "river": "加古川"}}, {"type": "Feature", "geometry": {"type": "Point", "coordinates": [134.8080556, 34.7475]}, "properties": {"name": "藍屋（あいや）", "river_system": "加古川", "river": "加古川"}}, {"type": "Feature", "geometry": {"type": "Point", "coordinates": [134.95, 34.8788889]}, "properties": {"name": "古川第二（ふるかわだいに）", "river_system": "加古川", "river": "東条川"}}, {"type": "Feature", "geometry": {"type": "Point", "coordinates": [134.9013889, 34.8566667]}, "properties": {"name": "万願寺（まんがんじ）", "river_system": "加古川", "river": "万願寺川"}}, {"type": "Feature", "geometry": {"type": "Point", "coordinates": [134.9511111, 34.8019444]}, "properties": {"name": "別所橋（べっしょばし）", "river_system": "加古川", "river": "美嚢川"}}, {"type": "Feature", "geometry": {"type": "Point", "coordinates": [134.5919444, 35.1286111]}, "properties": {"name": "下三方（しもみかた）", "river_system": "揖保川", "river": "揖保川"}}, {"type": "Feature", "geometry": {"type": "Point", "coordinates": [134.5830556, 35.0997222]}, "properties": {"name": "曲里（まがり）", "river_system": "揖保川", "river": "揖保川"}}, {"type": "Feature", "geometry": {"type": "Point", "coordinates": [134.5530556, 34.9969444]}, "properties": {"name": "山崎第二（やまさきだい）", "river_system": "揖保川", "river": "揖保川"}}, {"type": "Feature", "geometry": {"type": "Point", "coordinates": [134.5486111, 34.8661111]}, "properties": {"name": "龍野（たつの）", "river_system": "揖保川", "river": "揖保川"}}, {"type": "Feature", "geometry": {"type": "Point", "coordinates": [134.5605556, 34.8044444]}, "properties": {"name": "上川原（かみがわら）", "river_system": "揖保川", "river": "揖保川"}}, {"type": "Feature", "geometry": {"type": "Point", "coordinates": [134.5836111, 34.7797222]}, "properties": {"name": "網干（あぼし）", "river_system": "揖保川", "river": "揖保川"}}, {"type": "Feature", "geometry": {"type": "Point", "coordinates": [134.5402778, 34.9211111]}, "properties": {"name": "東栗栖（ひがしくりす）", "river_system": "揖保川", "river": "栗栖川"}}, {"type": "Feature", "geometry": {"type": "Point", "coordinates": [134.5825, 34.9722222]}, "properties": {"name": "塩野（しおの）", "river_system": "揖保川", "river": "林田川"}}, {"type": "Feature", "geometry": {"type": "Point", "coordinates": [134.5647222, 34.8530556]}, "properties": {"name": "誉（ほまれ）", "river_system": "揖保川", "river": "林田川"}}, {"type": "Feature", "geometry": {"type": "Point", "coordinates": [134.5563889, 34.8144444]}, "properties": {"name": "構（かまえ）", "river_system": "揖保川", "river": "林田川"}}, {"type": "Feature", "geometry": {"type": "Point", "coordinates": [134.5730556, 34.7797222]}, "properties": {"name": "浜田（はまだ）", "river_system": "揖保川", "river": "中川"}}, {"type": "Feature", "geometry": {"type": "Point", "coordinates": [134.6202778, 35.2077778]}, "properties": {"name": "西公文（にしくもん）", "river_system": "揖保川", "river": "公文川"}}, {"type": "Feature", "geometry": {"type": "Point", "coordinates": [134.6211111, 35.1716667]}, "properties": {"name": "福野（ふくの）", "river_system": "揖保川", "river": "草木川"}}, {"type": "Feature", "geometry": {"type": "Point", "coordinates": [136.2980556, 36.0994444]}, "properties": {"name": "五松橋（ごしょうばし）", "river_system": "九頭竜川", "river": "九頭竜川"}}, {"type": "Feature", "geometry": {"type": "Point", "coordinates": [136.2083333, 36.1025]}, "properties": {"name": "中角（なかつの）", "river_system": "九頭竜川", "river": "九頭竜川"}}, {"type": "Feature", "geometry": {"type": "Point", "coordinates": [136.1852778, 36.1108333]}, "properties": {"name": "高屋（たかや）", "river_system": "九頭竜川", "river": "九頭竜川"}}, {"type": "Feature", "geometry": {"type": "Point", "coordinates": [136.1633333, 36.1463889]}, "properties": {"name": "布施田（ふせだ）", "river_system": "九頭竜川", "river": "九頭竜川"}}, {"type": "Feature", "geometry": {"type": "Point", "coordinates": [136.1461111, 36.205]}, "properties": {"name": "三国（みくに）", "river_system": "九頭竜川", "river": "九頭竜川"}}, {"type": "Feature", "geometry": {"type": "Point", "coordinates": [136.1641667, 36.0080556]}, "properties": {"name": "三尾野（みおの）", "river_system": "九頭竜川", "river": "日野川"}}, {"type": "Feature", "geometry": {"type": "Point", "coordinates": [136.1702778, 36.0502778]}, "properties": {"name": "久喜津（くきづ）", "river_system": "九頭竜川", "river": "日野川"}}, {"type": "Feature", "geometry": {"type": "Point", "coordinates": [136.185, 36.0855556]}, "properties": {"name": "深谷（ふかたに）", "river_system": "九頭竜川", "river": "日野川"}}, {"type": "Feature", "geometry": {"type": "Point", "coordinates": [136.2888889, 36.0205556]}, "properties": {"name": "天神橋（てんじんばし）", "river_system": "九頭竜川", "river": "足羽川"}}, {"type": "Feature", "geometry": {"type": "Point", "coordinates": [136.3066667, 36.0116667]}, "properties": {"name": "下新橋（しもしんばし）", "river_system": "九頭竜川", "river": "足羽川"}}, {"type": "Feature", "geometry": {"type": "Point", "coordinates": [136.3725, 35.9947222]}, "properties": {"name": "上宇坂（かみうさか）", "river_system": "九頭竜川", "river": "足羽川"}}, {"type": "Feature", "geometry": {"type": "Point", "coordinates": [136.3730556, 35.9405556]}, "properties": {"name": "小畑（おばたけ）", "river_system": "九頭竜川", "river": "足羽川"}}, {"type": "Feature", "geometry": {"type": "Point", "coordinates": [136.7511111, 35.8733333]}, "properties": {"name": "箱ヶ瀬（はこがせ）", "river_system": "九頭竜川", "river": "九頭竜川"}}, {"type": "Feature", "geometry": {"type": "Point", "coordinates": [136.6666667, 35.905]}, "properties": {"name": "朝日（あさひ）", "river_system": "九頭竜川", "river": "九頭竜川"}}, {"type": "Feature", "geometry": {"type": "Point", "coordinates": [136.7275, 35.9477778]}, "properties": {"name": "石徹白（いとしろ）", "river_system": "九頭竜川", "river": "石徹白川"}}, {"type": "Feature", "geometry": {"type": "Point", "coordinates": [136.6713889, 35.9202778]}, "properties": {"name": "山原（やんばら）", "river_system": "九頭竜川", "river": "石徹白川"}}, {"type": "Feature", "geometry": {"type": "Point", "coordinates": [136.6308333, 35.9722222]}, "properties": {"name": "下打波（廃止）（しもうちなみ）", "river_system": "九頭竜川", "river": "打波川"}}, {"type": "Feature", "geometry": {"type": "Point", "coordinates": [136.5075, 35.8780556]}, "properties": {"name": "中島（なかじま）", "river_system": "九頭竜川", "river": "真名川"}}, {"type": "Feature", "geometry": {"type": "Point", "coordinates": [136.5261111, 35.8963889]}, "properties": {"name": "上若生子（かみわかご）", "river_system": "九頭竜川", "river": "真名川"}}, {"type": "Feature", "geometry": {"type": "Point", "coordinates": [136.5530556, 35.9372222]}, "properties": {"name": "五条方下流（ごじょうほうかりゅう）", "river_system": "九頭竜川", "river": "真名川"}}, {"type": "Feature", "geometry": {"type": "Point", "coordinates": [136.5175, 35.9905556]}, "properties": {"name": "麻生島（あそうじま）", "river_system": "九頭竜川", "river": "真名川"}}, {"type": "Feature", "geometry": {"type": "Point", "coordinates": [135.8972222, 35.4486111]}, "properties": {"name": "新道（しんどう）", "river_system": "北川", "river": "北川"}}, {"type": "Feature", "geometry": {"type": "Point", "coordinates": [135.8433333, 35.4691667]}, "properties": {"name": "天徳寺（てんとくじ）", "river_system": "北川", "river": "北川"}}, {"type": "Feature", "geometry": {"type": "Point", "coordinates": [135.78, 35.4933333]}, "properties": {"name": "高塚（たかつか）", "river_system": "北川", "river": "北川"}}, {"type": "Feature", "geometry": {"type": "Point", "coordinates": [135.7458333, 35.5069444]}, "properties": {"name": "西津（にしづ）", "river_system": "北川", "river": "北川"}}, {"type": "Feature", "geometry": {"type": "Point", "coordinates": [135.2666667, 35.3011111]}, "properties": {"name": "綾部（あやべ）", "river_system": "由良川", "river": "由良川"}}, {"type": "Feature", "geometry": {"type": "Point", "coordinates": [135.1713889, 35.3108333]}, "properties": {"name": "戸田（とだ）", "river_system": "由良川", "river": "由良川"}}, {"type": "Feature", "geometry": {"type": "Point", "coordinates": [135.1244444, 35.3044444]}, "properties": {"name": "福知山（ふくちやま）", "river_system": "由良川", "river": "由良川"}}, {"type": "Feature", "geometry": {"type": "Point", "coordinates": [135.1113889, 35.3433333]}, "properties": {"name": "天津上（あまつかみ）", "river_system": "由良川", "river": "由良川"}}, {"type": "Feature", "geometry": {"type": "Point", "coordinates": [135.1555556, 35.3836111]}, "properties": {"name": "波美（はび）", "river_system": "由良川", "river": "由良川"}}, {"type": "Feature", "geometry": {"type": "Point", "coordinates": [135.1825, 35.3888889]}, "properties": {"name": "大雲橋（おおくもばし）", "river_system": "由良川", "river": "由良川"}}, {"type": "Feature", "geometry": {"type": "Point", "coordinates": [135.2216667, 35.4277778]}, "properties": {"name": "地頭（じとう）", "river_system": "由良川", "river": "由良川"}}, {"type": "Feature", "geometry": {"type": "Point", "coordinates": [135.27, 35.4516667]}, "properties": {"name": "大川橋（おおかわばし）", "river_system": "由良川", "river": "由良川"}}, {"type": "Feature", "geometry": {"type": "Point", "coordinates": [135.2827778, 35.4836111]}, "properties": {"name": "西島（にしじま）", "river_system": "由良川", "river": "由良川"}}, {"type": "Feature", "geometry": {"type": "Point", "coordinates": [135.285, 35.5116667]}, "properties": {"name": "由良（ゆら）", "river_system": "由良川", "river": "由良川"}}, {"type": "Feature", "geometry": {"type": "Point", "coordinates": [135.1588889, 35.2725]}, "properties": {"name": "長田（おさだ）", "river_system": "由良川", "river": "土師川"}}, {"type": "Feature", "geometry": {"type": "Point", "coordinates": [135.6855556, 35.3233333]}, "properties": {"name": "田歌（とうた）", "river_system": "由良川", "river": "由良川"}}, {"type": "Feature", "geometry": {"type": "Point", "coordinates": [135.2358333, 35.2152778]}, "properties": {"name": "三和（廃止）（みわ）", "river_system": "由良川", "river": "土師川"}}, {"type": "Feature", "geometry": {"type": "Point", "coordinates": [134.86, 35.3372222]}, "properties": {"name": "京口（きょうぐち）", "river_system": "円山川", "river": "円山川"}}, {"type": "Feature", "geometry": {"type": "Point", "coordinates": [134.7894444, 35.4186111]}, "properties": {"name": "上小田（かみおだ）", "river_system": "円山川", "river": "円山川"}}, {"type": "Feature", "geometry": {"type": "Point", "coordinates": [134.7741667, 35.4516667]}, "properties": {"name": "赤崎（あかさき）", "river_system": "円山川", "river": "円山川"}}, {"type": "Feature", "geometry": {"type": "Point", "coordinates": [134.7991667, 35.4825]}, "properties": {"name": "府市場（ふいちば）", "river_system": "円山川", "river": "円山川"}}, {"type": "Feature", "geometry": {"type": "Point", "coordinates": [134.8280556, 35.5436111]}, "properties": {"name": "立野（たちの）", "river_system": "円山川", "river": "円山川"}}, {"type": "Feature", "geometry": {"type": "Point", "coordinates": [134.8, 35.5883333]}, "properties": {"name": "玄武洞（廃止）（げんぶどう（はいし））", "river_system": "円山川", "river": "円山川"}}, {"type": "Feature", "geometry": {"type": "Point", "coordinates": [134.8041667, 35.6075]}, "properties": {"name": "結和橋（廃止）（ゆうわばし（はいし））", "river_system": "円山川", "river": "円山川"}}, {"type": "Feature", "geometry": {"type": "Point", "coordinates": [134.8155556, 35.6266667]}, "properties": {"name": "城崎（きのさき）", "river_system": "円山川", "river": "円山川"}}, {"type": "Feature", "geometry": {"type": "Point", "coordinates": [134.6097222, 35.32]}, "properties": {"name": "中間（廃止）（なかま（はいし））", "river_system": "円山川", "river": "大屋川"}}, {"type": "Feature", "geometry": {"type": "Point", "coordinates": [134.765, 35.3713889]}, "properties": {"name": "十二所（じゅうにしょ）", "river_system": "円山川", "river": "大屋川"}}, {"type": "Feature", "geometry": {"type": "Point", "coordinates": [134.8680556, 35.4636111]}, "properties": {"name": "弘原（ひろはら）", "river_system": "円山川", "river": "出石川"}}, {"type": "Feature", "geometry": {"type": "Point", "coordinates": [134.7863889, 35.5477778]}, "properties": {"name": "宮井（みやい）", "river_system": "円山川", "river": "奈佐川（上流）"}}, {"type": "Feature", "geometry": {"type": "Point", "coordinates": [134.2238889, 35.2744444]}, "properties": {"name": "智頭（ちず）", "river_system": "千代川", "river": "千代川"}}, {"type": "Feature", "geometry": {"type": "Point", "coordinates": [134.2016667, 35.3419444]}, "properties": {"name": "用瀬（もちがせ）", "river_system": "千代川", "river": "千代川"}}, {"type": "Feature", "geometry": {"type": "Point", "coordinates": [134.2026944, 35.415]}, "properties": {"name": "袋河原（ふくろがわら）", "river_system": "千代川", "river": "千代川"}}, {"type": "Feature", "geometry": {"type": "Point", "coordinates": [134.2141667, 35.5002778]}, "properties": {"name": "行徳（ぎょうとく）", "river_system": "千代川", "river": "千代川"}}, {"type": "Feature", "geometry": {"type": "Point", "coordinates": [134.1975, 35.5336111]}, "properties": {"name": "賀露（かろ）", "river_system": "千代川", "river": "千代川"}}, {"type": "Feature", "geometry": {"type": "Point", "coordinates": [134.3975, 35.3488889]}, "properties": {"name": "若桜（わかさ）", "river_system": "千代川", "river": "八東川"}}, {"type": "Feature", "geometry": {"type": "Point", "coordinates": [134.2141667, 35.4033333]}, "properties": {"name": "片山（かたやま）", "river_system": "千代川", "river": "八東川"}}, {"type": "Feature", "geometry": {"type": "Point", "coordinates": [134.2971944, 35.4581667]}, "properties": {"name": "谷（たに）", "river_system": "千代川", "river": "袋川"}}, {"type": "Feature", "geometry": {"type": "Point", "coordinates": [134.2683333, 35.4788889]}, "properties": {"name": "宮ノ下（みやのした）", "river_system": "千代川", "river": "新袋川"}}, {"type": "Feature", "geometry": {"type": "Point", "coordinates": [134.2285278, 35.5140833]}, "properties": {"name": "湯所下流（ゆどころかりゅう）", "river_system": "千代川", "river": "袋川"}}, {"type": "Feature", "geometry": {"type": "Point", "coordinates": [134.1944444, 35.5369444]}, "properties": {"name": "賀露港（かろこう）", "river_system": "千代川", "river": "港湾内"}}, {"type": "Feature", "geometry": {"type": "Point", "coordinates": [134.3376667, 35.4460833]}, "properties": {"name": "殿（との）", "river_system": "千代川", "river": "新袋川"}}, {"type": "Feature", "geometry": {"type": "Point", "coordinates": [133.8383333, 35.3319444]}, "properties": {"name": "穴鴨（あながも）", "river_system": "天神川", "river": "天神川"}}, {"type": "Feature", "geometry": {"type": "Point", "coordinates": [133.8458333, 35.4416667]}, "properties": {"name": "竹田橋（たけだばし）", "river_system": "天神川", "river": "天神川"}}, {"type": "Feature", "geometry": {"type": "Point", "coordinates": [133.84, 35.4602778]}, "properties": {"name": "小田（こだ）", "river_system": "天神川", "river": "天神川"}}, {"type": "Feature", "geometry": {"type": "Point", "coordinates": [133.8588889, 35.5033333]}, "properties": {"name": "長瀬（ながせ）", "river_system": "天神川", "river": "天神川"}}, {"type": "Feature", "geometry": {"type": "Point", "coordinates": [133.8972222, 35.4091667]}, "properties": {"name": "三朝（みささ）", "river_system": "天神川", "river": "三徳川"}}, {"type": "Feature", "geometry": {"type": "Point", "coordinates": [133.6377778, 35.3797222]}, "properties": {"name": "西鴨１号（にしがも）", "river_system": "天神川", "river": "小鴨川"}}, {"type": "Feature", "geometry": {"type": "Point", "coordinates": [133.6547222, 35.3791667]}, "properties": {"name": "野添１号（のぞえ）", "river_system": "天神川", "river": "小鴨川"}}, {"type": "Feature", "geometry": {"type": "Point", "coordinates": [133.6863889, 35.3644444]}, "properties": {"name": "小鴨４号（おがも）", "river_system": "天神川", "river": "小鴨川"}}, {"type": "Feature", "geometry": {"type": "Point", "coordinates": [133.7758333, 35.3805556]}, "properties": {"name": "若土（わかつち）", "river_system": "天神川", "river": "小鴨川"}}, {"type": "Feature", "geometry": {"type": "Point", "coordinates": [133.81, 35.4311111]}, "properties": {"name": "河原町（かわらまち）", "river_system": "天神川", "river": "小鴨川"}}, {"type": "Feature", "geometry": {"type": "Point", "coordinates": [133.745, 35.4283333]}, "properties": {"name": "高城（たかしろ）", "river_system": "天神川", "river": "国府川"}}, {"type": "Feature", "geometry": {"type": "Point", "coordinates": [133.7911111, 35.4233333]}, "properties": {"name": "福光（ふくみつ）", "river_system": "天神川", "river": "国府川"}}, {"type": "Feature", "geometry": {"type": "Point", "coordinates": [133.3313889, 35.1908333]}, "properties": {"name": "福長（ふくなが）", "river_system": "日野川", "river": "日野川"}}, {"type": "Feature", "geometry": {"type": "Point", "coordinates": [133.4452778, 35.2441667]}, "properties": {"name": "三谷（みたに）", "river_system": "日野川", "river": "日野川"}}, {"type": "Feature", "geometry": {"type": "Point", "coordinates": [133.4347222, 35.3436111]}, "properties": {"name": "溝口（みぞぐち）", "river_system": "日野川", "river": "日野川"}}, {"type": "Feature", "geometry": {"type": "Point", "coordinates": [133.4016667, 35.3872222]}, "properties": {"name": "大殿（おおとの）", "river_system": "日野川", "river": "日野川"}}, {"type": "Feature", "geometry": {"type": "Point", "coordinates": [133.3644444, 35.4311111]}, "properties": {"name": "車尾（くずも）", "river_system": "日野川", "river": "日野川"}}, {"type": "Feature", "geometry": {"type": "Point", "coordinates": [133.3725, 35.4558333]}, "properties": {"name": "皆生（かいけ）", "river_system": "日野川", "river": "日野川"}}, {"type": "Feature", "geometry": {"type": "Point", "coordinates": [133.2705556, 35.2386111]}, "properties": {"name": "大宮（おおみや）", "river_system": "日野川", "river": "印賀川"}}, {"type": "Feature", "geometry": {"type": "Point", "coordinates": [133.5711111, 35.3005556]}, "properties": {"name": "俣野川（またのがわ）", "river_system": "日野川", "river": "俣野川"}}, {"type": "Feature", "geometry": {"type": "Point", "coordinates": [133.4930556, 35.2916667]}, "properties": {"name": "小江尾川（こえびがわ）", "river_system": "日野川", "river": "小江尾川"}}, {"type": "Feature", "geometry": {"type": "Point", "coordinates": [133.4569444, 35.3208333]}, "properties": {"name": "白水川（しらみがわ）", "river_system": "日野川", "river": "白水川"}}, {"type": "Feature", "geometry": {"type": "Point", "coordinates": [133.435, 35.3555556]}, "properties": {"name": "大江川（おおえがわ）", "river_system": "日野川", "river": "大江川"}}, {"type": "Feature", "geometry": {"type": "Point", "coordinates": [133.3244444, 35.3383333]}, "properties": {"name": "法勝寺（ほっしょうじ）", "river_system": "日野川", "river": "法勝寺川"}}, {"type": "Feature", "geometry": {"type": "Point", "coordinates": [133.3627778, 35.4069444]}, "properties": {"name": "福市（ふくいち）", "river_system": "日野川", "river": "法勝寺川"}}, {"type": "Feature", "geometry": {"type": "Point", "coordinates": [132.8972222, 35.2477778]}, "properties": {"name": "日登（ひのぼり）", "river_system": "斐伊川", "river": "斐伊川"}}, {"type": "Feature", "geometry": {"type": "Point", "coordinates": [132.8958333, 35.2913889]}, "properties": {"name": "木次（きすき）", "river_system": "斐伊川", "river": "斐伊川"}}, {"type": "Feature", "geometry": {"type": "Point", "coordinates": [132.8822222, 35.3247222]}, "properties": {"name": "新伊萱（しんいがや）", "river_system": "斐伊川", "river": "斐伊川"}}, {"type": "Feature", "geometry": {"type": "Point", "coordinates": [132.8302778, 35.3397222]}, "properties": {"name": "上島（かみしま）", "river_system": "斐伊川", "river": "斐伊川"}}, {"type": "Feature", "geometry": {"type": "Point", "coordinates": [132.7830556, 35.3686111]}, "properties": {"name": "大津（おおつ）", "river_system": "斐伊川", "river": "斐伊川"}}, {"type": "Feature", "geometry": {"type": "Point", "coordinates": [132.7872222, 35.3705556]}, "properties": {"name": "大津(右岸)（おおつ(うがん)）", "river_system": "斐伊川", "river": "斐伊川"}}, {"type": "Feature", "geometry": {"type": "Point", "coordinates": [132.8344444, 35.4280556]}, "properties": {"name": "灘分（なだぶん）", "river_system": "斐伊川", "river": "斐伊川"}}, {"type": "Feature", "geometry": {"type": "Point", "coordinates": [132.8725, 35.4577778]}, "properties": {"name": "東（ひがし）", "river_system": "斐伊川", "river": "宍道湖"}}, {"type": "Feature", "geometry": {"type": "Point", "coordinates": [132.9455556, 35.4222222]}, "properties": {"name": "来待（きまち）", "river_system": "斐伊川", "river": "宍道湖"}}, {"type": "Feature", "geometry": {"type": "Point", "coordinates": [132.9494444, 35.4502778]}, "properties": {"name": "宍道湖湖心（しんじここしん）", "river_system": "斐伊川", "river": "宍道湖"}}, {"type": "Feature", "geometry": {"type": "Point", "coordinates": [133.0213889, 35.4733333]}, "properties": {"name": "浜佐陀（はまさだ）", "river_system": "斐伊川", "river": "宍道湖"}}, {"type": "Feature", "geometry": {"type": "Point", "coordinates": [133.0530556, 35.4613889]}, "properties": {"name": "白潟（しらかた）", "river_system": "斐伊川", "river": "宍道湖"}}, {"type": "Feature", "geometry": {"type": "Point", "coordinates": [133.0533333, 35.4655556]}, "properties": {"name": "松江（まつえ）", "river_system": "斐伊川", "river": "宍道湖"}}, {"type": "Feature", "geometry": {"type": "Point", "coordinates": [133.0594444, 35.4672222]}, "properties": {"name": "松江流量（まつえりゅうりょう）", "river_system": "斐伊川", "river": "大橋川"}}, {"type": "Feature", "geometry": {"type": "Point", "coordinates": [133.1019444, 35.4525]}, "properties": {"name": "矢田（やた）", "river_system": "斐伊川", "river": "大橋川"}}, {"type": "Feature", "geometry": {"type": "Point", "coordinates": [133.1241667, 35.4505556]}, "properties": {"name": "八幡（やはた）", "river_system": "斐伊川", "river": "大橋川"}}, {"type": "Feature", "geometry": {"type": "Point", "coordinates": [133.1913889, 35.4663889]}, "properties": {"name": "中海湖心（なかうみこしん）", "river_system": "斐伊川", "river": "中海"}}, {"type": "Feature", "geometry": {"type": "Point", "coordinates": [133.3002778, 35.4319444]}, "properties": {"name": "米子湾（よなごわん）", "river_system": "斐伊川", "river": "中海"}}, {"type": "Feature", "geometry": {"type": "Point", "coordinates": [133.2008333, 35.5105556]}, "properties": {"name": "江島（えじま）", "river_system": "斐伊川", "river": "中海"}}, {"type": "Feature", "geometry": {"type": "Point", "coordinates": [133.3108333, 35.5605556]}, "properties": {"name": "美保関（みほのせき）", "river_system": "中国その他4", "river": "斐伊川"}}, {"type": "Feature", "geometry": {"type": "Point", "coordinates": [132.8802778, 35.2938889]}, "properties": {"name": "新三刀屋（しんみとや）", "river_system": "斐伊川", "river": "三刀屋川"}}, {"type": "Feature", "geometry": {"type": "Point", "coordinates": [132.9116667, 35.3408333]}, "properties": {"name": "町上（まちがみ）", "river_system": "斐伊川", "river": "赤川"}}, {"type": "Feature", "geometry": {"type": "Point", "coordinates": [132.9730556, 35.5277778]}, "properties": {"name": "恵曇（えとも）", "river_system": "斐伊川", "river": "佐陀川"}}, {"type": "Feature", "geometry": {"type": "Point", "coordinates": [132.7644444, 35.3383333]}, "properties": {"name": "馬木（まき）", "river_system": "斐伊川", "river": "神戸川"}}, {"type": "Feature", "geometry": {"type": "Point", "coordinates": [132.74, 35.35]}, "properties": {"name": "古志橋（こしばし）", "river_system": "斐伊川", "river": "神戸川"}}, {"type": "Feature", "geometry": {"type": "Point", "coordinates": [132.6855556, 35.3472222]}, "properties": {"name": "妙見橋（みょうけんばし）", "river_system": "斐伊川", "river": "神戸川"}}, {"type": "Feature", "geometry": {"type": "Point", "coordinates": [132.6416667, 34.9491667]}, "properties": {"name": "都賀（つが）", "river_system": "江の川", "river": "江の川"}}, {"type": "Feature", "geometry": {"type": "Point", "coordinates": [132.6005556, 35.0691667]}, "properties": {"name": "浜原（はまはら）", "river_system": "江の川", "river": "江の川"}}, {"type": "Feature", "geometry": {"type": "Point", "coordinates": [132.5027778, 34.9955556]}, "properties": {"name": "川本（かわもと）", "river_system": "江の川", "river": "江の川"}}, {"type": "Feature", "geometry": {"type": "Point", "coordinates": [132.3822222, 34.9569444]}, "properties": {"name": "大貫（おおぬき）", "river_system": "江の川", "river": "江の川"}}, {"type": "Feature", "geometry": {"type": "Point", "coordinates": [132.3244444, 34.9680556]}, "properties": {"name": "谷住郷（たにじゅうごう）", "river_system": "江の川", "river": "江の川"}}, {"type": "Feature", "geometry": {"type": "Point", "coordinates": [132.3002778, 34.9811111]}, "properties": {"name": "長良（ながら）", "river_system": "江の川", "river": "江の川"}}, {"type": "Feature", "geometry": {"type": "Point", "coordinates": [132.2841667, 34.9983333]}, "properties": {"name": "川平（かわひら）", "river_system": "江の川", "river": "江の川"}}, {"type": "Feature", "geometry": {"type": "Point", "coordinates": [132.2272222, 35.0147222]}, "properties": {"name": "江津（ごうつ）", "river_system": "江の川", "river": "江の川"}}, {"type": "Feature", "geometry": {"type": "Point", "coordinates": [132.6213889, 34.6405556]}, "properties": {"name": "下土師（廃止）（しもはじ）", "river_system": "江の川", "river": "江の川"}}, {"type": "Feature", "geometry": {"type": "Point", "coordinates": [132.7141667, 34.6647222]}, "properties": {"name": "吉田（よしだ）", "river_system": "江の川", "river": "江の川"}}, {"type": "Feature", "geometry": {"type": "Point", "coordinates": [132.7830556, 34.7275]}, "properties": {"name": "上川立（かみかわだち）", "river_system": "江の川", "river": "江の川"}}, {"type": "Feature", "geometry": {"type": "Point", "coordinates": [132.8313889, 34.7905556]}, "properties": {"name": "粟屋（あわや）", "river_system": "江の川", "river": "江の川"}}, {"type": "Feature", "geometry": {"type": "Point", "coordinates": [132.8416667, 34.8111111]}, "properties": {"name": "尾関山（おぜきやま）", "river_system": "江の川", "river": "江の川"}}, {"type": "Feature", "geometry": {"type": "Point", "coordinates": [132.6786111, 34.8880556]}, "properties": {"name": "大津（おおつ）", "river_system": "江の川", "river": "江の川"}}, {"type": "Feature", "geometry": {"type": "Point", "coordinates": [132.8825, 34.8030556]}, "properties": {"name": "南畑敷（みなみはたじき）", "river_system": "江の川", "river": "馬洗川"}}, {"type": "Feature", "geometry": {"type": "Point", "coordinates": [133.0119444, 34.8630556]}, "properties": {"name": "庄原（しょうばら）", "river_system": "江の川", "river": "西城川"}}, {"type": "Feature", "geometry": {"type": "Point", "coordinates": [132.8463889, 34.8183333]}, "properties": {"name": "三次（みよし）", "river_system": "江の川", "river": "西城川"}}, {"type": "Feature", "geometry": {"type": "Point", "coordinates": [132.805, 34.8297222]}, "properties": {"name": "神野瀬川（かんのせがわ）", "river_system": "江の川", "river": "神野瀬川"}}, {"type": "Feature", "geometry": {"type": "Point", "coordinates": [132.9494444, 34.7808333]}, "properties": {"name": "市場（いちば）", "river_system": "江の川", "river": "上下川"}}, {"type": "Feature", "geometry": {"type": "Point", "coordinates": [133.0361111, 34.7430556]}, "properties": {"name": "上安田(県使用)（かみやすだ(けんしよう)）", "river_system": "江の川", "river": "上下川"}}, {"type": "Feature", "geometry": {"type": "Point", "coordinates": [132.9858333, 34.7902778]}, "properties": {"name": "計納(県使用)（との(けんしよう)）", "river_system": "江の川", "river": "上下川"}}, {"type": "Feature", "geometry": {"type": "Point", "coordinates": [133.0472222, 34.7836111]}, "properties": {"name": "竹の花（たけのはな）", "river_system": "江の川", "river": "田総川"}}, {"type": "Feature", "geometry": {"type": "Point", "coordinates": [133.0461111, 34.7833333]}, "properties": {"name": "西城川（移管）（さいじょうかわ）", "river_system": "江の川", "river": "西城川"}}, {"type": "Feature", "geometry": {"type": "Point", "coordinates": [132.9805556, 34.7861111]}, "properties": {"name": "市場（いちば）", "river_system": "江の川", "river": "上下川"}}, {"type": "Feature", "geometry": {"type": "Point", "coordinates": [132.5697222, 34.6775]}, "properties": {"name": "川井（かわい）", "river_system": "江の川", "river": "江の川"}}, {"type": "Feature", "geometry": {"type": "Point", "coordinates": [132.6213889, 34.6405556]}, "properties": {"name": "下土師（しもはじ）", "river_system": "江の川", "river": "江の川"}}, {"type": "Feature", "geometry": {"type": "Point", "coordinates": [131.8569444, 34.5330556]}, "properties": {"name": "円の谷（えんのたに）", "river_system": "高津川", "river": "高津川"}}, {"type": "Feature", "geometry": {"type": "Point", "coordinates": [131.8344444, 34.5461111]}, "properties": {"name": "日原（にちはら）", "river_system": "高津川", "river": "高津川"}}, {"type": "Feature", "geometry": {"type": "Point", "coordinates": [131.7980556, 34.6072222]}, "properties": {"name": "神田（かんだ）", "river_system": "高津川", "river": "高津川"}}, {"type": "Feature", "geometry": {"type": "Point", "coordinates": [131.8229167, 34.6770833]}, "properties": {"name": "高角（たかつの）", "river_system": "高津川", "river": "高津川"}}, {"type": "Feature", "geometry": {"type": "Point", "coordinates": [131.8208333, 34.6130556]}, "properties": {"name": "隅村（すみむら）", "river_system": "高津川", "river": "匹見川"}}, {"type": "Feature", "geometry": {"type": "Point", "coordinates": [131.8069444, 34.6230556]}, "properties": {"name": "横田（よこた）", "river_system": "高津川", "river": "匹見川"}}, {"type": "Feature", "geometry": {"type": "Point", "coordinates": [131.8008333, 34.665]}, "properties": {"name": "内田（うちだ）", "river_system": "高津川", "river": "白上川"}}, {"type": "Feature", "geometry": {"type": "Point", "coordinates": [131.6616667, 34.2336111]}, "properties": {"name": "八坂（やさか）", "river_system": "佐波川", "river": "佐波川"}}, {"type": "Feature", "geometry": {"type": "Point", "coordinates": [131.6541667, 34.1894444]}, "properties": {"name": "堀（ほり）", "river_system": "佐波川", "river": "佐波川"}}, {"type": "Feature", "geometry": {"type": "Point", "coordinates": [131.6438889, 34.1802778]}, "properties": {"name": "漆尾（うるしお）", "river_system": "佐波川", "river": "佐波川"}}, {"type": "Feature", "geometry": {"type": "Point", "coordinates": [131.5952778, 34.1038889]}, "properties": {"name": "真尾（まなお）", "river_system": "佐波川", "river": "佐波川"}}, {"type": "Feature", "geometry": {"type": "Point", "coordinates": [131.5583333, 34.0636111]}, "properties": {"name": "新橋（しんばし）", "river_system": "佐波川", "river": "佐波川"}}, {"type": "Feature", "geometry": {"type": "Point", "coordinates": [131.4997222, 34.0355556]}, "properties": {"name": "西之浦（にしのうら）", "river_system": "佐波川", "river": "佐波川"}}, {"type": "Feature", "geometry": {"type": "Point", "coordinates": [131.6772222, 34.2322222]}, "properties": {"name": "三谷（みたに）", "river_system": "佐波川", "river": "三谷川2"}}, {"type": "Feature", "geometry": {"type": "Point", "coordinates": [131.7758056, 34.199]}, "properties": {"name": "仁保津（にほつ）", "river_system": "佐波川", "river": "島地川"}}, {"type": "Feature", "geometry": {"type": "Point", "coordinates": [131.7358333, 34.1480556]}, "properties": {"name": "和田(基準水位県設定)（わだ）", "river_system": "佐波川", "river": "島地川"}}, {"type": "Feature", "geometry": {"type": "Point", "coordinates": [131.6566667, 34.1875]}, "properties": {"name": "島地（しまじ）", "river_system": "佐波川", "river": "島地川"}}, {"type": "Feature", "geometry": {"type": "Point", "coordinates": [132.1772222, 34.2283333]}, "properties": {"name": "小川津（おがわづ）", "river_system": "小瀬川", "river": "小瀬川"}}, {"type": "Feature", "geometry": {"type": "Point", "coordinates": [132.1955556, 34.2108333]}, "properties": {"name": "両国橋（りょうごくばし）", "river_system": "小瀬川", "river": "小瀬川"}}, {"type": "Feature", "geometry": {"type": "Point", "coordinates": [132.2422222, 34.2077778]}, "properties": {"name": "和木（わき）", "river_system": "小瀬川", "river": "小瀬川"}}, {"type": "Feature", "geometry": {"type": "Point", "coordinates": [132.1344444, 34.275]}, "properties": {"name": "下ヶ原（しもがはら）", "river_system": "小瀬川", "river": "小瀬川"}}, {"type": "Feature", "geometry": {"type": "Point", "coordinates": [132.1713889, 34.2336111]}, "properties": {"name": "八丁（廃止）（はっちょう）", "river_system": "小瀬川", "river": "小瀬川"}}, {"type": "Feature", "geometry": {"type": "Point", "coordinates": [132.1983333, 34.2286111]}, "properties": {"name": "防鹿（ぼうろく）", "river_system": "小瀬川", "river": "小瀬川"}}, {"type": "Feature", "geometry": {"type": "Point", "coordinates": [132.1252778, 34.2233333]}, "properties": {"name": "日宛（ひなた）", "river_system": "小瀬川", "river": "長谷川"}}, {"type": "Feature", "geometry": {"type": "Point", "coordinates": [132.21, 34.58]}, "properties": {"name": "吉和郷（よしわごう）", "river_system": "太田川", "river": "太田川"}}, {"type": "Feature", "geometry": {"type": "Point", "coordinates": [132.2322222, 34.5730556]}, "properties": {"name": "土居（どい）", "river_system": "太田川", "river": "太田川"}}, {"type": "Feature", "geometry": {"type": "Point", "coordinates": [132.3197222, 34.6086111]}, "properties": {"name": "加計（かけ）", "river_system": "太田川", "river": "太田川"}}, {"type": "Feature", "geometry": {"type": "Point", "coordinates": [132.4338889, 34.5358333]}, "properties": {"name": "飯室（いむろ）", "river_system": "太田川", "river": "太田川"}}, {"type": "Feature", "geometry": {"type": "Point", "coordinates": [132.5061111, 34.5119444]}, "properties": {"name": "中野（なかの）", "river_system": "太田川", "river": "太田川"}}, {"type": "Feature", "geometry": {"type": "Point", "coordinates": [132.5102778, 34.4844444]}, "properties": {"name": "玖村（くむら）", "river_system": "太田川", "river": "太田川"}}, {"type": "Feature", "geometry": {"type": "Point", "coordinates": [132.4969444, 34.4708333]}, "properties": {"name": "矢口第二（やぐちだいに）", "river_system": "太田川", "river": "太田川"}}, {"type": "Feature", "geometry": {"type": "Point", "coordinates": [132.4938889, 34.4613889]}, "properties": {"name": "矢口第一（やぐちだいいち）", "river_system": "太田川", "river": "太田川"}}, {"type": "Feature", "geometry": {"type": "Point", "coordinates": [132.4616667, 34.4261111]}, "properties": {"name": "長和久（ながわく）", "river_system": "太田川", "river": "太田川"}}, {"type": "Feature", "geometry": {"type": "Point", "coordinates": [132.4586111, 34.4238889]}, "properties": {"name": "祇園大橋（ぎおんおおはし）", "river_system": "太田川", "river": "太田川"}}, {"type": "Feature", "geometry": {"type": "Point", "coordinates": [132.4044444, 34.3630556]}, "properties": {"name": "草津（くさつ）", "river_system": "太田川", "river": "太田川放水路"}}, {"type": "Feature", "geometry": {"type": "Point", "coordinates": [132.3155556, 34.5244444]}, "properties": {"name": "湯来(県使用)（ゆき(けんしよう)）", "river_system": "太田川", "river": "水内川"}}, {"type": "Feature", "geometry": {"type": "Point", "coordinates": [132.3711111, 34.5719444]}, "properties": {"name": "西宗（にしむね）", "river_system": "太田川", "river": "西宗川"}}, {"type": "Feature", "geometry": {"type": "Point", "coordinates": [132.6605556, 34.5522222]}, "properties": {"name": "白木(県使用)（しらき(けんしよう)）", "river_system": "太田川", "river": "三篠川"}}, {"type": "Feature", "geometry": {"type": "Point", "coordinates": [132.5344444, 34.4836111]}, "properties": {"name": "中深川（なかふかわ）", "river_system": "太田川", "river": "三篠川"}}, {"type": "Feature", "geometry": {"type": "Point", "coordinates": [132.53, 34.4872222]}, "properties": {"name": "上庄（かみじょう）", "river_system": "太田川", "river": "三篠川"}}, {"type": "Feature", "geometry": {"type": "Point", "coordinates": [132.5136111, 34.5122222]}, "properties": {"name": "上原橋（うえはらばし）", "river_system": "太田川", "river": "根谷川"}}, {"type": "Feature", "geometry": {"type": "Point", "coordinates": [132.5161111, 34.5069444]}, "properties": {"name": "新川橋（しんかわばし）", "river_system": "太田川", "river": "根谷川"}}, {"type": "Feature", "geometry": {"type": "Point", "coordinates": [132.4727778, 34.4513889]}, "properties": {"name": "古川（ふるかわ）", "river_system": "太田川", "river": "古川"}}, {"type": "Feature", "geometry": {"type": "Point", "coordinates": [132.4763889, 34.4577778]}, "properties": {"name": "安大橋（やすおおはし）", "river_system": "太田川", "river": "安川"}}, {"type": "Feature", "geometry": {"type": "Point", "coordinates": [132.4652778, 34.4136111]}, "properties": {"name": "工兵橋（こうへいばし）", "river_system": "太田川", "river": "京橋川"}}, {"type": "Feature", "geometry": {"type": "Point", "coordinates": [132.4572222, 34.4069444]}, "properties": {"name": "三篠橋（天満川）（みささばし（てんまがわ））", "river_system": "太田川", "river": "旧太田川"}}, {"type": "Feature", "geometry": {"type": "Point", "coordinates": [132.4319444, 34.3622222]}, "properties": {"name": "江波（元安川）（えば（もとやすがわ））", "river_system": "太田川", "river": "旧太田川"}}, {"type": "Feature", "geometry": {"type": "Point", "coordinates": [132.3019444, 34.665]}, "properties": {"name": "黒滝（くろたき）", "river_system": "太田川", "river": "滝山川"}}, {"type": "Feature", "geometry": {"type": "Point", "coordinates": [132.3041667, 34.6252778]}, "properties": {"name": "後平（うしろびら）", "river_system": "太田川", "river": "滝山川"}}, {"type": "Feature", "geometry": {"type": "Point", "coordinates": [132.3183333, 34.6158333]}, "properties": {"name": "滝山（たきやま）", "river_system": "太田川", "river": "滝山川"}}, {"type": "Feature", "geometry": {"type": "Point", "coordinates": [133.1863889, 34.5991667]}, "properties": {"name": "矢野原（やのはら）", "river_system": "芦田川", "river": "芦田川"}}, {"type": "Feature", "geometry": {"type": "Point", "coordinates": [133.2358333, 34.5647222]}, "properties": {"name": "府中（ふちゅう）", "river_system": "芦田川", "river": "芦田川"}}, {"type": "Feature", "geometry": {"type": "Point", "coordinates": [133.2855556, 34.5438889]}, "properties": {"name": "上戸手（かみとで）", "river_system": "芦田川", "river": "芦田川"}}, {"type": "Feature", "geometry": {"type": "Point", "coordinates": [133.3533333, 34.5219444]}, "properties": {"name": "郷分（ごうぶん）", "river_system": "芦田川", "river": "芦田川"}}, {"type": "Feature", "geometry": {"type": "Point", "coordinates": [133.3397222, 34.4961111]}, "properties": {"name": "山手（やまて）", "river_system": "芦田川", "river": "芦田川"}}, {"type": "Feature", "geometry": {"type": "Point", "coordinates": [133.2772222, 34.5547222]}, "properties": {"name": "新市（しんいち）", "river_system": "芦田川", "river": "神谷川"}}, {"type": "Feature", "geometry": {"type": "Point", "coordinates": [133.4183333, 34.5738889]}, "properties": {"name": "神辺（かんなべ）", "river_system": "芦田川", "river": "高屋川"}}, {"type": "Feature", "geometry": {"type": "Point", "coordinates": [133.3808333, 34.5436111]}, "properties": {"name": "掛ノ橋（かけのはし）", "river_system": "芦田川", "river": "高屋川"}}, {"type": "Feature", "geometry": {"type": "Point", "coordinates": [133.3577778, 34.5202778]}, "properties": {"name": "御幸（みゆき）", "river_system": "芦田川", "river": "高屋川"}}, {"type": "Feature", "geometry": {"type": "Point", "coordinates": [133.3405556, 34.4838889]}, "properties": {"name": "西神島（にしかしま）", "river_system": "芦田川", "river": "瀬戸川"}}, {"type": "Feature", "geometry": {"type": "Point", "coordinates": [133.11, 34.6291667]}, "properties": {"name": "伊尾（いお）", "river_system": "芦田川", "river": "芦田川"}}, {"type": "Feature", "geometry": {"type": "Point", "coordinates": [133.1516667, 34.5911111]}, "properties": {"name": "永野山（ながのやま）", "river_system": "芦田川", "river": "芦田川"}}, {"type": "Feature", "geometry": {"type": "Point", "coordinates": [133.3319444, 34.5302778]}, "properties": {"name": "山守橋（やまもりばし）", "river_system": "芦田川", "river": "芦田川"}}, {"type": "Feature", "geometry": {"type": "Point", "coordinates": [133.1102778, 34.6352778]}, "properties": {"name": "矢多田川（やただがわ）", "river_system": "芦田川", "river": "矢多田川"}}, {"type": "Feature", "geometry": {"type": "Point", "coordinates": [133.1277778, 34.5683333]}, "properties": {"name": "宇津戸川（うづとがわ）", "river_system": "芦田川", "river": "宇津戸川"}}, {"type": "Feature", "geometry": {"type": "Point", "coordinates": [133.6161111, 34.8052778]}, "properties": {"name": "高梁（たかはし）", "river_system": "高梁川", "river": "高梁川"}}, {"type": "Feature", "geometry": {"type": "Point", "coordinates": [133.6811111, 34.715]}, "properties": {"name": "日羽（ひわ）", "river_system": "高梁川", "river": "高梁川"}}, {"type": "Feature", "geometry": {"type": "Point", "coordinates": [133.7258333, 34.6425]}, "properties": {"name": "川辺（かわべ）", "river_system": "高梁川", "river": "高梁川"}}, {"type": "Feature", "geometry": {"type": "Point", "coordinates": [133.745, 34.6083333]}, "properties": {"name": "酒津（さかづ）", "river_system": "高梁川", "river": "高梁川"}}, {"type": "Feature", "geometry": {"type": "Point", "coordinates": [133.7125, 34.5872222]}, "properties": {"name": "船穂（ふなお）", "river_system": "高梁川", "river": "高梁川"}}, {"type": "Feature", "geometry": {"type": "Point", "coordinates": [133.6966667, 34.5597222]}, "properties": {"name": "上成（うわなり）", "river_system": "高梁川", "river": "高梁川"}}, {"type": "Feature", "geometry": {"type": "Point", "coordinates": [133.25, 34.7819444]}, "properties": {"name": "入谷(廃止)（にゅうたに）", "river_system": "高梁川", "river": "帝釈川"}}, {"type": "Feature", "geometry": {"type": "Point", "coordinates": [133.3941667, 34.6519444]}, "properties": {"name": "猿鳴(廃止)（えんめい）", "river_system": "高梁川", "river": "小田川"}}, {"type": "Feature", "geometry": {"type": "Point", "coordinates": [133.4775, 34.5969444]}, "properties": {"name": "井原（いばら）", "river_system": "高梁川", "river": "小田川"}}, {"type": "Feature", "geometry": {"type": "Point", "coordinates": [133.5921194, 34.6232222]}, "properties": {"name": "矢掛（やかげ）", "river_system": "高梁川", "river": "小田川"}}, {"type": "Feature", "geometry": {"type": "Point", "coordinates": [133.6269444, 34.6152778]}, "properties": {"name": "東三成（ひがしみなり）", "river_system": "高梁川", "river": "小田川"}}, {"type": "Feature", "geometry": {"type": "Point", "coordinates": [133.7138889, 34.6297222]}, "properties": {"name": "矢形橋（やがたばし）", "river_system": "高梁川", "river": "小田川"}}, {"type": "Feature", "geometry": {"type": "Point", "coordinates": [133.7258333, 34.6097222]}, "properties": {"name": "柳井原湖（やないばらこ）", "river_system": "高梁川", "river": "柳井原湖"}}, {"type": "Feature", "geometry": {"type": "Point", "coordinates": [133.9608333, 34.7419444]}, "properties": {"name": "牧山（まきやま）", "river_system": "旭川", "river": "旭川"}}, {"type": "Feature", "geometry": {"type": "Point", "coordinates": [133.9602778, 34.7319444]}, "properties": {"name": "下牧（しもまき）", "river_system": "旭川", "river": "旭川"}}, {"type": "Feature", "geometry": {"type": "Point", "coordinates": [133.9452778, 34.6933333]}, "properties": {"name": "中原（なかはら）", "river_system": "旭川", "river": "中原川"}}, {"type": "Feature", "geometry": {"type": "Point", "coordinates": [133.9377778, 34.6888889]}, "properties": {"name": "三野（みの）", "river_system": "旭川", "river": "旭川"}}, {"type": "Feature", "geometry": {"type": "Point", "coordinates": [133.9338889, 34.6819444]}, "properties": {"name": "北方（きたかた）", "river_system": "旭川", "river": "旭川"}}, {"type": "Feature", "geometry": {"type": "Point", "coordinates": [133.9366667, 34.6619444]}, "properties": {"name": "相生橋（あいおいばし）", "river_system": "旭川", "river": "旭川"}}, {"type": "Feature", "geometry": {"type": "Point", "coordinates": [133.8411111, 34.8269444]}, "properties": {"name": "宇甘(廃止)（うかん）", "river_system": "旭川", "river": "宇甘川"}}, {"type": "Feature", "geometry": {"type": "Point", "coordinates": [133.9280556, 34.7994444]}, "properties": {"name": "金川（かながわ）", "river_system": "旭川", "river": "宇甘川"}}, {"type": "Feature", "geometry": {"type": "Point", "coordinates": [133.9858333, 34.6144444]}, "properties": {"name": "沖田（おきた）", "river_system": "旭川", "river": "百間川"}}, {"type": "Feature", "geometry": {"type": "Point", "coordinates": [133.9869444, 34.6088889]}, "properties": {"name": "沖元（おきもと）", "river_system": "旭川", "river": "百間川"}}, {"type": "Feature", "geometry": {"type": "Point", "coordinates": [133.9519444, 34.6741667]}, "properties": {"name": "原尾島橋（はらおしまばし）", "river_system": "旭川", "river": "百間川"}}, {"type": "Feature", "geometry": {"type": "Point", "coordinates": [134.0338889, 34.735]}, "properties": {"name": "瀬戸（せと）", "river_system": "旭川", "river": "砂川"}}, {"type": "Feature", "geometry": {"type": "Point", "coordinates": [133.9952778, 35.0552778]}, "properties": {"name": "津山（つやま）", "river_system": "吉井川", "river": "吉井川"}}, {"type": "Feature", "geometry": {"type": "Point", "coordinates": [134.0616667, 34.9530556]}, "properties": {"name": "久木（ひさぎ）", "river_system": "吉井川", "river": "吉井川"}}, {"type": "Feature", "geometry": {"type": "Point", "coordinates": [134.0980556, 34.9211111]}, "properties": {"name": "周匝(基準水位県設定)（すさい）", "river_system": "吉井川", "river": "吉井川"}}, {"type": "Feature", "geometry": {"type": "Point", "coordinates": [134.1041667, 34.8752778]}, "properties": {"name": "津瀬（つせ）", "river_system": "吉井川", "river": "吉井川"}}, {"type": "Feature", "geometry": {"type": "Point", "coordinates": [134.1102778, 34.7927778]}, "properties": {"name": "河田原（かわたばら）", "river_system": "吉井川", "river": "吉井川"}}, {"type": "Feature", "geometry": {"type": "Point", "coordinates": [134.0872222, 34.7119444]}, "properties": {"name": "御休（みやす）", "river_system": "吉井川", "river": "吉井川"}}, {"type": "Feature", "geometry": {"type": "Point", "coordinates": [134.035, 34.6161111]}, "properties": {"name": "九蟠（くばん）", "river_system": "吉井川", "river": "吉井川"}}, {"type": "Feature", "geometry": {"type": "Point", "coordinates": [134.1583333, 34.8047222]}, "properties": {"name": "尺所（しゃくそ）", "river_system": "吉井川", "river": "金剛川"}}, {"type": "Feature", "geometry": {"type": "Point", "coordinates": [134.2608333, 35.0461111]}, "properties": {"name": "豊野（とよの）", "river_system": "吉井川", "river": "吉野川"}}, {"type": "Feature", "geometry": {"type": "Point", "coordinates": [134.2094444, 35.0880556]}, "properties": {"name": "梶並（廃止）（かじなみ）", "river_system": "吉井川", "river": "梶並川"}}, {"type": "Feature", "geometry": {"type": "Point", "coordinates": [134.0933333, 35.2030556]}, "properties": {"name": "物見（廃止）（ものみ）", "river_system": "吉井川", "river": "物見川"}}, {"type": "Feature", "geometry": {"type": "Point", "coordinates": [133.9034167, 35.1726472]}, "properties": {"name": "杉（すぎ）", "river_system": "吉井川", "river": "吉井川"}}, {"type": "Feature", "geometry": {"type": "Point", "coordinates": [133.9102778, 35.0891667]}, "properties": {"name": "原（はら）", "river_system": "吉井川", "river": "吉井川"}}, {"type": "Feature", "geometry": {"type": "Point", "coordinates": [133.8975, 35.2119444]}, "properties": {"name": "羽出西谷（はでにしたに）", "river_system": "吉井川", "river": "羽出川"}}, {"type": "Feature", "geometry": {"type": "Point", "coordinates": [132.7253917, 33.8056833]}, "properties": {"name": "出合（であい）", "river_system": "重信川", "river": "重信川"}}, {"type": "Feature", "geometry": {"type": "Point", "coordinates": [132.9070583, 33.7937722]}, "properties": {"name": "表川（おもてがわ）", "river_system": "重信川", "river": "表川"}}, {"type": "Feature", "geometry": {"type": "Point", "coordinates": [132.9019139, 33.8260306]}, "properties": {"name": "山之内（やまのうち）", "river_system": "重信川", "river": "重信川"}}, {"type": "Feature", "geometry": {"type": "Point", "coordinates": [132.79115, 33.8419694]}, "properties": {"name": "湯渡（ゆわたり）", "river_system": "重信川", "river": "石手川"}}, {"type": "Feature", "geometry": {"type": "Point", "coordinates": [132.8145972, 33.8613361]}, "properties": {"name": "食場（じきば）", "river_system": "重信川", "river": "石手川"}}, {"type": "Feature", "geometry": {"type": "Point", "coordinates": [132.8527778, 33.8955556]}, "properties": {"name": "玉谷（たまたに）", "river_system": "重信川", "river": "石手川"}}, {"type": "Feature", "geometry": {"type": "Point", "coordinates": [132.7904, 33.7781722]}, "properties": {"name": "砥部川（とべがわ）", "river_system": "重信川", "river": "砥部川"}}, {"type": "Feature", "geometry": {"type": "Point", "coordinates": [132.7936111, 33.7802778]}, "properties": {"name": "久谷川（くたにがわ）", "river_system": "重信川", "river": "御坂川"}}, {"type": "Feature", "geometry": {"type": "Point", "coordinates": [132.8741667, 33.7836111]}, "properties": {"name": "上重信橋（かみしげのぶばし）", "river_system": "重信川", "river": "重信川"}}, {"type": "Feature", "geometry": {"type": "Point", "coordinates": [132.7386111, 33.8086111]}, "properties": {"name": "市坪（いちつぼ）", "river_system": "重信川", "river": "石手川"}}, {"type": "Feature", "geometry": {"type": "Point", "coordinates": [132.7530556, 33.8152778]}, "properties": {"name": "小野川（おのがわ）", "river_system": "重信川", "river": "小野川"}}, {"type": "Feature", "geometry": {"type": "Point", "coordinates": [132.8462694, 33.8962528]}, "properties": {"name": "玉谷橋（たまたにばし）", "river_system": "重信川", "river": "石手川"}}, {"type": "Feature", "geometry": {"type": "Point", "coordinates": [132.8319667, 33.8988083]}, "properties": {"name": "五明川（ごみょうがわ）", "river_system": "重信川", "river": "五明川"}}, {"type": "Feature", "geometry": {"type": "Point", "coordinates": [132.6463889, 33.4822222]}, "properties": {"name": "大川（おおかわ）", "river_system": "肱川", "river": "肱川"}}, {"type": "Feature", "geometry": {"type": "Point", "coordinates": [132.5594444, 33.5022222]}, "properties": {"name": "大洲（おおず）", "river_system": "肱川", "river": "肱川"}}, {"type": "Feature", "geometry": {"type": "Point", "coordinates": [132.545, 33.5080556]}, "properties": {"name": "大洲第二（おおずだいに）", "river_system": "肱川", "river": "肱川"}}, {"type": "Feature", "geometry": {"type": "Point", "coordinates": [132.5658333, 33.5461111]}, "properties": {"name": "五郎（ごろう）", "river_system": "肱川", "river": "肱川"}}, {"type": "Feature", "geometry": {"type": "Point", "coordinates": [132.4836111, 33.6086111]}, "properties": {"name": "長浜（ながはま）", "river_system": "肱川", "river": "肱川"}}, {"type": "Feature", "geometry": {"type": "Point", "coordinates": [132.655, 33.5508333]}, "properties": {"name": "内子（うちこ）", "river_system": "肱川", "river": "小田川"}}, {"type": "Feature", "geometry": {"type": "Point", "coordinates": [132.6658333, 33.4883333]}, "properties": {"name": "坊屋敷（ぼうやしき）", "river_system": "肱川", "river": "小田川"}}, {"type": "Feature", "geometry": {"type": "Point", "coordinates": [132.5994444, 33.5358333]}, "properties": {"name": "新谷（にいや）", "river_system": "肱川", "river": "矢落川"}}, {"type": "Feature", "geometry": {"type": "Point", "coordinates": [132.6869444, 33.4561111]}, "properties": {"name": "河辺（かわべ）", "river_system": "肱川", "river": "河辺川"}}, {"type": "Feature", "geometry": {"type": "Point", "coordinates": [132.7430556, 33.4913889]}, "properties": {"name": "河久保橋（かわくぼばし）", "river_system": "肱川", "river": "河辺川"}}, {"type": "Feature", "geometry": {"type": "Point", "coordinates": [132.6563889, 33.39]}, "properties": {"name": "畑ヶ谷（はたがだに）", "river_system": "肱川", "river": "肱川"}}, {"type": "Feature", "geometry": {"type": "Point", "coordinates": [132.7363889, 33.4019444]}, "properties": {"name": "辰ノ口（たつのくち）", "river_system": "肱川", "river": "黒瀬川"}}, {"type": "Feature", "geometry": {"type": "Point", "coordinates": [132.7227778, 33.4305556]}, "properties": {"name": "舟戸川（ふなとがわ）", "river_system": "肱川", "river": "船戸川"}}, {"type": "Feature", "geometry": {"type": "Point", "coordinates": [132.6869444, 33.4561111]}, "properties": {"name": "河辺（廃止）（かわべ（はいし））", "river_system": "肱川", "river": "河辺川"}}, {"type": "Feature", "geometry": {"type": "Point", "coordinates": [132.6461111, 33.3694444]}, "properties": {"name": "荒瀬（あらせ）", "river_system": "肱川", "river": "肱川"}}, {"type": "Feature", "geometry": {"type": "Point", "coordinates": [132.5783333, 33.3430556]}, "properties": {"name": "明間（あかんま）", "river_system": "肱川", "river": "肱川"}}, {"type": "Feature", "geometry": {"type": "Point", "coordinates": [132.6088889, 33.3761111]}, "properties": {"name": "四郎谷（しろうだに）", "river_system": "肱川", "river": "稲生川"}}, {"type": "Feature", "geometry": {"type": "Point", "coordinates": [132.975, 32.9441667]}, "properties": {"name": "間崎（マサキ）", "river_system": "渡川", "river": "四万十川"}}, {"type": "Feature", "geometry": {"type": "Point", "coordinates": [132.9711972, 32.9538861]}, "properties": {"name": "実崎（さんざき）", "river_system": "渡川", "river": "四万十川"}}, {"type": "Feature", "geometry": {"type": "Point", "coordinates": [132.9733333, 32.9647222]}, "properties": {"name": "竹島（タケシマ）", "river_system": "渡川", "river": "四万十川"}}, {"type": "Feature", "geometry": {"type": "Point", "coordinates": [132.9619444, 32.9755556]}, "properties": {"name": "井沢（イサワ）", "river_system": "渡川", "river": "四万十川"}}, {"type": "Feature", "geometry": {"type": "Point", "coordinates": [132.9530556, 32.9719444]}, "properties": {"name": "山路（ヤマチ）", "river_system": "渡川", "river": "四万十川"}}, {"type": "Feature", "geometry": {"type": "Point", "coordinates": [132.9316667, 32.9780556]}, "properties": {"name": "坂本（サカモト）", "river_system": "渡川", "river": "四万十川"}}, {"type": "Feature", "geometry": {"type": "Point", "coordinates": [132.9257, 32.9889917]}, "properties": {"name": "具同（無堤）（ぐどう(むてい））", "river_system": "渡川", "river": "四万十川"}}, {"type": "Feature", "geometry": {"type": "Point", "coordinates": [132.9035, 33.0064444]}, "properties": {"name": "具同第二（ぐどうだいに）", "river_system": "渡川", "river": "四万十川"}}, {"type": "Feature", "geometry": {"type": "Point", "coordinates": [132.7978889, 33.1455889]}, "properties": {"name": "津野川（つのかわ）", "river_system": "渡川", "river": "四万十川"}}, {"type": "Feature", "geometry": {"type": "Point", "coordinates": [132.9672167, 33.1942861]}, "properties": {"name": "大正（たいしょう）", "river_system": "渡川", "river": "四万十川"}}, {"type": "Feature", "geometry": {"type": "Point", "coordinates": [132.9913889, 33.1827778]}, "properties": {"name": "瀬里（セリ）", "river_system": "渡川", "river": "四万十川"}}, {"type": "Feature", "geometry": {"type": "Point", "coordinates": [133.1013889, 33.3022222]}, "properties": {"name": "栗ノ木（クリノキ）", "river_system": "渡川", "river": "四万十川"}}, {"type": "Feature", "geometry": {"type": "Point", "coordinates": [132.9316667, 32.9780556]}, "properties": {"name": "坂本（サカモト）", "river_system": "渡川", "river": "中筋川"}}, {"type": "Feature", "geometry": {"type": "Point", "coordinates": [132.8819444, 32.9772222]}, "properties": {"name": "国見（クニミ）", "river_system": "渡川", "river": "中筋川"}}, {"type": "Feature", "geometry": {"type": "Point", "coordinates": [132.8437611, 32.9617528]}, "properties": {"name": "磯ノ川（いそのかわ）", "river_system": "渡川", "river": "中筋川"}}, {"type": "Feature", "geometry": {"type": "Point", "coordinates": [132.8294444, 32.9588889]}, "properties": {"name": "有岡（アリオカ）", "river_system": "渡川", "river": "中筋川"}}, {"type": "Feature", "geometry": {"type": "Point", "coordinates": [132.9319444, 33.0]}, "properties": {"name": "大用寺田（ダイヨウジデン）", "river_system": "渡川", "river": "後川"}}, {"type": "Feature", "geometry": {"type": "Point", "coordinates": [132.931025, 33.027025]}, "properties": {"name": "秋田（あいだ）", "river_system": "渡川", "river": "後川"}}, {"type": "Feature", "geometry": {"type": "Point", "coordinates": [132.9388889, 33.0394444]}, "properties": {"name": "坂折（サカオレ）", "river_system": "渡川", "river": "後川"}}, {"type": "Feature", "geometry": {"type": "Point", "coordinates": [132.7277778, 33.2219444]}, "properties": {"name": "吉野（ヨシノ）", "river_system": "渡川", "river": "広見川"}}, {"type": "Feature", "geometry": {"type": "Point", "coordinates": [132.9736111, 33.2144444]}, "properties": {"name": "小石（コイシ）", "river_system": "渡川", "river": "梼原川"}}, {"type": "Feature", "geometry": {"type": "Point", "coordinates": [133.1286111, 33.2077778]}, "properties": {"name": "窪川（クボカワ）", "river_system": "渡川", "river": "四万十川"}}, {"type": "Feature", "geometry": {"type": "Point", "coordinates": [132.8966667, 33.0044444]}, "properties": {"name": "入田（ニュウタ）", "river_system": "渡川", "river": "四万十川"}}, {"type": "Feature", "geometry": {"type": "Point", "coordinates": [132.9797222, 32.9352778]}, "properties": {"name": "初崎（ハツザキ）", "river_system": "渡川", "river": "四万十川"}}, {"type": "Feature", "geometry": {"type": "Point", "coordinates": [132.9333333, 33.0288889]}, "properties": {"name": "麻生（アソウ）", "river_system": "渡川", "river": "後川"}}, {"type": "Feature", "geometry": {"type": "Point", "coordinates": [132.9116667, 33.0105556]}, "properties": {"name": "岩田（イワタ）", "river_system": "渡川", "river": "岩田川"}}, {"type": "Feature", "geometry": {"type": "Point", "coordinates": [132.9758333, 32.965]}, "properties": {"name": "竹島川（タケシマガワ）", "river_system": "渡川", "river": "竹島川"}}, {"type": "Feature", "geometry": {"type": "Point", "coordinates": [132.8091667, 32.9330556]}, "properties": {"name": "黒川（くろかわ）", "river_system": "渡川", "river": "中筋川"}}, {"type": "Feature", "geometry": {"type": "Point", "coordinates": [132.8052778, 32.9186111]}, "properties": {"name": "久礼広橋（くれひろばし）", "river_system": "渡川", "river": "中筋川"}}, {"type": "Feature", "geometry": {"type": "Point", "coordinates": [132.8286111, 33.0008333]}, "properties": {"name": "久才川橋（くさいがわばし）", "river_system": "渡川", "river": "横瀬川"}}, {"type": "Feature", "geometry": {"type": "Point", "coordinates": [132.8040222, 33.015975]}, "properties": {"name": "大物川橋（おおものがわばし）", "river_system": "渡川", "river": "横瀬川"}}, {"type": "Feature", "geometry": {"type": "Point", "coordinates": [132.8258333, 32.9216667]}, "properties": {"name": "清水川橋（しみずがわばし）", "river_system": "渡川", "river": "清水川"}}, {"type": "Feature", "geometry": {"type": "Point", "coordinates": [133.1727778, 33.5741667]}, "properties": {"name": "川口（かわぐち）", "river_system": "仁淀川", "river": "仁淀川"}}, {"type": "Feature", "geometry": {"type": "Point", "coordinates": [133.4138889, 33.5525]}, "properties": {"name": "伊野（いの）", "river_system": "仁淀川", "river": "仁淀川"}}, {"type": "Feature", "geometry": {"type": "Point", "coordinates": [133.4294444, 33.5205556]}, "properties": {"name": "八田（はた）", "river_system": "仁淀川", "river": "仁淀川"}}, {"type": "Feature", "geometry": {"type": "Point", "coordinates": [133.4297222, 33.5225]}, "properties": {"name": "新八田（しんはた）", "river_system": "仁淀川", "river": "仁淀川"}}, {"type": "Feature", "geometry": {"type": "Point", "coordinates": [133.4480556, 33.4938889]}, "properties": {"name": "中島（なかじま）", "river_system": "仁淀川", "river": "仁淀川"}}, {"type": "Feature", "geometry": {"type": "Point", "coordinates": [133.4811111, 33.4672222]}, "properties": {"name": "仁西（にさい）", "river_system": "仁淀川", "river": "仁淀川"}}, {"type": "Feature", "geometry": {"type": "Point", "coordinates": [133.1719444, 33.6083333]}, "properties": {"name": "池川（いけがわ）", "river_system": "仁淀川", "river": "土居川"}}, {"type": "Feature", "geometry": {"type": "Point", "coordinates": [133.2975, 33.6072222]}, "properties": {"name": "下八川（しもやかわ）", "river_system": "仁淀川", "river": "上八川川"}}, {"type": "Feature", "geometry": {"type": "Point", "coordinates": [133.4297222, 33.5416667]}, "properties": {"name": "砂ケ森（すながもり）", "river_system": "仁淀川", "river": "宇治川"}}, {"type": "Feature", "geometry": {"type": "Point", "coordinates": [133.4302778, 33.5402778]}, "properties": {"name": "新砂ケ森（しんすながもり）", "river_system": "仁淀川", "river": "宇治川"}}, {"type": "Feature", "geometry": {"type": "Point", "coordinates": [133.3547222, 33.5294444]}, "properties": {"name": "本郷（ほんごう）", "river_system": "仁淀川", "river": "日下川"}}, {"type": "Feature", "geometry": {"type": "Point", "coordinates": [133.4297222, 33.5438889]}, "properties": {"name": "駅南（えきみなみ）", "river_system": "仁淀川", "river": "早稲川"}}, {"type": "Feature", "geometry": {"type": "Point", "coordinates": [133.4488889, 33.4891667]}, "properties": {"name": "小野橋（おのばし）", "river_system": "仁淀川", "river": "波介川"}}, {"type": "Feature", "geometry": {"type": "Point", "coordinates": [132.9786111, 33.6233333]}, "properties": {"name": "仕出（しで）", "river_system": "仁淀川", "river": "仁淀川"}}, {"type": "Feature", "geometry": {"type": "Point", "coordinates": [133.1236111, 33.5394444]}, "properties": {"name": "森（もり）", "river_system": "仁淀川", "river": "仁淀川"}}, {"type": "Feature", "geometry": {"type": "Point", "coordinates": [133.25, 33.5344444]}, "properties": {"name": "越知（おち）", "river_system": "仁淀川", "river": "仁淀川"}}, {"type": "Feature", "geometry": {"type": "Point", "coordinates": [133.3258333, 33.5697222]}, "properties": {"name": "不動（ふどう）", "river_system": "仁淀川", "river": "仁淀川"}}, {"type": "Feature", "geometry": {"type": "Point", "coordinates": [133.3941667, 33.5480556]}, "properties": {"name": "加田（かた）", "river_system": "仁淀川", "river": "仁淀川"}}, {"type": "Feature", "geometry": {"type": "Point", "coordinates": [133.6933333, 33.5905556]}, "properties": {"name": "戸板島（といたじま）", "river_system": "物部川", "river": "物部川"}}, {"type": "Feature", "geometry": {"type": "Point", "coordinates": [133.6816667, 33.5688889]}, "properties": {"name": "深渕（無堤）（ふかぶち（むてい））", "river_system": "物部川", "river": "物部川"}}, {"type": "Feature", "geometry": {"type": "Point", "coordinates": [133.6894444, 33.5369444]}, "properties": {"name": "吉川（よしかわ）", "river_system": "物部川", "river": "物部川"}}, {"type": "Feature", "geometry": {"type": "Point", "coordinates": [134.6222222, 33.9405556]}, "properties": {"name": "古庄（ふるしょう）", "river_system": "那賀川", "river": "那賀川"}}, {"type": "Feature", "geometry": {"type": "Point", "coordinates": [134.4813889, 33.8533333]}, "properties": {"name": "和食（わじき）", "river_system": "那賀川", "river": "那賀川"}}, {"type": "Feature", "geometry": {"type": "Point", "coordinates": [134.7016667, 33.9269444]}, "properties": {"name": "豊益（とよます）", "river_system": "那賀川", "river": "派川那賀川"}}, {"type": "Feature", "geometry": {"type": "Point", "coordinates": [134.6194444, 33.9058333]}, "properties": {"name": "大原（おおばら）", "river_system": "那賀川", "river": "桑野川"}}, {"type": "Feature", "geometry": {"type": "Point", "coordinates": [134.6163889, 33.8963889]}, "properties": {"name": "明谷（あかたに）", "river_system": "那賀川", "river": "桑野川"}}, {"type": "Feature", "geometry": {"type": "Point", "coordinates": [134.5755556, 33.9288889]}, "properties": {"name": "久留米田（くるめだ）", "river_system": "那賀川", "river": "那賀川"}}, {"type": "Feature", "geometry": {"type": "Point", "coordinates": [134.5913889, 33.9416667]}, "properties": {"name": "古毛（こもう）", "river_system": "那賀川", "river": "那賀川"}}, {"type": "Feature", "geometry": {"type": "Point", "coordinates": [134.5005556, 33.86]}, "properties": {"name": "和食下流（わじきかりゅう）", "river_system": "那賀川", "river": "那賀川"}}, {"type": "Feature", "geometry": {"type": "Point", "coordinates": [134.5502778, 33.92]}, "properties": {"name": "加茂谷（かもだに）", "river_system": "那賀川", "river": "那賀川"}}, {"type": "Feature", "geometry": {"type": "Point", "coordinates": [134.2858333, 33.8533333]}, "properties": {"name": "名古ノ瀬（なごのせ）", "river_system": "那賀川", "river": "坂州木頭川"}}, {"type": "Feature", "geometry": {"type": "Point", "coordinates": [134.5806214, 34.0785883]}, "properties": {"name": "沖ノ洲（おきのす）", "river_system": "吉野川", "river": "吉野川"}}, {"type": "Feature", "geometry": {"type": "Point", "coordinates": [134.4455556, 34.1077778]}, "properties": {"name": "第十（だいじゅう）", "river_system": "吉野川", "river": "吉野川"}}, {"type": "Feature", "geometry": {"type": "Point", "coordinates": [134.3872222, 34.0886111]}, "properties": {"name": "西条大橋（さいじょうおおはし）", "river_system": "吉野川", "river": "吉野川"}}, {"type": "Feature", "geometry": {"type": "Point", "coordinates": [134.3458333, 34.0877778]}, "properties": {"name": "中央橋（ちゅうおうばし）", "river_system": "吉野川", "river": "吉野川"}}, {"type": "Feature", "geometry": {"type": "Point", "coordinates": [134.2372222, 34.0716667]}, "properties": {"name": "瀬詰（せづめ）", "river_system": "吉野川", "river": "吉野川"}}, {"type": "Feature", "geometry": {"type": "Point", "coordinates": [134.2239892, 34.0247017]}, "properties": {"name": "大内（オオウチ）", "river_system": "吉野川", "river": "奥野井谷川"}}, {"type": "Feature", "geometry": {"type": "Point", "coordinates": [134.1938889, 34.0652778]}, "properties": {"name": "岩津（いわづ）", "river_system": "吉野川", "river": "吉野川"}}, {"type": "Feature", "geometry": {"type": "Point", "coordinates": [134.0505556, 34.0444444]}, "properties": {"name": "中藪（なかやぶ）", "river_system": "吉野川", "river": "吉野川"}}, {"type": "Feature", "geometry": {"type": "Point", "coordinates": [133.9738889, 34.0380556]}, "properties": {"name": "江口（えぐち）", "river_system": "吉野川", "river": "吉野川"}}, {"type": "Feature", "geometry": {"type": "Point", "coordinates": [133.8419444, 34.0327778]}, "properties": {"name": "池田（無堤）（いけだ（むてい））", "river_system": "吉野川", "river": "吉野川"}}, {"type": "Feature", "geometry": {"type": "Point", "coordinates": [133.8162525, 33.8902714]}, "properties": {"name": "祖谷（いや）", "river_system": "吉野川", "river": "祖谷川"}}, {"type": "Feature", "geometry": {"type": "Point", "coordinates": [133.7798683, 33.8619414]}, "properties": {"name": "大歩危（おおぼけ）", "river_system": "吉野川", "river": "吉野川"}}, {"type": "Feature", "geometry": {"type": "Point", "coordinates": [133.7372222, 33.7894444]}, "properties": {"name": "豊永（とよなが）", "river_system": "吉野川", "river": "吉野川"}}, {"type": "Feature", "geometry": {"type": "Point", "coordinates": [134.4725, 34.1377778]}, "properties": {"name": "大寺橋（廃止）（おおてらばし）", "river_system": "吉野川", "river": "旧吉野川"}}, {"type": "Feature", "geometry": {"type": "Point", "coordinates": [134.4480556, 34.1097222]}, "properties": {"name": "旧吉野川（きゅうよしのがわ）", "river_system": "吉野川", "river": "旧吉野川"}}, {"type": "Feature", "geometry": {"type": "Point", "coordinates": [134.4380556, 34.1236111]}, "properties": {"name": "矢武大橋（やたけおおはし）", "river_system": "吉野川", "river": "宮川内谷川"}}, {"type": "Feature", "geometry": {"type": "Point", "coordinates": [134.3861956, 34.0935842]}, "properties": {"name": "一条南橋（廃止）（いちじょうみなみばし）", "river_system": "吉野川", "river": "吉野川"}}, {"type": "Feature", "geometry": {"type": "Point", "coordinates": [134.4702778, 34.1402778]}, "properties": {"name": "大寺橋（おおてらばし）", "river_system": "吉野川", "river": "旧吉野川"}}, {"type": "Feature", "geometry": {"type": "Point", "coordinates": [134.4244444, 34.0988889]}, "properties": {"name": "高瀬橋（たかせばし）", "river_system": "吉野川", "river": "吉野川"}}, {"type": "Feature", "geometry": {"type": "Point", "coordinates": [134.1577778, 34.0372222]}, "properties": {"name": "天神橋（てんじんばし）", "river_system": "吉野川", "river": "穴吹川"}}, {"type": "Feature", "geometry": {"type": "Point", "coordinates": [134.0653931, 34.0227558]}, "properties": {"name": "貞光（さだみつ）", "river_system": "吉野川", "river": "貞光川"}}, {"type": "Feature", "geometry": {"type": "Point", "coordinates": [134.0309508, 34.0305328]}, "properties": {"name": "田井（たい）", "river_system": "吉野川", "river": "半田川"}}, {"type": "Feature", "geometry": {"type": "Point", "coordinates": [133.5047222, 33.9108333]}, "properties": {"name": "豊坂（とよさか）", "river_system": "吉野川", "river": "銅山川"}}, {"type": "Feature", "geometry": {"type": "Point", "coordinates": [133.7569444, 33.7936111]}, "properties": {"name": "南小川（みなみおがわ）", "river_system": "吉野川", "river": "南小川"}}, {"type": "Feature", "geometry": {"type": "Point", "coordinates": [133.6977778, 33.7827778]}, "properties": {"name": "穴内川（あなないがわ）", "river_system": "吉野川", "river": "穴内川"}}, {"type": "Feature", "geometry": {"type": "Point", "coordinates": [133.6627778, 33.78]}, "properties": {"name": "立川川（たちかわがわ）", "river_system": "吉野川", "river": "立川川"}}, {"type": "Feature", "geometry": {"type": "Point", "coordinates": [133.8130556, 34.2872222]}, "properties": {"name": "丸亀橋（まるがめばし）", "river_system": "土器川", "river": "土器川"}}, {"type": "Feature", "geometry": {"type": "Point", "coordinates": [133.8416667, 34.1980556]}, "properties": {"name": "祓川橋（はらいかわばし）", "river_system": "土器川", "river": "土器川"}}, {"type": "Feature", "geometry": {"type": "Point", "coordinates": [133.8891667, 34.1736111]}, "properties": {"name": "常包橋（つねかねばし）", "river_system": "土器川", "river": "土器川"}}, {"type": "Feature", "geometry": {"type": "Point", "coordinates": [133.9255556, 34.1641667]}, "properties": {"name": "御用橋（ごようばし）", "river_system": "土器川", "river": "土器川"}}, {"type": "Feature", "geometry": {"type": "Point", "coordinates": [133.9477778, 34.1513889]}, "properties": {"name": "天川（あまかわ）", "river_system": "土器川", "river": "土器川"}}, {"type": "Feature", "geometry": {"type": "Point", "coordinates": [133.9716667, 34.1166667]}, "properties": {"name": "明神（みょうじん）", "river_system": "土器川", "river": "土器川"}}, {"type": "Feature", "geometry": {"type": "Point", "coordinates": [133.8769444, 34.1855556]}, "properties": {"name": "大川（取水口）（たいせん（しゅすいぐち））", "river_system": "土器川", "river": "土器川"}}, {"type": "Feature", "geometry": {"type": "Point", "coordinates": [133.8797222, 34.1836111]}, "properties": {"name": "大川（本川）（たいせん（ほんせん））", "river_system": "土器川", "river": "土器川"}}, {"type": "Feature", "geometry": {"type": "Point", "coordinates": [134.0038889, 34.1313889]}, "properties": {"name": "前の川上流（まえのかわじょうりゅう）", "river_system": "土器川", "river": "前の川"}}, {"type": "Feature", "geometry": {"type": "Point", "coordinates": [133.8313889, 34.2641667]}, "properties": {"name": "高柳橋（たかやなぎばし）", "river_system": "土器川", "river": "土器川"}}, {"type": "Feature", "geometry": {"type": "Point", "coordinates": [130.7330556, 33.5538889]}, "properties": {"name": "大隈（おおくま）", "river_system": "遠賀川", "river": "遠賀川"}}, {"type": "Feature", "geometry": {"type": "Point", "coordinates": [130.6891667, 33.6608333]}, "properties": {"name": "川島（かわしま）", "river_system": "遠賀川", "river": "遠賀川"}}, {"type": "Feature", "geometry": {"type": "Point", "coordinates": [130.73, 33.74]}, "properties": {"name": "勘六橋（かんろくばし）", "river_system": "遠賀川", "river": "遠賀川"}}, {"type": "Feature", "geometry": {"type": "Point", "coordinates": [130.7319444, 33.7497222]}, "properties": {"name": "日の出橋（ひのでばし）", "river_system": "遠賀川", "river": "遠賀川"}}, {"type": "Feature", "geometry": {"type": "Point", "coordinates": [130.7111111, 33.7922222]}, "properties": {"name": "唐熊（からくま）", "river_system": "遠賀川", "river": "遠賀川"}}, {"type": "Feature", "geometry": {"type": "Point", "coordinates": [130.7072222, 33.8155556]}, "properties": {"name": "中間（なかま）", "river_system": "遠賀川", "river": "遠賀川"}}, {"type": "Feature", "geometry": {"type": "Point", "coordinates": [130.6752778, 33.6188889]}, "properties": {"name": "秋松橋（あきまつばし）", "river_system": "遠賀川", "river": "穂波川"}}, {"type": "Feature", "geometry": {"type": "Point", "coordinates": [130.8516667, 33.5686111]}, "properties": {"name": "添田（そえだ）", "river_system": "遠賀川", "river": "彦山川"}}, {"type": "Feature", "geometry": {"type": "Point", "coordinates": [130.8116667, 33.6488889]}, "properties": {"name": "伊田（いた）", "river_system": "遠賀川", "river": "彦山川"}}, {"type": "Feature", "geometry": {"type": "Point", "coordinates": [130.7719444, 33.6986111]}, "properties": {"name": "赤池（あかいけ）", "river_system": "遠賀川", "river": "彦山川"}}, {"type": "Feature", "geometry": {"type": "Point", "coordinates": [130.7333333, 33.7333333]}, "properties": {"name": "中島（なかしま）", "river_system": "遠賀川", "river": "彦山川"}}, {"type": "Feature", "geometry": {"type": "Point", "coordinates": [130.8116667, 33.6661111]}, "properties": {"name": "夏吉（なつよし）", "river_system": "遠賀川", "river": "金辺川"}}, {"type": "Feature", "geometry": {"type": "Point", "coordinates": [130.7933333, 33.6313889]}, "properties": {"name": "春日橋（かすがばし）", "river_system": "遠賀川", "river": "中元寺川"}}, {"type": "Feature", "geometry": {"type": "Point", "coordinates": [130.6727778, 33.7244444]}, "properties": {"name": "宮田橋（みやたばし）", "river_system": "遠賀川", "river": "犬鳴川"}}, {"type": "Feature", "geometry": {"type": "Point", "coordinates": [130.6636111, 33.7230556]}, "properties": {"name": "生見（ぬくみ）", "river_system": "遠賀川", "river": "八木山川"}}, {"type": "Feature", "geometry": {"type": "Point", "coordinates": [130.7327778, 33.7825]}, "properties": {"name": "野面（のぶ）", "river_system": "遠賀川", "river": "笹尾川"}}, {"type": "Feature", "geometry": {"type": "Point", "coordinates": [130.7255556, 33.7991667]}, "properties": {"name": "石園（いしぞの）", "river_system": "遠賀川", "river": "黒川"}}, {"type": "Feature", "geometry": {"type": "Point", "coordinates": [130.6730556, 33.8105556]}, "properties": {"name": "木月（きづき）", "river_system": "遠賀川", "river": "西川"}}, {"type": "Feature", "geometry": {"type": "Point", "coordinates": [130.6736111, 33.8905556]}, "properties": {"name": "祇園橋（ぎおんばし）", "river_system": "遠賀川", "river": "西川"}}, {"type": "Feature", "geometry": {"type": "Point", "coordinates": [129.9630556, 33.2680556]}, "properties": {"name": "桃の川橋（もものかわばし）", "river_system": "松浦川", "river": "松浦川"}}, {"type": "Feature", "geometry": {"type": "Point", "coordinates": [129.9675833, 33.3003833]}, "properties": {"name": "川西橋（かわにしばし）", "river_system": "松浦川", "river": "松浦川"}}, {"type": "Feature", "geometry": {"type": "Point", "coordinates": [129.9930556, 33.3475]}, "properties": {"name": "和田山橋（わだやまばし）", "river_system": "松浦川", "river": "松浦川"}}, {"type": "Feature", "geometry": {"type": "Point", "coordinates": [130.0036111, 33.3658333]}, "properties": {"name": "牟田部（むたべ）", "river_system": "松浦川", "river": "松浦川"}}, {"type": "Feature", "geometry": {"type": "Point", "coordinates": [129.9841667, 33.41]}, "properties": {"name": "養母田（やぶた）", "river_system": "松浦川", "river": "松浦川"}}, {"type": "Feature", "geometry": {"type": "Point", "coordinates": [129.9861111, 33.4472222]}, "properties": {"name": "松浦橋（まつうらばし）", "river_system": "松浦川", "river": "松浦川"}}, {"type": "Feature", "geometry": {"type": "Point", "coordinates": [130.0733333, 33.3119444]}, "properties": {"name": "中島橋（なかしまばし）", "river_system": "松浦川", "river": "厳木川"}}, {"type": "Feature", "geometry": {"type": "Point", "coordinates": [130.0130556, 33.3513889]}, "properties": {"name": "浦の川橋（うらのかわばし）", "river_system": "松浦川", "river": "厳木川"}}, {"type": "Feature", "geometry": {"type": "Point", "coordinates": [129.9480556, 33.3702778]}, "properties": {"name": "上徳須恵（かみとくすえ）", "river_system": "松浦川", "river": "徳須恵川"}}, {"type": "Feature", "geometry": {"type": "Point", "coordinates": [129.9530556, 33.3758333]}, "properties": {"name": "徳須恵橋（とくすえばし）", "river_system": "松浦川", "river": "徳須恵川"}}, {"type": "Feature", "geometry": {"type": "Point", "coordinates": [130.1113889, 33.3397222]}, "properties": {"name": "野々平（ののひら）", "river_system": "松浦川", "river": "厳木川"}}, {"type": "Feature", "geometry": {"type": "Point", "coordinates": [130.0961111, 33.3252778]}, "properties": {"name": "観音橋（かんのんばし）", "river_system": "松浦川", "river": "厳木川"}}, {"type": "Feature", "geometry": {"type": "Point", "coordinates": [130.0261111, 32.9080556]}, "properties": {"name": "富川（とみかわ）", "river_system": "本明川", "river": "本明川"}}, {"type": "Feature", "geometry": {"type": "Point", "coordinates": [130.0247222, 32.8947222]}, "properties": {"name": "琴川橋（ことかわばし）", "river_system": "本明川", "river": "本明川"}}, {"type": "Feature", "geometry": {"type": "Point", "coordinates": [130.045, 32.8522222]}, "properties": {"name": "裏山（うらやま）", "river_system": "本明川", "river": "本明川"}}, {"type": "Feature", "geometry": {"type": "Point", "coordinates": [130.0592972, 32.8330556]}, "properties": {"name": "埋津（うめづ）", "river_system": "本明川", "river": "半造川"}}, {"type": "Feature", "geometry": {"type": "Point", "coordinates": [130.0741667, 32.8358333]}, "properties": {"name": "半造橋（はんぞうばし）", "river_system": "本明川", "river": "半造川"}}, {"type": "Feature", "geometry": {"type": "Point", "coordinates": [130.0858333, 32.8586111]}, "properties": {"name": "不知火（しらぬい）", "river_system": "本明川", "river": "本明川"}}, {"type": "Feature", "geometry": {"type": "Point", "coordinates": [130.0552778, 32.8511111]}, "properties": {"name": "福田（ふくだ）", "river_system": "本明川", "river": "福田川"}}, {"type": "Feature", "geometry": {"type": "Point", "coordinates": [130.0388889, 33.1722222]}, "properties": {"name": "溝ノ上（みぞのうえ）", "river_system": "六角川", "river": "六角川"}}, {"type": "Feature", "geometry": {"type": "Point", "coordinates": [130.0480556, 33.175]}, "properties": {"name": "潮見橋（しおみばし）", "river_system": "六角川", "river": "六角川"}}, {"type": "Feature", "geometry": {"type": "Point", "coordinates": [130.0488889, 33.1852778]}, "properties": {"name": "大日堰（だいにちぜき）", "river_system": "六角川", "river": "六角川"}}, {"type": "Feature", "geometry": {"type": "Point", "coordinates": [130.0738889, 33.2136111]}, "properties": {"name": "新橋（しんばし）", "river_system": "六角川", "river": "六角川"}}, {"type": "Feature", "geometry": {"type": "Point", "coordinates": [130.1411111, 33.1955556]}, "properties": {"name": "六角橋（ろっかくばし）", "river_system": "六角川", "river": "六角川"}}, {"type": "Feature", "geometry": {"type": "Point", "coordinates": [130.1877778, 33.2027778]}, "properties": {"name": "河口堰（かこうぜき）", "river_system": "六角川", "river": "六角川"}}, {"type": "Feature", "geometry": {"type": "Point", "coordinates": [130.1969444, 33.2005556]}, "properties": {"name": "住ノ江橋（すみのえばし）", "river_system": "六角川", "river": "六角川"}}, {"type": "Feature", "geometry": {"type": "Point", "coordinates": [130.02, 33.1933333]}, "properties": {"name": "武雄川（たけおがわ）", "river_system": "六角川", "river": "武雄川"}}, {"type": "Feature", "geometry": {"type": "Point", "coordinates": [130.0847222, 33.2622222]}, "properties": {"name": "浦町橋（うらまちばし）", "river_system": "六角川", "river": "牛津川"}}, {"type": "Feature", "geometry": {"type": "Point", "coordinates": [130.1475, 33.2755556]}, "properties": {"name": "妙見橋（みょうけんばし）", "river_system": "六角川", "river": "牛津川"}}, {"type": "Feature", "geometry": {"type": "Point", "coordinates": [130.1952778, 33.2463889]}, "properties": {"name": "砥川大橋（とがわおおはし）", "river_system": "六角川", "river": "牛津川"}}, {"type": "Feature", "geometry": {"type": "Point", "coordinates": [130.1894444, 33.2633333]}, "properties": {"name": "晴気川（はるけがわ）", "river_system": "六角川", "river": "晴気川"}}, {"type": "Feature", "geometry": {"type": "Point", "coordinates": [130.2675, 33.3305556]}, "properties": {"name": "川上（かわかみ）", "river_system": "嘉瀬川", "river": "嘉瀬川"}}, {"type": "Feature", "geometry": {"type": "Point", "coordinates": [130.2538889, 33.2780556]}, "properties": {"name": "池森（いけもり）", "river_system": "嘉瀬川", "river": "嘉瀬川"}}, {"type": "Feature", "geometry": {"type": "Point", "coordinates": [130.2436111, 33.2458333]}, "properties": {"name": "徳万（とくまん）", "river_system": "嘉瀬川", "river": "嘉瀬川"}}, {"type": "Feature", "geometry": {"type": "Point", "coordinates": [130.2533333, 33.2238889]}, "properties": {"name": "久保田（くぼた）", "river_system": "嘉瀬川", "river": "嘉瀬川"}}, {"type": "Feature", "geometry": {"type": "Point", "coordinates": [130.2038889, 33.3036111]}, "properties": {"name": "祇園（ぎおん）", "river_system": "嘉瀬川", "river": "祗園川"}}, {"type": "Feature", "geometry": {"type": "Point", "coordinates": [130.235, 33.2713889]}, "properties": {"name": "深町（ふかまち）", "river_system": "嘉瀬川", "river": "祗園川"}}, {"type": "Feature", "geometry": {"type": "Point", "coordinates": [130.2808333, 33.2797222]}, "properties": {"name": "植木（うえき）", "river_system": "嘉瀬川", "river": "多布施川"}}, {"type": "Feature", "geometry": {"type": "Point", "coordinates": [130.2066667, 33.3694444]}, "properties": {"name": "宮ノ渕（みやのふち）", "river_system": "嘉瀬川", "river": "嘉瀬川"}}, {"type": "Feature", "geometry": {"type": "Point", "coordinates": [130.2047222, 33.4388889]}, "properties": {"name": "中原（なかばる）", "river_system": "嘉瀬川", "river": "神水川"}}, {"type": "Feature", "geometry": {"type": "Point", "coordinates": [130.9711111, 33.2511111]}, "properties": {"name": "小平（おひら）", "river_system": "筑後川", "river": "筑後川"}}, {"type": "Feature", "geometry": {"type": "Point", "coordinates": [130.9427778, 33.3063889]}, "properties": {"name": "小渕（こぶち）", "river_system": "筑後川", "river": "筑後川"}}, {"type": "Feature", "geometry": {"type": "Point", "coordinates": [130.9305556, 33.3127778]}, "properties": {"name": "隈（くま）", "river_system": "筑後川", "river": "筑後川"}}, {"type": "Feature", "geometry": {"type": "Point", "coordinates": [130.8322222, 33.3461111]}, "properties": {"name": "荒瀬（あらせ）", "river_system": "筑後川", "river": "筑後川"}}, {"type": "Feature", "geometry": {"type": "Point", "coordinates": [130.8125, 33.3552778]}, "properties": {"name": "大石用水（おおいしようすい）", "river_system": "筑後川", "river": "筑後川"}}, {"type": "Feature", "geometry": {"type": "Point", "coordinates": [130.7583333, 33.3652778]}, "properties": {"name": "山田用水（やまだようすい）", "river_system": "筑後川", "river": "筑後川"}}, {"type": "Feature", "geometry": {"type": "Point", "coordinates": [130.7527778, 33.3638889]}, "properties": {"name": "恵蘇ノ宿（えそのしゅく）", "river_system": "筑後川", "river": "筑後川"}}, {"type": "Feature", "geometry": {"type": "Point", "coordinates": [130.6458333, 33.3666667]}, "properties": {"name": "床島用水（とこしまようすい）", "river_system": "筑後川", "river": "筑後川"}}, {"type": "Feature", "geometry": {"type": "Point", "coordinates": [130.6322222, 33.3527778]}, "properties": {"name": "片ノ瀬（かたのせ）", "river_system": "筑後川", "river": "筑後川"}}, {"type": "Feature", "geometry": {"type": "Point", "coordinates": [130.5247222, 33.3297222]}, "properties": {"name": "久留米大橋（くるめおおはし）", "river_system": "筑後川", "river": "筑後川"}}, {"type": "Feature", "geometry": {"type": "Point", "coordinates": [130.4944444, 33.3191667]}, "properties": {"name": "瀬ノ下（せのした）", "river_system": "筑後川", "river": "筑後川"}}, {"type": "Feature", "geometry": {"type": "Point", "coordinates": [130.3622222, 33.2147222]}, "properties": {"name": "若津（わかつ）", "river_system": "筑後川", "river": "筑後川"}}, {"type": "Feature", "geometry": {"type": "Point", "coordinates": [130.9644444, 33.2980556]}, "properties": {"name": "小ヶ瀬（おがせ）", "river_system": "筑後川", "river": "玖珠川"}}, {"type": "Feature", "geometry": {"type": "Point", "coordinates": [130.9344444, 33.3297222]}, "properties": {"name": "花月（かげつ）", "river_system": "筑後川", "river": "花月川"}}, {"type": "Feature", "geometry": {"type": "Point", "coordinates": [130.7888889, 33.3419444]}, "properties": {"name": "西隈ノ上（にしくまのうえ）", "river_system": "筑後川", "river": "隈上川"}}, {"type": "Feature", "geometry": {"type": "Point", "coordinates": [130.6605556, 33.3808333]}, "properties": {"name": "金丸橋（かなまるばし）", "river_system": "筑後川", "river": "佐田川"}}, {"type": "Feature", "geometry": {"type": "Point", "coordinates": [130.6341667, 33.3811111]}, "properties": {"name": "栄田橋（さかえだばし）", "river_system": "筑後川", "river": "小石原川"}}, {"type": "Feature", "geometry": {"type": "Point", "coordinates": [130.6911111, 33.3425]}, "properties": {"name": "中央橋（ちゅうおうばし）", "river_system": "筑後川", "river": "巨瀬川"}}, {"type": "Feature", "geometry": {"type": "Point", "coordinates": [130.5513889, 33.3766667]}, "properties": {"name": "端間（はたま）", "river_system": "筑後川", "river": "宝満川"}}, {"type": "Feature", "geometry": {"type": "Point", "coordinates": [130.5055556, 33.3372222]}, "properties": {"name": "下野堰（しものぜき）", "river_system": "筑後川", "river": "宝満川"}}, {"type": "Feature", "geometry": {"type": "Point", "coordinates": [130.3272222, 33.2480556]}, "properties": {"name": "江上（えがみ）", "river_system": "筑後川", "river": "佐賀江川"}}, {"type": "Feature", "geometry": {"type": "Point", "coordinates": [130.3666667, 33.3133333]}, "properties": {"name": "日出来橋（ひできばし）", "river_system": "筑後川", "river": "城原川"}}, {"type": "Feature", "geometry": {"type": "Point", "coordinates": [130.34, 33.1830556]}, "properties": {"name": "早津江（はやつえ）", "river_system": "筑後川", "river": "早津江川"}}, {"type": "Feature", "geometry": {"type": "Point", "coordinates": [130.3872222, 33.3186111]}, "properties": {"name": "田手橋（たでばし）", "river_system": "筑後川", "river": "田手川"}}, {"type": "Feature", "geometry": {"type": "Point", "coordinates": [130.3616667, 33.3558333]}, "properties": {"name": "仁比山（にいやま）", "river_system": "筑後川", "river": "城原川"}}, {"type": "Feature", "geometry": {"type": "Point", "coordinates": [130.3738889, 33.2591667]}, "properties": {"name": "柴尾橋（廃止）（しばおばし）", "river_system": "筑後川", "river": "城原川"}}, {"type": "Feature", "geometry": {"type": "Point", "coordinates": [130.3186111, 33.2913889]}, "properties": {"name": "東渕（ひがしぶち）", "river_system": "筑後川", "river": "巨勢川"}}, {"type": "Feature", "geometry": {"type": "Point", "coordinates": [130.3129167, 33.3]}, "properties": {"name": "東名（ひがしみょう）", "river_system": "筑後川", "river": "巨勢川"}}, {"type": "Feature", "geometry": {"type": "Point", "coordinates": [130.3027778, 33.2980556]}, "properties": {"name": "廿橋（はたちばし）", "river_system": "筑後川", "river": "黒川"}}, {"type": "Feature", "geometry": {"type": "Point", "coordinates": [131.0333333, 33.1836111]}, "properties": {"name": "杖立（つえたて）", "river_system": "筑後川", "river": "筑後川"}}, {"type": "Feature", "geometry": {"type": "Point", "coordinates": [130.9833333, 33.2302778]}, "properties": {"name": "小五馬（こいつま）", "river_system": "筑後川", "river": "筑後川"}}, {"type": "Feature", "geometry": {"type": "Point", "coordinates": [130.9538889, 33.2747222]}, "properties": {"name": "千丈（せんじょう）", "river_system": "筑後川", "river": "筑後川"}}, {"type": "Feature", "geometry": {"type": "Point", "coordinates": [130.9422222, 33.1336111]}, "properties": {"name": "栃野（とちの）", "river_system": "筑後川", "river": "津江川"}}, {"type": "Feature", "geometry": {"type": "Point", "coordinates": [130.9613889, 33.11]}, "properties": {"name": "川原（かわばる）", "river_system": "筑後川", "river": "川原川"}}, {"type": "Feature", "geometry": {"type": "Point", "coordinates": [130.9688889, 33.1177778]}, "properties": {"name": "上野田（かみのだ）", "river_system": "筑後川", "river": "上野田川"}}, {"type": "Feature", "geometry": {"type": "Point", "coordinates": [131.1180556, 33.2766667]}, "properties": {"name": "竹中（たけなか）", "river_system": "筑後川", "river": "玖珠川"}}, {"type": "Feature", "geometry": {"type": "Point", "coordinates": [130.5741667, 33.2063889]}, "properties": {"name": "花宗堰（はなむねぜき）", "river_system": "矢部川", "river": "矢部川"}}, {"type": "Feature", "geometry": {"type": "Point", "coordinates": [130.5047222, 33.1825]}, "properties": {"name": "船小屋（ふなごや）", "river_system": "矢部川", "river": "矢部川"}}, {"type": "Feature", "geometry": {"type": "Point", "coordinates": [130.4838889, 33.1694444]}, "properties": {"name": "幸作橋（こうさくばし）", "river_system": "矢部川", "river": "矢部川"}}, {"type": "Feature", "geometry": {"type": "Point", "coordinates": [130.4391667, 33.1208333]}, "properties": {"name": "浦島橋（うらしまばし）", "river_system": "矢部川", "river": "矢部川"}}, {"type": "Feature", "geometry": {"type": "Point", "coordinates": [130.4725, 33.1197222]}, "properties": {"name": "安手橋（やすでばし）", "river_system": "矢部川", "river": "飯江川"}}, {"type": "Feature", "geometry": {"type": "Point", "coordinates": [130.7927778, 32.9563889]}, "properties": {"name": "広瀬（ひろせ）", "river_system": "菊池川", "river": "菊池川"}}, {"type": "Feature", "geometry": {"type": "Point", "coordinates": [130.7352778, 32.98]}, "properties": {"name": "中富（なかとみ）", "river_system": "菊池川", "river": "菊池川"}}, {"type": "Feature", "geometry": {"type": "Point", "coordinates": [130.7197222, 32.9925]}, "properties": {"name": "分田（ぶんだ）", "river_system": "菊池川", "river": "菊池川"}}, {"type": "Feature", "geometry": {"type": "Point", "coordinates": [130.6872222, 33.0105556]}, "properties": {"name": "山鹿（やまが）", "river_system": "菊池川", "river": "菊池川"}}, {"type": "Feature", "geometry": {"type": "Point", "coordinates": [130.6241667, 33.0236111]}, "properties": {"name": "菰田（こもだ）", "river_system": "菊池川", "river": "菊池川"}}, {"type": "Feature", "geometry": {"type": "Point", "coordinates": [130.5830556, 32.9383333]}, "properties": {"name": "玉名（たまな）", "river_system": "菊池川", "river": "菊池川"}}, {"type": "Feature", "geometry": {"type": "Point", "coordinates": [130.5361111, 32.8938889]}, "properties": {"name": "滑石（なめいし）", "river_system": "菊池川", "river": "菊池川"}}, {"type": "Feature", "geometry": {"type": "Point", "coordinates": [130.4605556, 32.9191667]}, "properties": {"name": "長洲（ながす）", "river_system": "菊池川", "river": "菊池川"}}, {"type": "Feature", "geometry": {"type": "Point", "coordinates": [130.8066667, 32.9863889]}, "properties": {"name": "隈府（わいふ）", "river_system": "菊池川", "river": "迫間川"}}, {"type": "Feature", "geometry": {"type": "Point", "coordinates": [130.7327778, 32.9330556]}, "properties": {"name": "佐野（さの）", "river_system": "菊池川", "river": "合志川"}}, {"type": "Feature", "geometry": {"type": "Point", "coordinates": [130.7272222, 32.9708333]}, "properties": {"name": "芦原（あしはら）", "river_system": "菊池川", "river": "合志川"}}, {"type": "Feature", "geometry": {"type": "Point", "coordinates": [130.6775, 33.0411111]}, "properties": {"name": "城（じょう）", "river_system": "菊池川", "river": "岩野川"}}, {"type": "Feature", "geometry": {"type": "Point", "coordinates": [130.5897222, 32.9311111]}, "properties": {"name": "津留（つる）", "river_system": "菊池川", "river": "木葉川"}}, {"type": "Feature", "geometry": {"type": "Point", "coordinates": [130.5616667, 32.9377778]}, "properties": {"name": "岩崎（いわさき）", "river_system": "菊池川", "river": "繁根木川"}}, {"type": "Feature", "geometry": {"type": "Point", "coordinates": [130.7452778, 32.9775]}, "properties": {"name": "袋田（ふくろだ）", "river_system": "菊池川", "river": "上内田川"}}, {"type": "Feature", "geometry": {"type": "Point", "coordinates": [130.7538889, 32.9719444]}, "properties": {"name": "高田（廃止）（たかだ）", "river_system": "菊池川", "river": "迫間川"}}, {"type": "Feature", "geometry": {"type": "Point", "coordinates": [130.6794444, 33.0111111]}, "properties": {"name": "山鹿下流（やまがかりゅう）", "river_system": "菊池川", "river": "菊池川"}}, {"type": "Feature", "geometry": {"type": "Point", "coordinates": [130.8616667, 33.0697222]}, "properties": {"name": "穴川（あなかわ）", "river_system": "菊池川", "river": "迫間川"}}, {"type": "Feature", "geometry": {"type": "Point", "coordinates": [130.7538889, 32.9719444]}, "properties": {"name": "高田（たかだ）", "river_system": "菊池川", "river": "迫間川"}}, {"type": "Feature", "geometry": {"type": "Point", "coordinates": [130.8725, 33.0580556]}, "properties": {"name": "鳳来（ほうぎ）", "river_system": "菊池川", "river": "鳳来川"}}, {"type": "Feature", "geometry": {"type": "Point", "coordinates": [130.8277778, 32.9880556]}, "properties": {"name": "築地堰NO１（ついじぜき）", "river_system": "菊池川", "river": "菊池川"}}, {"type": "Feature", "geometry": {"type": "Point", "coordinates": [130.8277778, 32.9880556]}, "properties": {"name": "築地堰NO２（ついじぜき）", "river_system": "菊池川", "river": "菊池川"}}, {"type": "Feature", "geometry": {"type": "Point", "coordinates": [130.8744444, 32.8586111]}, "properties": {"name": "陣内（じんない）", "river_system": "白川", "river": "白川"}}, {"type": "Feature", "geometry": {"type": "Point", "coordinates": [130.7211111, 32.8113889]}, "properties": {"name": "子飼橋（こかいばし）", "river_system": "白川", "river": "白川"}}, {"type": "Feature", "geometry": {"type": "Point", "coordinates": [130.7119444, 32.7980556]}, "properties": {"name": "銀座橋（ぎんざばし）", "river_system": "白川", "river": "白川"}}, {"type": "Feature", "geometry": {"type": "Point", "coordinates": [130.7069444, 32.7963889]}, "properties": {"name": "代継橋（よつぎばし）", "river_system": "白川", "river": "白川"}}, {"type": "Feature", "geometry": {"type": "Point", "coordinates": [130.6361111, 32.7747222]}, "properties": {"name": "小島（おしま）", "river_system": "白川", "river": "白川"}}, {"type": "Feature", "geometry": {"type": "Point", "coordinates": [130.6036111, 32.7788889]}, "properties": {"name": "白川河口（しらかわかこう）", "river_system": "白川", "river": "白川"}}, {"type": "Feature", "geometry": {"type": "Point", "coordinates": [131.0072222, 32.8497222]}, "properties": {"name": "妙見橋（みょうけんばし）", "river_system": "白川", "river": "白川"}}, {"type": "Feature", "geometry": {"type": "Point", "coordinates": [130.9594444, 32.8736111]}, "properties": {"name": "立野（たての）", "river_system": "白川", "river": "白川"}}, {"type": "Feature", "geometry": {"type": "Point", "coordinates": [130.8341667, 32.6422222]}, "properties": {"name": "上揚（かみあげ）", "river_system": "緑川", "river": "緑川"}}, {"type": "Feature", "geometry": {"type": "Point", "coordinates": [130.8069444, 32.6447222]}, "properties": {"name": "中甲橋（ちゅうこうばし）", "river_system": "緑川", "river": "緑川"}}, {"type": "Feature", "geometry": {"type": "Point", "coordinates": [130.7391667, 32.7347222]}, "properties": {"name": "城南（じょうなん）", "river_system": "緑川", "river": "緑川"}}, {"type": "Feature", "geometry": {"type": "Point", "coordinates": [130.6077778, 32.7180556]}, "properties": {"name": "網津（あみつ）", "river_system": "緑川", "river": "緑川"}}, {"type": "Feature", "geometry": {"type": "Point", "coordinates": [130.8736111, 32.7202778]}, "properties": {"name": "川鴫橋（ごうしぎばし）", "river_system": "緑川", "river": "御船川"}}, {"type": "Feature", "geometry": {"type": "Point", "coordinates": [130.825, 32.7008333]}, "properties": {"name": "横野（よこの）", "river_system": "緑川", "river": "御船川"}}, {"type": "Feature", "geometry": {"type": "Point", "coordinates": [130.7972222, 32.7116667]}, "properties": {"name": "御船（みふね）", "river_system": "緑川", "river": "御船川"}}, {"type": "Feature", "geometry": {"type": "Point", "coordinates": [130.7533333, 32.7594444]}, "properties": {"name": "大六橋（だいろくばし）", "river_system": "緑川", "river": "加勢川"}}, {"type": "Feature", "geometry": {"type": "Point", "coordinates": [130.6772222, 32.7211111]}, "properties": {"name": "富合（とみあい）", "river_system": "緑川", "river": "浜戸川"}}, {"type": "Feature", "geometry": {"type": "Point", "coordinates": [130.9830556, 32.6375]}, "properties": {"name": "津留（つる）", "river_system": "緑川", "river": "緑川"}}, {"type": "Feature", "geometry": {"type": "Point", "coordinates": [130.9408333, 32.2694444]}, "properties": {"name": "多良木（たらぎ）", "river_system": "球磨川", "river": "球磨川"}}, {"type": "Feature", "geometry": {"type": "Point", "coordinates": [130.8733333, 32.2427778]}, "properties": {"name": "深田（ふかだ）", "river_system": "球磨川", "river": "球磨川"}}, {"type": "Feature", "geometry": {"type": "Point", "coordinates": [130.8194444, 32.2113889]}, "properties": {"name": "一武（いちぶ）", "river_system": "球磨川", "river": "球磨川"}}, {"type": "Feature", "geometry": {"type": "Point", "coordinates": [130.7669444, 32.2130556]}, "properties": {"name": "人吉（ひとよし）", "river_system": "球磨川", "river": "球磨川"}}, {"type": "Feature", "geometry": {"type": "Point", "coordinates": [130.6861111, 32.2402778]}, "properties": {"name": "渡（わたり）", "river_system": "球磨川", "river": "球磨川"}}, {"type": "Feature", "geometry": {"type": "Point", "coordinates": [130.605, 32.29]}, "properties": {"name": "大野（おおの）", "river_system": "球磨川", "river": "球磨川"}}, {"type": "Feature", "geometry": {"type": "Point", "coordinates": [130.6561111, 32.4622222]}, "properties": {"name": "横石（よこいし）", "river_system": "球磨川", "river": "球磨川"}}, {"type": "Feature", "geometry": {"type": "Point", "coordinates": [130.6222222, 32.5005556]}, "properties": {"name": "萩原（はぎわら）", "river_system": "球磨川", "river": "球磨川"}}, {"type": "Feature", "geometry": {"type": "Point", "coordinates": [130.6005556, 32.4947222]}, "properties": {"name": "柳橋（やなぎばし）", "river_system": "球磨川", "river": "球磨川"}}, {"type": "Feature", "geometry": {"type": "Point", "coordinates": [130.5708333, 32.4766667]}, "properties": {"name": "金剛（こんごう）", "river_system": "球磨川", "river": "球磨川"}}, {"type": "Feature", "geometry": {"type": "Point", "coordinates": [130.5977778, 32.5019444]}, "properties": {"name": "前川（まえかわ）", "river_system": "球磨川", "river": "前川"}}, {"type": "Feature", "geometry": {"type": "Point", "coordinates": [130.8569444, 32.4416667]}, "properties": {"name": "五木宮園（いつきみやぞの）", "river_system": "球磨川", "river": "川辺川"}}, {"type": "Feature", "geometry": {"type": "Point", "coordinates": [130.8469444, 32.4172222]}, "properties": {"name": "神屋敷（かみやしき）", "river_system": "球磨川", "river": "川辺川"}}, {"type": "Feature", "geometry": {"type": "Point", "coordinates": [130.8461111, 32.3052778]}, "properties": {"name": "四浦（ようら）", "river_system": "球磨川", "river": "川辺川"}}, {"type": "Feature", "geometry": {"type": "Point", "coordinates": [130.7938889, 32.2241667]}, "properties": {"name": "柳瀬（やなせ）", "river_system": "球磨川", "river": "川辺川"}}, {"type": "Feature", "geometry": {"type": "Point", "coordinates": [130.7986111, 32.4]}, "properties": {"name": "元井谷（もといだに）", "river_system": "球磨川", "river": "五木小川"}}, {"type": "Feature", "geometry": {"type": "Point", "coordinates": [130.8705556, 32.05]}, "properties": {"name": "飯野（いいの）", "river_system": "川内川", "river": "川内川"}}, {"type": "Feature", "geometry": {"type": "Point", "coordinates": [130.7805556, 32.0591667]}, "properties": {"name": "上真幸（かみまさき）", "river_system": "川内川", "river": "川内川"}}, {"type": "Feature", "geometry": {"type": "Point", "coordinates": [130.7638889, 32.0505556]}, "properties": {"name": "真幸（まさき）", "river_system": "川内川", "river": "川内川"}}, {"type": "Feature", "geometry": {"type": "Point", "coordinates": [130.7416667, 32.0122222]}, "properties": {"name": "吉松（よしまつ）", "river_system": "川内川", "river": "川内川"}}, {"type": "Feature", "geometry": {"type": "Point", "coordinates": [130.7161111, 31.9527778]}, "properties": {"name": "栗野橋（くりのはし）", "river_system": "川内川", "river": "川内川"}}, {"type": "Feature", "geometry": {"type": "Point", "coordinates": [130.6658333, 31.9847222]}, "properties": {"name": "湯之尾（ゆのお）", "river_system": "川内川", "river": "川内川"}}, {"type": "Feature", "geometry": {"type": "Point", "coordinates": [130.6286111, 32.0058333]}, "properties": {"name": "荒田（あらた）", "river_system": "川内川", "river": "川内川"}}, {"type": "Feature", "geometry": {"type": "Point", "coordinates": [130.4669444, 31.9369444]}, "properties": {"name": "湯田（ゆだ）", "river_system": "川内川", "river": "川内川"}}, {"type": "Feature", "geometry": {"type": "Point", "coordinates": [130.4544444, 31.9086111]}, "properties": {"name": "宮之城（みやのじょう）", "river_system": "川内川", "river": "川内川"}}, {"type": "Feature", "geometry": {"type": "Point", "coordinates": [130.3894444, 31.8561111]}, "properties": {"name": "倉野橋（くらのばし）", "river_system": "川内川", "river": "川内川"}}, {"type": "Feature", "geometry": {"type": "Point", "coordinates": [130.3358333, 31.8625]}, "properties": {"name": "斧渕（おのぶち）", "river_system": "川内川", "river": "川内川"}}, {"type": "Feature", "geometry": {"type": "Point", "coordinates": [130.3105556, 31.8233333]}, "properties": {"name": "川内（せんだい）", "river_system": "川内川", "river": "川内川"}}, {"type": "Feature", "geometry": {"type": "Point", "coordinates": [130.2077778, 31.8386111]}, "properties": {"name": "久見崎（ぐみざき）", "river_system": "川内川", "river": "川内川"}}, {"type": "Feature", "geometry": {"type": "Point", "coordinates": [130.6152778, 32.0322222]}, "properties": {"name": "花北（はなきた）", "river_system": "川内川", "river": "羽月川"}}, {"type": "Feature", "geometry": {"type": "Point", "coordinates": [130.5988889, 32.0155556]}, "properties": {"name": "鈴之瀬（すずのせ）", "river_system": "川内川", "river": "川内川"}}, {"type": "Feature", "geometry": {"type": "Point", "coordinates": [130.8563889, 31.3977778]}, "properties": {"name": "王子橋（おうじばし）", "river_system": "肝属川", "river": "肝属川"}}, {"type": "Feature", "geometry": {"type": "Point", "coordinates": [130.8522222, 31.3841667]}, "properties": {"name": "朝日橋（あさひばし）", "river_system": "肝属川", "river": "肝属川"}}, {"type": "Feature", "geometry": {"type": "Point", "coordinates": [130.8836111, 31.3655556]}, "properties": {"name": "大正橋（たいしょうばし）", "river_system": "肝属川", "river": "肝属川"}}, {"type": "Feature", "geometry": {"type": "Point", "coordinates": [130.9016667, 31.3561111]}, "properties": {"name": "馬込橋（まごめばし）", "river_system": "肝属川", "river": "肝属川"}}, {"type": "Feature", "geometry": {"type": "Point", "coordinates": [130.9480556, 31.3616667]}, "properties": {"name": "高良橋（たからばし）", "river_system": "肝属川", "river": "肝属川"}}, {"type": "Feature", "geometry": {"type": "Point", "coordinates": [130.9738889, 31.3611111]}, "properties": {"name": "俣瀬（またせ）", "river_system": "肝属川", "river": "肝属川"}}, {"type": "Feature", "geometry": {"type": "Point", "coordinates": [131.0127778, 31.3569444]}, "properties": {"name": "波見（はみ）", "river_system": "肝属川", "river": "肝属川"}}, {"type": "Feature", "geometry": {"type": "Point", "coordinates": [130.8497222, 31.3775]}, "properties": {"name": "鉄道橋（てつどうばし）", "river_system": "肝属川", "river": "下谷川"}}, {"type": "Feature", "geometry": {"type": "Point", "coordinates": [130.8575, 31.3744444]}, "properties": {"name": "田崎大橋（たさきおおはし）", "river_system": "肝属川", "river": "下谷川"}}, {"type": "Feature", "geometry": {"type": "Point", "coordinates": [130.9027778, 31.3447222]}, "properties": {"name": "姶良橋（あいらばし）", "river_system": "肝属川", "river": "姶良川"}}, {"type": "Feature", "geometry": {"type": "Point", "coordinates": [130.9583333, 31.2975]}, "properties": {"name": "川添下橋（かわぞえしたばし）", "river_system": "肝属川", "river": "高山川"}}, {"type": "Feature", "geometry": {"type": "Point", "coordinates": [130.9438889, 31.3469444]}, "properties": {"name": "高山橋（こうやまばし）", "river_system": "肝属川", "river": "高山川"}}, {"type": "Feature", "geometry": {"type": "Point", "coordinates": [130.9616667, 31.3916667]}, "properties": {"name": "豊栄（ほうえい）", "river_system": "肝属川", "river": "串良川"}}, {"type": "Feature", "geometry": {"type": "Point", "coordinates": [131.0522222, 31.72]}, "properties": {"name": "岳下（たけした）", "river_system": "大淀川", "river": "大淀川"}}, {"type": "Feature", "geometry": {"type": "Point", "coordinates": [131.0663889, 31.7666667]}, "properties": {"name": "乙房（おとぼう）", "river_system": "大淀川", "river": "大淀川"}}, {"type": "Feature", "geometry": {"type": "Point", "coordinates": [131.0769444, 31.7836111]}, "properties": {"name": "広瀬（ひろせ）", "river_system": "大淀川", "river": "大淀川"}}, {"type": "Feature", "geometry": {"type": "Point", "coordinates": [131.1166667, 31.8075]}, "properties": {"name": "王子橋（おうじばし）", "river_system": "大淀川", "river": "大淀川"}}, {"type": "Feature", "geometry": {"type": "Point", "coordinates": [131.1130556, 31.8597222]}, "properties": {"name": "樋渡（ひわたし）", "river_system": "大淀川", "river": "大淀川"}}, {"type": "Feature", "geometry": {"type": "Point", "coordinates": [131.3011111, 31.9547222]}, "properties": {"name": "高岡（たかおか）", "river_system": "大淀川", "river": "大淀川"}}, {"type": "Feature", "geometry": {"type": "Point", "coordinates": [131.3986111, 31.9547222]}, "properties": {"name": "柏田（かしわだ）", "river_system": "大淀川", "river": "大淀川"}}, {"type": "Feature", "geometry": {"type": "Point", "coordinates": [131.4213889, 31.9069444]}, "properties": {"name": "宮崎（みやざき）", "river_system": "大淀川", "river": "大淀川"}}, {"type": "Feature", "geometry": {"type": "Point", "coordinates": [131.4497222, 31.8908333]}, "properties": {"name": "姥ヶ島（うばがしま）", "river_system": "大淀川", "river": "大淀川"}}, {"type": "Feature", "geometry": {"type": "Point", "coordinates": [131.2458333, 31.9938889]}, "properties": {"name": "綾南橋（あやみなみばし）", "river_system": "大淀川", "river": "本庄川"}}, {"type": "Feature", "geometry": {"type": "Point", "coordinates": [131.3188889, 31.9844444]}, "properties": {"name": "嵐田（あらしだ）", "river_system": "大淀川", "river": "本庄川"}}, {"type": "Feature", "geometry": {"type": "Point", "coordinates": [131.3730556, 31.9597222]}, "properties": {"name": "柳瀬（やなせ）", "river_system": "大淀川", "river": "本庄川"}}, {"type": "Feature", "geometry": {"type": "Point", "coordinates": [131.2688889, 32.0027778]}, "properties": {"name": "入野橋（いりのばし）", "river_system": "大淀川", "river": "綾北川"}}, {"type": "Feature", "geometry": {"type": "Point", "coordinates": [131.3527778, 31.9886111]}, "properties": {"name": "太田原（おおたばる）", "river_system": "大淀川", "river": "深年川"}}, {"type": "Feature", "geometry": {"type": "Point", "coordinates": [131.4738889, 32.1630556]}, "properties": {"name": "高城（たかじょう）", "river_system": "小丸川", "river": "小丸川"}}, {"type": "Feature", "geometry": {"type": "Point", "coordinates": [131.5155556, 32.1386111]}, "properties": {"name": "小丸大橋（おまるおおはし）", "river_system": "小丸川", "river": "小丸川"}}, {"type": "Feature", "geometry": {"type": "Point", "coordinates": [131.5252778, 32.1297222]}, "properties": {"name": "御屋敷（おやしき）", "river_system": "小丸川", "river": "小丸川"}}, {"type": "Feature", "geometry": {"type": "Point", "coordinates": [131.5091667, 32.1213889]}, "properties": {"name": "欄干橋（らんかんばし）", "river_system": "小丸川", "river": "宮田川"}}, {"type": "Feature", "geometry": {"type": "Point", "coordinates": [131.4697222, 32.6038889]}, "properties": {"name": "巳（み）", "river_system": "五ヶ瀬川", "river": "五ヶ瀬川"}}, {"type": "Feature", "geometry": {"type": "Point", "coordinates": [131.6191667, 32.5630556]}, "properties": {"name": "三輪（みわ）", "river_system": "五ヶ瀬川", "river": "五ヶ瀬川"}}, {"type": "Feature", "geometry": {"type": "Point", "coordinates": [131.6391667, 32.5816667]}, "properties": {"name": "松山（まつやま）", "river_system": "五ヶ瀬川", "river": "五ヶ瀬川"}}, {"type": "Feature", "geometry": {"type": "Point", "coordinates": [131.6655556, 32.5786111]}, "properties": {"name": "三ツ瀬（みつぜ）", "river_system": "五ヶ瀬川", "river": "大瀬川"}}, {"type": "Feature", "geometry": {"type": "Point", "coordinates": [131.6966667, 32.5819444]}, "properties": {"name": "鷺島（さぎしま）", "river_system": "五ヶ瀬川", "river": "大瀬川"}}, {"type": "Feature", "geometry": {"type": "Point", "coordinates": [131.6308333, 32.6102778]}, "properties": {"name": "佐野（さの）", "river_system": "五ヶ瀬川", "river": "祝子川"}}, {"type": "Feature", "geometry": {"type": "Point", "coordinates": [131.6769444, 32.6]}, "properties": {"name": "祝子（ほうり）", "river_system": "五ヶ瀬川", "river": "祝子川"}}, {"type": "Feature", "geometry": {"type": "Point", "coordinates": [131.6963889, 32.6841667]}, "properties": {"name": "熊田（くまた）", "river_system": "五ヶ瀬川", "river": "北川"}}, {"type": "Feature", "geometry": {"type": "Point", "coordinates": [131.7016667, 32.6741667]}, "properties": {"name": "長井（ながい）", "river_system": "五ヶ瀬川", "river": "北川"}}, {"type": "Feature", "geometry": {"type": "Point", "coordinates": [131.7708333, 32.9486111]}, "properties": {"name": "小川橋（おがわばし）", "river_system": "番匠川", "river": "番匠川"}}, {"type": "Feature", "geometry": {"type": "Point", "coordinates": [131.8155889, 32.9612528]}, "properties": {"name": "白山（しろやま）", "river_system": "番匠川", "river": "番匠川"}}, {"type": "Feature", "geometry": {"type": "Point", "coordinates": [131.8458333, 32.9569444]}, "properties": {"name": "番匠橋（ばんじょうばし）", "river_system": "番匠川", "river": "番匠川"}}, {"type": "Feature", "geometry": {"type": "Point", "coordinates": [131.8847222, 32.9533333]}, "properties": {"name": "長瀬橋（ながせばし）", "river_system": "番匠川", "river": "番匠川"}}, {"type": "Feature", "geometry": {"type": "Point", "coordinates": [131.9294444, 32.9630556]}, "properties": {"name": "灘（なだ）", "river_system": "番匠川", "river": "番匠川"}}, {"type": "Feature", "geometry": {"type": "Point", "coordinates": [131.7963889, 32.9116667]}, "properties": {"name": "間庭橋（まにわばし）", "river_system": "番匠川", "river": "久留須川"}}, {"type": "Feature", "geometry": {"type": "Point", "coordinates": [131.8466667, 32.9755556]}, "properties": {"name": "蕨野橋（わらびのばし）", "river_system": "番匠川", "river": "井崎川"}}, {"type": "Feature", "geometry": {"type": "Point", "coordinates": [131.8758333, 32.9280556]}, "properties": {"name": "堅田橋（かたたばし）", "river_system": "番匠川", "river": "堅田川"}}, {"type": "Feature", "geometry": {"type": "Point", "coordinates": [131.6363889, 33.0744444]}, "properties": {"name": "犬飼（いぬかい）", "river_system": "大野川", "river": "大野川"}}, {"type": "Feature", "geometry": {"type": "Point", "coordinates": [131.6488889, 33.1616667]}, "properties": {"name": "白滝橋（しらたきばし）", "river_system": "大野川", "river": "大野川"}}, {"type": "Feature", "geometry": {"type": "Point", "coordinates": [131.6819444, 33.1938889]}, "properties": {"name": "大津留（おおつる）", "river_system": "大野川", "river": "大野川"}}, {"type": "Feature", "geometry": {"type": "Point", "coordinates": [131.7011111, 33.2622222]}, "properties": {"name": "家島（いえじま）", "river_system": "大野川", "river": "大野川"}}, {"type": "Feature", "geometry": {"type": "Point", "coordinates": [131.6997222, 33.2383333]}, "properties": {"name": "鶴崎橋（つるさきばし）", "river_system": "大野川", "river": "大野川"}}, {"type": "Feature", "geometry": {"type": "Point", "coordinates": [131.6816667, 33.2144444]}, "properties": {"name": "高田橋（たかだばし）", "river_system": "大野川", "river": "乙津川"}}, {"type": "Feature", "geometry": {"type": "Point", "coordinates": [131.6736111, 33.2547222]}, "properties": {"name": "海原（かいばら）", "river_system": "大野川", "river": "乙津川"}}, {"type": "Feature", "geometry": {"type": "Point", "coordinates": [131.6386111, 33.1688889]}, "properties": {"name": "昆布刈橋（こぶかりばし）", "river_system": "大野川", "river": "判田川"}}, {"type": "Feature", "geometry": {"type": "Point", "coordinates": [131.5116667, 33.1952778]}, "properties": {"name": "同尻（どうじり）", "river_system": "大分川", "river": "大分川"}}, {"type": "Feature", "geometry": {"type": "Point", "coordinates": [131.5866667, 33.2047222]}, "properties": {"name": "明磧橋（あけがわらばし）", "river_system": "大分川", "river": "大分川"}}, {"type": "Feature", "geometry": {"type": "Point", "coordinates": [131.605, 33.2019444]}, "properties": {"name": "府内大橋（ふないおおはし）", "river_system": "大分川", "river": "大分川"}}, {"type": "Feature", "geometry": {"type": "Point", "coordinates": [131.6152778, 33.2163889]}, "properties": {"name": "広瀬橋（ひろせばし）", "river_system": "大分川", "river": "大分川"}}, {"type": "Feature", "geometry": {"type": "Point", "coordinates": [131.6211111, 33.2475]}, "properties": {"name": "弁天島（べんてんじま）", "river_system": "大分川", "river": "大分川"}}, {"type": "Feature", "geometry": {"type": "Point", "coordinates": [131.5502778, 33.2152778]}, "properties": {"name": "宮苑（みやぞの）", "river_system": "大分川", "river": "賀来川"}}, {"type": "Feature", "geometry": {"type": "Point", "coordinates": [131.5536111, 33.1775]}, "properties": {"name": "胡麻鶴（ごまづる）", "river_system": "大分川", "river": "七瀬川"}}, {"type": "Feature", "geometry": {"type": "Point", "coordinates": [131.5036111, 33.1344444]}, "properties": {"name": "原村（はらむら）", "river_system": "大分川", "river": "七瀬川"}}, {"type": "Feature", "geometry": {"type": "Point", "coordinates": [131.0983333, 33.4291667]}, "properties": {"name": "下郷（しもごう）", "river_system": "山国川", "river": "山国川"}}, {"type": "Feature", "geometry": {"type": "Point", "coordinates": [131.1172222, 33.4494444]}, "properties": {"name": "柿坂（かきさか）", "river_system": "山国川", "river": "山国川"}}, {"type": "Feature", "geometry": {"type": "Point", "coordinates": [131.1711111, 33.4930556]}, "properties": {"name": "上曽木（かみそぎ）", "river_system": "山国川", "river": "山国川"}}, {"type": "Feature", "geometry": {"type": "Point", "coordinates": [131.1683333, 33.5155556]}, "properties": {"name": "新原井（しんはらい）", "river_system": "山国川", "river": "山国川"}}, {"type": "Feature", "geometry": {"type": "Point", "coordinates": [131.1816667, 33.5697222]}, "properties": {"name": "下唐原（しもとうばる）", "river_system": "山国川", "river": "山国川"}}, {"type": "Feature", "geometry": {"type": "Point", "coordinates": [131.1791667, 33.5983333]}, "properties": {"name": "金谷（かなや）", "river_system": "山国川", "river": "山国川"}}, {"type": "Feature", "geometry": {"type": "Point", "coordinates": [131.1863889, 33.6161111]}, "properties": {"name": "小祝（こいわい）", "river_system": "山国川", "river": "山国川"}}, {"type": "Feature", "geometry": {"type": "Point", "coordinates": [131.1875, 33.6083333]}, "properties": {"name": "北門橋（きたもんばし）", "river_system": "山国川", "river": "中津川"}}, {"type": "Feature", "geometry": {"type": "Point", "coordinates": [131.1577778, 33.4144444]}, "properties": {"name": "馬場（ばば）", "river_system": "山国川", "river": "山移川"}}, {"type": "Feature", "geometry": {"type": "Point", "coordinates": [135.8552778, 33.8638889]}, "properties": {"name": "久重（クジュウ）", "river_system": "新宮川", "river": "北山川"}}, {"type": "Feature", "geometry": {"type": "Point", "coordinates": [128.0447222, 26.5769444]}, "properties": {"name": "大浦（廃止）（おおうら）", "river_system": "大浦川", "river": "大浦川"}}, {"type": "Feature", "geometry": {"type": "Point", "coordinates": [139.9241667, 38.1241667]}, "properties": {"name": "合地沢（がっちさわ）", "river_system": "最上川", "river": "置賜野川"}}, {"type": "Feature", "geometry": {"type": "Point", "coordinates": [139.9813889, 38.0952778]}, "properties": {"name": "平山（ひらやま）", "river_system": "最上川", "river": "置賜野川"}}]}